"","p_val","avg_log2FC","pct.1","pct.2","p_val_adj"
"ENSG00000038945",1.45127253421716e-150,1.17334966879855,0.623,0.25,1.6273118926177e-146
"ENSG00000105835",8.12430066750014e-146,12.4035216340365,0.241,0,9.10977833846791e-142
"ENSG00000120738",1.25500509263751e-144,4.84717304027333,0.252,0.006,1.40723721037444e-140
"ENSG00000130066",3.35514031153112e-142,0.972081013131688,0.836,0.516,3.76211883131985e-138
"ENSG00000075426",3.90981316844297e-133,8.31928899538217,0.224,0.001,4.38407350577511e-129
"ENSG00000059804",7.88625640540427e-124,3.48511976371902,0.251,0.02,8.84285930737981e-120
"ENSG00000197989",9.13821901101923e-121,3.00019561088795,0.26,0.028,1.02466849770559e-116
"ENSG00000221539",5.0488771199096e-117,6.69956895426739,0.205,0.003,5.66130591455464e-113
"ENSG00000281383",2.34671802001317e-115,-0.915391916901922,0.632,0.821,2.63137491584077e-111
"ENSG00000118785",8.08864196309179e-115,0.805091557533056,0.946,0.772,9.06979423321483e-111
"ENSG00000062716",8.50684590071189e-115,1.66908851404629,0.38,0.104,9.53872630846824e-111
"ENSG00000281181",7.19251279925551e-114,-0.896510345502057,0.636,0.817,8.0649646018052e-110
"ENSG00000135821",8.53858395344492e-113,1.78091501897307,0.374,0.111,9.57431418699779e-109
"ENSG00000280800",3.02829660226515e-112,-0.894232157289767,0.63,0.814,3.39562898011991e-108
"ENSG00000142089",1.89653987294813e-104,2.85405221874803,0.257,0.041,2.12659015953674e-100
"ENSG00000072274",7.22728084552987e-104,5.67139459680664,0.184,0.003,8.10395001209265e-100
"ENSG00000280614",9.20181248632919e-104,-0.892491775546087,0.637,0.803,1.03179923409209e-99
"ENSG00000147454",2.28405483145604e-103,1.03356987434821,0.496,0.211,2.56111068251166e-99
"ENSG00000103121",4.01897605657461e-98,1.76766454423537,0.257,0.046,4.50647785223711e-94
"ENSG00000137393",2.19186820485159e-96,2.50479769551128,0.222,0.027,2.45774181810009e-92
"ENSG00000130309",6.23733946867736e-94,1.60952248904759,0.318,0.088,6.99392874622793e-90
"ENSG00000086062",1.15251712081716e-93,0.619159215554777,0.605,0.289,1.29231744757229e-89
"ENSG00000033178",1.61284980481508e-93,2.36119314917712,0.232,0.035,1.80848848613915e-89
"ENSG00000223361",1.42719942664249e-92,1.08528429817922,0.579,0.317,1.60031871709423e-88
"ENSG00000226564",1.56750405822297e-91,1.14317916694609,0.492,0.227,1.75764230048542e-87
"ENSG00000149925",4.38537374550988e-90,2.23861954283458,0.239,0.042,4.91731958084023e-86
"ENSG00000219507",1.70554380643534e-88,1.24456566134572,0.45,0.197,1.91242627015595e-84
"ENSG00000167601",2.31272938930518e-85,0.792995287674874,0.474,0.203,2.5932634642279e-81
"ENSG00000230204",2.2545305296772e-84,1.30058164183724,0.415,0.175,2.52800508292704e-80
"ENSG00000232187",3.61092944733489e-84,1.20949778967205,0.422,0.177,4.04893518929661e-80
"ENSG00000229644",3.0121324574752e-83,10.9723794647435,0.145,0,3.37750412456695e-79
"ENSG00000177575",3.77019090295726e-82,1.68815697944842,0.264,0.066,4.22751505948598e-78
"ENSG00000234975",2.87100176968225e-80,1.14917597832148,0.47,0.237,3.2192542843447e-76
"ENSG00000202502",3.81411467266174e-79,1.69055679809077,0.281,0.079,4.27676678245561e-75
"ENSG00000187446",4.89282705761311e-78,1.32921417200707,0.295,0.087,5.48632697970158e-74
"ENSG00000113369",9.76859122814814e-78,2.74385452924391,0.179,0.02,1.09535213441225e-73
"ENSG00000204472",3.1989219006883e-77,0.812186689556518,0.591,0.33,3.58695112724179e-73
"ENSG00000162496",3.99908930816161e-77,1.13635340540058,0.309,0.097,4.48417884124162e-73
"ENSG00000143878",2.45084890559181e-75,2.272248439746,0.19,0.028,2.74813687784009e-71
"ENSG00000122862",5.74340559931088e-74,1.04121040957856,0.436,0.206,6.44008069850729e-70
"ENSG00000074800",7.37174149843616e-73,1.78901411066166,0.256,0.071,8.26593374219647e-69
"ENSG00000128016",4.08522875461205e-72,2.25580723250196,0.199,0.036,4.58076700254649e-68
"ENSG00000134333",8.08170887459608e-72,1.64655555132041,0.22,0.048,9.06202016108458e-68
"ENSG00000213453",1.67725985566427e-70,1.24380547414573,0.394,0.179,1.88071147615635e-66
"ENSG00000171223",3.537751477943e-70,3.39927892433001,0.142,0.008,3.96688073221749e-66
"ENSG00000198804",5.48799614570795e-70,0.614717852076249,0.629,0.351,6.15369007818233e-66
"ENSG00000018280",6.06362964553928e-69,1.82240422654822,0.234,0.061,6.79914792154319e-65
"ENSG00000173391",1.05113985761176e-66,0.747901645674041,0.44,0.21,1.17864312234007e-62
"ENSG00000143546",5.9852934152204e-66,11.5839368601917,0.116,0,6.71130950648664e-62
"ENSG00000262902",2.10350403251239e-65,1.38622071232071,0.288,0.099,2.35865907165614e-61
"ENSG00000158122",1.13385005735361e-64,1.68518635584564,0.182,0.033,1.2713860693106e-60
"ENSG00000237973",1.2743521517122e-64,0.621367720067268,0.557,0.306,1.42893106771489e-60
"ENSG00000276070",2.20351386220057e-64,11.1759483735074,0.113,0,2.4708000936855e-60
"ENSG00000111669",2.24941012694969e-64,2.23729349900671,0.224,0.062,2.52226357534869e-60
"ENSG00000108518",1.26302449773047e-63,0.824355628618085,0.433,0.21,1.41622936930517e-59
"ENSG00000025708",2.0057898788669e-63,2.59241400580214,0.145,0.015,2.24909219117346e-59
"ENSG00000132507",1.61890976253487e-61,0.455145886085925,0.699,0.42,1.81528351673035e-57
"ENSG00000185201",2.42114321099564e-61,1.81475566704074,0.21,0.054,2.71482788248942e-57
"ENSG00000011422",2.04586235465792e-60,3.75495000629526,0.132,0.011,2.29402545827792e-56
"ENSG00000108788",8.39034813059399e-60,1.23606013213071,0.185,0.04,9.40809735883504e-56
"ENSG00000124762",2.31938710538931e-58,4.28105560217113,0.115,0.005,2.60072876127303e-54
"ENSG00000275302",5.4531010693163e-58,11.2472117633763,0.102,0,6.11456222902437e-54
"ENSG00000163220",1.133912879027e-57,4.6547934577361,0.114,0.005,1.27145651125298e-53
"ENSG00000138670",1.25877019378097e-56,0.657597438863336,0.257,0.087,1.4114590182866e-52
"ENSG00000163466",3.02344472576421e-56,0.82497558483619,0.399,0.194,3.3901885709994e-52
"ENSG00000171051",1.24814355089392e-55,1.2287272809531,0.27,0.101,1.39954336361735e-51
"ENSG00000158869",6.54092696583263e-54,0.856170070176523,0.365,0.172,7.33434140678813e-50
"ENSG00000151726",1.33063163676953e-53,1.42516446946287,0.191,0.05,1.49203725430967e-49
"ENSG00000241553",1.98046764445469e-53,0.409992682919374,0.431,0.214,2.22069836972704e-49
"ENSG00000274917",1.10322075284904e-52,1.30667320863893,0.255,0.094,1.23704143016962e-48
"ENSG00000109046",3.67070461826617e-52,0.458602418737208,0.521,0.297,4.11596108846185e-48
"ENSG00000278189",8.01077563768987e-52,1.3369821166721,0.254,0.094,8.98248272254166e-48
"ENSG00000273730",1.30546264242926e-51,1.29977664488497,0.252,0.094,1.46381526095593e-47
"ENSG00000132475",3.15827231454375e-51,0.870180449088613,0.362,0.176,3.54137074629791e-47
"ENSG00000135048",3.36398991460449e-51,4.7678265131718,0.097,0.003,3.77204189124602e-47
"ENSG00000112149",5.08416253016569e-51,4.28901620020756,0.098,0.003,5.70087144507479e-47
"ENSG00000276700",7.64007345020278e-51,1.25606169801156,0.25,0.093,8.56681435971238e-47
"ENSG00000131873",7.6444151882968e-51,2.4909073983805,0.118,0.013,8.5716827506372e-47
"ENSG00000277739",1.44328467231406e-50,1.24996342364379,0.252,0.094,1.61835510306575e-46
"ENSG00000197461",1.79597789587107e-50,0.493104206870633,0.43,0.22,2.01383001464023e-46
"ENSG00000275757",9.16273002033756e-50,1.24036775080056,0.254,0.097,1.02741691718045e-45
"ENSG00000276085",1.52688161140596e-49,11.3738577002941,0.088,0,1.7120923508695e-45
"ENSG00000147872",1.58020276947811e-49,6.1211911172368,0.094,0.003,1.77188136541581e-45
"ENSG00000146192",1.02512501861957e-48,0.584658152344964,0.647,0.417,1.14947268337813e-44
"ENSG00000105697",1.16197618436332e-48,0.775795873976343,0.386,0.193,1.30292389552659e-44
"ENSG00000242960",1.18029570648233e-48,1.02166367455443,0.272,0.112,1.32346557567863e-44
"ENSG00000087086",1.18244313708666e-48,0.450390567533241,0.898,0.76,1.32587348961527e-44
"ENSG00000197930",1.25907927299661e-48,1.34558640752321,0.164,0.039,1.4118055888111e-44
"ENSG00000275215",1.52717120314012e-48,1.21015072030458,0.252,0.097,1.71241707008102e-44
"ENSG00000177885",1.00186174427153e-47,1.23077238032193,0.244,0.093,1.12338757385166e-43
"ENSG00000172757",2.23809842121264e-47,0.802453438566987,0.362,0.185,2.50957975970574e-43
"ENSG00000092841",4.62909165329375e-47,0.814492562288435,0.295,0.128,5.19060047083828e-43
"ENSG00000278233",1.24299713497921e-46,1.22669280373677,0.246,0.097,1.39377268745219e-42
"ENSG00000254415",7.31459946568974e-46,0.546407367212408,0.429,0.226,8.20186038087791e-42
"ENSG00000159377",9.31844808093624e-46,0.986721828102148,0.195,0.061,1.04487758331538e-41
"ENSG00000150347",9.54442711645435e-46,3.39233863739629,0.1,0.008,1.07021661256803e-41
"ENSG00000112715",2.01287644765297e-45,3.41159423874663,0.093,0.005,2.25703836075327e-41
"ENSG00000118515",3.05680539407628e-45,0.753263129978305,0.25,0.098,3.42759588837773e-41
"ENSG00000183077",4.60368779044049e-45,1.24432486346863,0.178,0.052,5.16211511942092e-41
"ENSG00000112081",8.74338713855101e-45,0.312919360461417,0.513,0.299,9.80395999845725e-41
"ENSG00000197405",1.455860770416e-44,1.54333569178628,0.141,0.031,1.63245668186746e-40
"ENSG00000169122",1.52227297808329e-44,11.1165337148568,0.079,0,1.7069246903248e-40
"ENSG00000142669",2.69118014779656e-44,1.39488869838846,0.173,0.05,3.01762029972428e-40
"ENSG00000034510",4.84637235934113e-44,0.712363553527043,0.419,0.235,5.43423732652921e-40
"ENSG00000224411",6.44027648935388e-44,-1.6836498753104,0.264,0.392,7.22148202751251e-40
"ENSG00000154639",1.9322236185248e-43,4.67711553999276,0.09,0.006,2.16660234345186e-39
"ENSG00000100644",2.40809273867217e-43,0.693149890835103,0.295,0.136,2.7001943878731e-39
"ENSG00000027697",2.58293235013566e-43,-1.1089187554493,0.392,0.522,2.89624204420711e-39
"ENSG00000143158",2.89487750962814e-43,1.83651417101214,0.154,0.04,3.24602615154604e-39
"ENSG00000005022",3.73870228403793e-43,2.12846600953803,0.11,0.015,4.19220687109173e-39
"ENSG00000128524",6.40737944768612e-43,3.43693905534762,0.096,0.008,7.18459457469045e-39
"ENSG00000120694",8.6256374831833e-43,-1.55797153140919,0.174,0.31,9.67192730989344e-39
"ENSG00000092010",1.72147431915245e-42,1.08262069192237,0.184,0.058,1.93028915406564e-38
"ENSG00000168461",3.21578042126871e-42,1.1609587068147,0.183,0.059,3.60585458636861e-38
"ENSG00000143333",1.03245703282316e-41,2.45260754334215,0.115,0.019,1.15769407090461e-37
"ENSG00000118985",1.32727674175696e-41,0.987744045056461,0.194,0.067,1.48827541053207e-37
"ENSG00000070831",1.50211027386363e-41,0.287790533365928,0.493,0.282,1.68431625008329e-37
"ENSG00000105220",1.86284849120142e-41,2.3468980375998,0.117,0.021,2.08881201318415e-37
"ENSG00000229119",2.12750999888377e-41,1.35072835958439,0.193,0.068,2.38557696174838e-37
"ENSG00000108953",3.38142562283423e-41,0.30584902824742,0.534,0.316,3.79159255088402e-37
"ENSG00000203875",1.21303749280391e-40,3.17015817638087,0.098,0.012,1.36017894068103e-36
"ENSG00000197249",1.44420474327808e-40,1.60077049730142,0.135,0.032,1.61938677863771e-36
"ENSG00000130844",2.09574506985178e-40,4.6352260888886,0.081,0.004,2.34995894682481e-36
"ENSG00000125148",2.41851247934429e-40,10.7289155045038,0.072,0,2.71187804308876e-36
"ENSG00000198668",7.81074723141369e-40,0.850062727771097,0.301,0.149,8.75819087058417e-36
"ENSG00000067225",8.57828565167753e-40,0.355788949573525,0.301,0.141,9.61883170122601e-36
"ENSG00000181467",1.56674733198527e-39,0.701617152024081,0.268,0.122,1.75679378335509e-35
"ENSG00000160221",1.59103337494681e-39,1.51412257849446,0.147,0.039,1.78402572332785e-35
"ENSG00000213553",2.246269983e-39,1.4275085132988,0.182,0.063,2.5187425319379e-35
"ENSG00000165685",2.39866708369977e-39,5.69605823310903,0.076,0.003,2.68962540095255e-35
"ENSG00000187608",2.39928202615128e-39,2.58189737730905,0.095,0.011,2.69031493592342e-35
"ENSG00000173262",2.69660571716716e-39,5.91306311977854,0.075,0.002,3.02370399065954e-35
"ENSG00000105639",3.15900391653545e-39,1.07216219885752,0.184,0.063,3.5421910916112e-35
"ENSG00000090487",3.94627314096101e-39,1.49482840669973,0.101,0.014,4.42495607295958e-35
"ENSG00000051523",5.42870391750917e-39,0.880422842023082,0.288,0.142,6.08720570270303e-35
"ENSG00000102580",8.12582459093169e-39,0.620296452645104,0.315,0.157,9.1114871138117e-35
"ENSG00000100911",9.67107541060874e-39,2.65499844602007,0.096,0.012,1.08441768579156e-34
"ENSG00000181359",3.25600136180769e-38,-2.04455742142347,0.121,0.233,3.65095432699496e-34
"ENSG00000102755",3.48972569759306e-38,3.78351604713574,0.076,0.003,3.9130294247111e-34
"ENSG00000275395",4.9250024585216e-38,0.717630208123836,0.227,0.094,5.52240525674027e-34
"ENSG00000132334",7.14994711102341e-38,0.837484366693703,0.236,0.102,8.01723569559055e-34
"ENSG00000089157",1.14935928639046e-37,1.21179004676749,0.23,0.101,1.28877656782963e-33
"ENSG00000173436",1.67249420441067e-37,2.12146563234325,0.101,0.016,1.87536775140569e-33
"ENSG00000119705",3.14463647291673e-37,3.04631099654194,0.091,0.011,3.52608087708153e-33
"ENSG00000118640",4.95749224475302e-37,2.33276296053185,0.112,0.023,5.55883605404156e-33
"ENSG00000189043",5.01476303116398e-37,1.92844047921786,0.118,0.026,5.62305378684417e-33
"ENSG00000131469",1.55321185186711e-36,0.568132077434519,0.414,0.245,1.74161644949859e-32
"ENSG00000028137",3.56100412866527e-36,1.24937066721169,0.171,0.06,3.99295392947236e-32
"ENSG00000119335",5.37046665245068e-36,0.180655901467804,0.657,0.425,6.02190425739295e-32
"ENSG00000151893",7.59315816174278e-36,1.46382548914503,0.115,0.025,8.51420824676218e-32
"ENSG00000253626",1.23508043402765e-35,0.432184685338165,0.533,0.344,1.3848956906752e-31
"ENSG00000143774",1.49076366798303e-35,2.46298327791173,0.083,0.008,1.67159330090937e-31
"ENSG00000143549",2.88604958947756e-35,0.945060046022813,0.195,0.076,3.23612740468119e-31
"ENSG00000054148",3.07644893888892e-35,2.42208598079035,0.085,0.01,3.44962219517615e-31
"ENSG00000135077",3.72262232873629e-35,0.866000601119931,0.177,0.064,4.174176417212e-31
"ENSG00000161791",4.43036439092994e-35,-0.769588319718029,0.563,0.635,4.96776759154974e-31
"ENSG00000213719",6.06873604983107e-35,1.96594730223397,0.107,0.022,6.80487373267558e-31
"ENSG00000215114",6.95233013556265e-35,1.41201095851978,0.129,0.034,7.7956477810064e-31
"ENSG00000104951",1.06560132655663e-34,9.95927423565033,0.062,0,1.19485876746795e-30
"ENSG00000179912",1.18427365224804e-34,0.542269004091926,0.241,0.107,1.32792604626573e-30
"ENSG00000266563",1.20366728537957e-34,1.24988062671755,0.118,0.028,1.34967212709611e-30
"ENSG00000125691",2.01661977534428e-34,0.450213260706953,0.489,0.314,2.26123575409354e-30
"ENSG00000272196",2.72666439343385e-34,2.21828847935773,0.106,0.022,3.05740878435738e-30
"ENSG00000165527",4.19267974890889e-34,0.355794605186049,0.32,0.165,4.70125180245154e-30
"ENSG00000205352",5.16507330066001e-34,2.22077595181228,0.107,0.023,5.79159669203007e-30
"ENSG00000090266",5.58896669828689e-34,0.828779128968276,0.201,0.082,6.26690835878909e-30
"ENSG00000081320",7.03888625252996e-34,1.14587270062233,0.133,0.038,7.89270315496185e-30
"ENSG00000112308",9.9580836254004e-34,0.285721749648811,0.528,0.332,1.11659991691615e-29
"ENSG00000172243",1.20947062453349e-33,0.298708127723295,0.527,0.337,1.35617941128941e-29
"ENSG00000102144",1.73556067392402e-33,1.77537349192651,0.137,0.042,1.946084183671e-29
"ENSG00000130741",2.0450981239892e-33,0.270655865163965,0.393,0.225,2.29316852642909e-29
"ENSG00000198814",2.14726699928464e-33,4.51183550389405,0.068,0.004,2.40773048629787e-29
"ENSG00000108639",2.24817126713524e-33,1.27953074956078,0.13,0.037,2.52087444183875e-29
"ENSG00000145495",2.42421631636885e-33,0.586022580824611,0.199,0.081,2.7182737555444e-29
"ENSG00000152518",2.8734743628432e-33,-1.3338109464006,0.182,0.304,3.22202680305608e-29
"ENSG00000169905",3.25438966534601e-33,0.526411413055416,0.224,0.099,3.64914713175248e-29
"ENSG00000143384",3.66348990352078e-33,1.35820553988654,0.128,0.036,4.10787122881785e-29
"ENSG00000227376",5.16497753221645e-33,0.95531577180355,0.233,0.111,5.7914893068743e-29
"ENSG00000164733",5.85534581107864e-33,0.306801654494989,0.685,0.505,6.56559925796248e-29
"ENSG00000144674",9.38221453119586e-33,1.0065956056803,0.251,0.122,1.05202771538299e-28
"ENSG00000142534",1.07819684332218e-32,0.275983325594209,0.547,0.368,1.20898212041717e-28
"ENSG00000115421",1.96408353472101e-32,1.53972592857284,0.091,0.015,2.20232686748267e-28
"ENSG00000111775",2.31381842577625e-32,1.16861989148874,0.134,0.041,2.59448460082291e-28
"ENSG00000273338",2.42562905105117e-32,9.5102461692101,0.057,0,2.71985785494368e-28
"ENSG00000124172",3.12000765394476e-32,0.552866964263424,0.335,0.188,3.49846458236826e-28
"ENSG00000203812",4.25737735182877e-32,1.87225298159672,0.108,0.025,4.7737972246056e-28
"ENSG00000119508",4.77244309825469e-32,10.0101194467234,0.057,0,5.35134044607298e-28
"ENSG00000157778",6.4957163480907e-32,2.67015987899799,0.077,0.009,7.2836467411141e-28
"ENSG00000169756",8.53472721727028e-32,1.17238996593293,0.14,0.045,9.56998962872516e-28
"ENSG00000131446",8.88709627389415e-32,1.13502413189617,0.12,0.033,9.96510105191751e-28
"ENSG00000167004",1.04601890618173e-31,1.0044231170255,0.176,0.069,1.17290099950157e-27
"ENSG00000226608",1.18023165225808e-31,0.445655574813846,0.534,0.365,1.32339375167699e-27
"ENSG00000163191",1.35449087269081e-31,0.417233856264989,0.405,0.242,1.51879061554821e-27
"ENSG00000104904",3.20838100542462e-31,0.447128847837555,0.352,0.204,3.59755762138263e-27
"ENSG00000168092",3.56290232096826e-31,1.1145380282857,0.124,0.036,3.99508237250171e-27
"ENSG00000213965",4.68009323322828e-31,2.55312701886758,0.082,0.012,5.24778854241887e-27
"ENSG00000101558",5.33620495336923e-31,1.28266996897293,0.162,0.061,5.98348661421292e-27
"ENSG00000092964",7.95459852462046e-31,0.517318377256346,0.342,0.197,8.91949132565692e-27
"ENSG00000142507",8.06018153411098e-31,1.79952497963596,0.099,0.022,9.03788155419864e-27
"ENSG00000168175",1.06169013320935e-30,1.66406380366858,0.109,0.028,1.19047314636765e-26
"ENSG00000174021",1.32302344876192e-30,1.57718416505285,0.112,0.03,1.48350619309674e-26
"ENSG00000260708",1.39788410542384e-30,9.97821579930379,0.054,0,1.56744744741175e-26
"ENSG00000108671",1.55026037373884e-30,1.37086402230767,0.1,0.022,1.73830695707336e-26
"ENSG00000180879",2.24282308528509e-30,1.23910002141656,0.151,0.055,2.51487752553017e-26
"ENSG00000099817",3.69605953743643e-30,4.01067027526312,0.058,0.002,4.14439155932747e-26
"ENSG00000134352",4.63891049757789e-30,-0.852276553358796,0.231,0.356,5.20161034093408e-26
"ENSG00000184983",7.22688048597832e-30,3.6396857370793,0.061,0.003,8.1035010889275e-26
"ENSG00000119231",8.07605254231321e-30,1.12747793370687,0.127,0.039,9.0556777156958e-26
"ENSG00000125538",1.0127061299581e-29,5.48432470992312,0.059,0.003,1.13554738352202e-25
"ENSG00000118181",1.06380588369758e-29,0.31605865202111,0.47,0.297,1.1928455373901e-25
"ENSG00000105372",1.28049365134461e-29,0.351165245827795,0.496,0.338,1.43581753125272e-25
"ENSG00000154582",1.54373804704407e-29,2.21490946318678,0.084,0.015,1.73099347215051e-25
"ENSG00000167996",1.89109669892009e-29,1.25624646564699,0.09,0.018,2.1204867284991e-25
"ENSG00000099860",4.05641799226538e-29,9.99425581056806,0.051,0,4.54846149472718e-25
"ENSG00000051108",4.64918616514323e-29,0.715743776454316,0.251,0.128,5.21313244697511e-25
"ENSG00000164096",5.73470590208333e-29,1.474505442837,0.13,0.043,6.43032572800604e-25
"ENSG00000143401",6.09078243698456e-29,1.00566039809804,0.138,0.047,6.82959434659079e-25
"ENSG00000105669",7.29190908754712e-29,4.86311868860213,0.055,0.002,8.17641765986659e-25
"ENSG00000144580",9.76108775990446e-29,0.896649743181935,0.132,0.044,1.09451077051809e-24
"ENSG00000144597",1.0732065186309e-28,2.93126281249544,0.063,0.005,1.20338646934083e-24
"ENSG00000187840",1.09745848967023e-28,3.060000759431,0.066,0.007,1.23058020446723e-24
"ENSG00000120705",1.09883498070974e-28,2.43256007239616,0.068,0.008,1.23212366386983e-24
"ENSG00000164587",1.35412824868354e-28,0.501533691173263,0.401,0.254,1.51838400524885e-24
"ENSG00000265808",1.72775048393966e-28,0.46350375239179,0.251,0.126,1.93732661764154e-24
"ENSG00000137076",2.07515155611167e-28,0.778996109804565,0.181,0.078,2.32686743986801e-24
"ENSG00000091527",2.38619723920543e-28,1.22975812521005,0.122,0.038,2.67564296432105e-24
"ENSG00000228474",2.43505414591613e-28,1.85797792196183,0.087,0.018,2.73042621381575e-24
"ENSG00000177150",3.5984481723291e-28,4.51156088210691,0.055,0.002,4.03493993563262e-24
"ENSG00000205100",3.90976217206329e-28,-3.15336134829442,0.009,0.056,4.38401632353457e-24
"ENSG00000154328",3.96965103300632e-28,1.78619406754232,0.078,0.013,4.45116970330998e-24
"ENSG00000101182",5.26942806924205e-28,0.977905862097921,0.193,0.089,5.90860969404111e-24
"ENSG00000166710",5.5409633965388e-28,0.322464034850158,0.829,0.639,6.21308225653895e-24
"ENSG00000137312",7.90140077493258e-28,2.0564185303733,0.087,0.018,8.8598406889319e-24
"ENSG00000184557",8.33450315511769e-28,9.70907511877586,0.049,0,9.34547838783347e-24
"ENSG00000113811",8.78661573026988e-28,2.22719043236291,0.078,0.014,9.85243221835161e-24
"ENSG00000149311",9.38907745461507e-28,-1.04605544175642,0.169,0.282,1.05279725498599e-23
"ENSG00000095380",1.45710686198712e-27,6.38838062382761,0.052,0.001,1.63385392434616e-23
"ENSG00000153234",1.63022879472145e-27,10.0976854002235,0.049,0,1.82797554752116e-23
"ENSG00000166136",1.8429779784386e-27,2.02199893049288,0.079,0.014,2.0665312072232e-23
"ENSG00000169508",1.9205821714322e-27,2.28115419295464,0.07,0.01,2.15354878882692e-23
"ENSG00000134825",1.92851348263375e-27,1.70429648171246,0.089,0.02,2.16244216807723e-23
"ENSG00000162512",1.94014919946554e-27,-2.20283002455872,0.017,0.071,2.17548929736071e-23
"ENSG00000033867",2.21234322064803e-27,-1.34749351088211,0.097,0.192,2.48070045331264e-23
"ENSG00000141526",2.48340812005344e-27,1.09475789816039,0.113,0.034,2.78464552501592e-23
"ENSG00000155660",2.96807523198155e-27,0.480292624302704,0.34,0.201,3.32810275762091e-23
"ENSG00000115738",3.14444954123216e-27,1.73274078936796,0.105,0.03,3.52587127058362e-23
"ENSG00000095794",3.18686672865201e-27,10.0760778125268,0.048,0,3.5734336628375e-23
"ENSG00000132963",4.27815671943981e-27,0.732536675031984,0.182,0.08,4.79709712950786e-23
"ENSG00000078304",4.31517604456974e-27,0.670172884414314,0.175,0.075,4.83860689877605e-23
"ENSG00000136942",5.37422256549686e-27,0.613632378492275,0.297,0.172,6.02611576269163e-23
"ENSG00000155849",6.29883723718879e-27,-1.16299827593492,0.216,0.325,7.06288619405979e-23
"ENSG00000226976",7.16873187694205e-27,1.35850721730956,0.091,0.021,8.03829905361512e-23
"ENSG00000141552",1.11775983968367e-26,2.272331815655,0.077,0.014,1.2533441082373e-22
"ENSG00000184752",1.19721334109846e-26,2.63031676100683,0.076,0.014,1.3424353193737e-22
"ENSG00000176340",1.41867646651416e-26,1.62812286428459,0.092,0.022,1.59076192190233e-22
"ENSG00000188375",1.61540943079902e-26,1.00159299038635,0.151,0.06,1.81135859475494e-22
"ENSG00000140988",1.69332181555067e-26,0.507530569594376,0.302,0.175,1.89872175177697e-22
"ENSG00000134107",1.69348588693397e-26,2.07126954523802,0.093,0.023,1.89890572501906e-22
"ENSG00000159692",1.70971622890211e-26,0.252110217987793,0.333,0.192,1.91710480746794e-22
"ENSG00000128245",2.49233628825623e-26,-0.710438781796975,0.479,0.576,2.79465668002172e-22
"ENSG00000146376",2.69438220643766e-26,3.06199123682218,0.065,0.008,3.02121076807855e-22
"ENSG00000225131",2.8580053221227e-26,3.47511794580649,0.058,0.005,3.20468136769618e-22
"ENSG00000120063",3.03376149864433e-26,1.8632130367087,0.074,0.013,3.40175676842989e-22
"ENSG00000134109",3.44060466827813e-26,4.25465943232114,0.054,0.003,3.85795001454027e-22
"ENSG00000123562",3.61305124578641e-26,0.723950911171966,0.17,0.073,4.05131436190031e-22
"ENSG00000116741",5.21069279811274e-26,2.34800180080138,0.063,0.008,5.84274983452381e-22
"ENSG00000231500",6.38821361623676e-26,0.44600053148735,0.313,0.184,7.16310392788628e-22
"ENSG00000231434",6.69276590325895e-26,-2.74007352659957,0.018,0.07,7.50459840732426e-22
"ENSG00000168329",6.83979833973629e-26,-1.40122280590837,0.123,0.219,7.6694658783463e-22
"ENSG00000044574",7.01932457280465e-26,0.674442242151911,0.268,0.15,7.87076864348585e-22
"ENSG00000105640",7.5376949589985e-26,0.413847747418277,0.362,0.225,8.45201735752502e-22
"ENSG00000168894",7.74570944524941e-26,3.50155481821581,0.057,0.005,8.68526400095816e-22
"ENSG00000205423",7.97480970318241e-26,2.31428732717279,0.064,0.008,8.94215412017844e-22
"ENSG00000184260",1.1728896609036e-25,2.04008361362089,0.062,0.007,1.31516117677121e-21
"ENSG00000135404",1.43357742017682e-25,0.559857122595187,0.265,0.147,1.60747036124427e-21
"ENSG00000189343",1.83685451639178e-25,0.507153124108851,0.259,0.142,2.0596649692301e-21
"ENSG00000265972",1.87681855970665e-25,-1.1686561704002,0.105,0.198,2.10447665099907e-21
"ENSG00000124491",2.28483959080336e-25,7.86452963740984,0.047,0.001,2.5619906331678e-21
"ENSG00000100504",2.47835891978921e-25,0.560165269292955,0.196,0.093,2.77898385675964e-21
"ENSG00000184009",2.53067848040504e-25,0.525960811125079,0.308,0.18,2.83764978007817e-21
"ENSG00000130208",2.64459723585985e-25,0.603912049645333,0.264,0.147,2.96538688056965e-21
"ENSG00000103363",2.67672307395e-25,0.952713914943772,0.151,0.062,3.00140958282014e-21
"ENSG00000167460",3.0042745877456e-25,2.75217373271953,0.076,0.015,3.36869309523914e-21
"ENSG00000219451",3.469976509622e-25,0.637116646608837,0.225,0.115,3.89088466023915e-21
"ENSG00000169895",4.17832712464679e-25,1.88461076236136,0.075,0.015,4.68515820486644e-21
"ENSG00000115956",4.61998214232016e-25,1.20294408611859,0.127,0.046,5.18038597618359e-21
"ENSG00000170542",6.29808963846589e-25,0.146079987376369,0.689,0.481,7.0620479116118e-21
"ENSG00000131143",7.22671030206274e-25,0.968970514157309,0.137,0.053,8.10331026170295e-21
"ENSG00000150867",9.00336264139126e-25,0.322141312363241,0.228,0.117,1.0095470529792e-20
"ENSG00000117899",9.10111700591028e-25,2.72108006464623,0.062,0.008,1.02050824987272e-20
"ENSG00000138135",9.36047627086462e-25,10.1009811070613,0.044,0,1.04959020425205e-20
"ENSG00000232112",1.14607285667656e-24,0.335663081790472,0.285,0.159,1.28509149419143e-20
"ENSG00000119772",1.20653813006499e-24,-0.341981444165864,0.589,0.695,1.35289120524187e-20
"ENSG00000154723",1.25176734419618e-24,0.990606012649068,0.128,0.047,1.40360672304717e-20
"ENSG00000134248",1.31248715965386e-24,2.37700619412785,0.059,0.007,1.47169185211987e-20
"ENSG00000139083",1.37194606752035e-24,1.25993638035318,0.091,0.024,1.53836312551057e-20
"ENSG00000067798",1.67920516698635e-24,-1.38588172147608,0.083,0.167,1.8828927537418e-20
"ENSG00000198830",1.74504884209707e-24,0.941823613150783,0.141,0.056,1.95672326664345e-20
"ENSG00000082397",2.06794202241878e-24,1.90470678365662,0.071,0.013,2.31878338973817e-20
"ENSG00000237264",2.09543607507651e-24,0.994649612956442,0.151,0.065,2.3496124709833e-20
"ENSG00000240342",2.48044862505132e-24,0.51997759838803,0.219,0.113,2.78132704327004e-20
"ENSG00000167604",2.54403558894572e-24,9.53238514647934,0.043,0,2.85262710588483e-20
"ENSG00000229117",3.01306571136945e-24,0.284364018173519,0.457,0.308,3.37855058215857e-20
"ENSG00000079277",3.29002978385782e-24,0.438073773519469,0.284,0.163,3.68911039663978e-20
"ENSG00000101608",3.40931396368887e-24,0.898858007690506,0.119,0.042,3.82286374748433e-20
"ENSG00000275110",3.92910162810984e-24,-4.8445541751405,0.001,0.031,4.40570165559956e-20
"ENSG00000166503",3.98236302567971e-24,-3.57963265976244,0.007,0.046,4.46542366069466e-20
"ENSG00000138069",4.11955893072697e-24,0.86376886234615,0.12,0.042,4.61926142902416e-20
"ENSG00000169020",4.2266259131691e-24,0.629575003184322,0.185,0.088,4.73931563643651e-20
"ENSG00000100097",4.51738571437389e-24,1.32058820416552,0.09,0.025,5.06534460152744e-20
"ENSG00000065978",4.63279417220814e-24,0.317297946006492,0.363,0.224,5.19475210529699e-20
"ENSG00000127884",5.48006685281464e-24,4.81288498690715,0.047,0.002,6.14479896206106e-20
"ENSG00000228305",5.74370710521711e-24,5.31972426316067,0.046,0.002,6.44041877707994e-20
"ENSG00000166562",5.87855075251094e-24,3.49885364715731,0.05,0.003,6.59161895879052e-20
"ENSG00000160124",7.55949037640185e-24,0.884779123208051,0.145,0.06,8.47645655905939e-20
"ENSG00000175354",7.98331333725664e-24,0.906394225488064,0.13,0.05,8.95168924506587e-20
"ENSG00000173559",8.35048853627019e-24,0.730500025012584,0.127,0.047,9.36340279571977e-20
"ENSG00000168653",9.19049835085002e-24,3.90712377054708,0.051,0.004,1.03053058008081e-19
"ENSG00000075785",9.42909992375117e-24,1.59296507162221,0.082,0.02,1.05728497445022e-19
"ENSG00000143110",1.05177826783065e-23,0.78136414156298,0.19,0.094,1.17935897171851e-19
"ENSG00000133874",1.05197358521545e-23,0.169010779629453,0.249,0.132,1.17957798110208e-19
"ENSG00000006652",1.15361917169538e-23,2.08209967528945,0.065,0.011,1.29355317722203e-19
"ENSG00000157601",1.23790229912402e-23,2.34773863933026,0.051,0.004,1.38805984800776e-19
"ENSG00000169100",1.41200928662699e-23,2.15984770715917,0.065,0.011,1.58328601309484e-19
"ENSG00000164405",1.4775462656261e-23,0.94576583805381,0.137,0.056,1.65677262764655e-19
"ENSG00000188313",1.80792562621042e-23,0.902906309122898,0.172,0.08,2.02722700466975e-19
"ENSG00000204592",1.91527001409942e-23,0.267003256025219,0.357,0.223,2.14759226680968e-19
"ENSG00000205542",2.18588821211298e-23,0.269738665341272,0.925,0.844,2.45103645224228e-19
"ENSG00000104765",2.26679237514766e-23,1.51683817613744,0.093,0.028,2.54175429025307e-19
"ENSG00000176046",2.74580273708479e-23,3.12775759523163,0.053,0.005,3.07886860909318e-19
"ENSG00000169136",3.64844788204988e-23,9.26200876530438,0.041,0,4.09100461014253e-19
"ENSG00000112096",3.71823590090615e-23,1.19201992286661,0.125,0.048,4.16925791568607e-19
"ENSG00000213442",4.17427113955139e-23,0.356840580401028,0.338,0.209,4.68061022877898e-19
"ENSG00000144893",4.37168919608729e-23,-1.3882771783962,0.095,0.178,4.90197509557267e-19
"ENSG00000162511",4.55052796559389e-23,0.180708647307335,0.446,0.302,5.10250700782043e-19
"ENSG00000168214",4.66644421848707e-23,0.972221221941337,0.113,0.039,5.23248390218955e-19
"ENSG00000099901",6.76116564588181e-23,1.62946106606884,0.077,0.018,7.58129503872727e-19
"ENSG00000165732",7.35975095508277e-23,1.31320751737514,0.107,0.036,8.25248874593431e-19
"ENSG00000075142",9.37275823729049e-23,2.88482833087696,0.057,0.008,1.05096738114738e-18
"ENSG00000113732",9.47575588343144e-23,1.18111923812886,0.139,0.059,1.06251650720917e-18
"ENSG00000172531",1.02591990279826e-22,5.67114566314354,0.041,0,1.15036398700769e-18
"ENSG00000128335",1.0431872428627e-22,1.35021609576939,0.085,0.023,1.16972585542195e-18
"ENSG00000235508",1.40649568475413e-22,0.432730489631447,0.235,0.128,1.5771036113148e-18
"ENSG00000130830",1.92183710856618e-22,9.88761325052288,0.039,0,2.15495594983526e-18
"ENSG00000259865",2.52900415287489e-22,0.471155397011704,0.168,0.078,2.83577235661862e-18
"ENSG00000211459",3.15645150301524e-22,0.24978670030608,0.612,0.442,3.53932907033099e-18
"ENSG00000167283",3.22913345509184e-22,0.796162307103656,0.151,0.067,3.62082734319448e-18
"ENSG00000149212",3.38502584525027e-22,-1.97922739004763,0.029,0.084,3.79562948027913e-18
"ENSG00000117448",3.69865254422117e-22,3.59093110679463,0.05,0.005,4.1472990978352e-18
"ENSG00000148180",4.07299727983013e-22,-0.687771743074186,0.534,0.615,4.56705184987352e-18
"ENSG00000204103",4.18543508289656e-22,1.38142363152131,0.1,0.033,4.69312835845191e-18
"ENSG00000102096",5.45996685050794e-22,1.84604850065511,0.059,0.009,6.12226082947456e-18
"ENSG00000147894",6.01693201562178e-22,0.854749550507142,0.138,0.058,6.7467858691167e-18
"ENSG00000244509",6.46785197616555e-22,0.406586316645936,0.214,0.112,7.25240242087443e-18
"ENSG00000184840",6.49416738615494e-22,2.0842745829128,0.068,0.014,7.28190989009553e-18
"ENSG00000100219",7.34899635303687e-22,3.10191970157824,0.066,0.014,8.24042961066024e-18
"ENSG00000198695",8.71886315828568e-22,0.206690479768006,0.267,0.153,9.77646125938574e-18
"ENSG00000179262",1.0931410365504e-21,3.90632026451634,0.044,0.003,1.22573904428396e-17
"ENSG00000173113",1.12715630245224e-21,2.56034637707587,0.051,0.006,1.2638803619397e-17
"ENSG00000162493",1.14308196691791e-21,2.59594061566623,0.06,0.01,1.28173780950506e-17
"ENSG00000064225",1.24887705572678e-21,-2.19834754489504,0.033,0.089,1.40036584258643e-17
"ENSG00000067082",1.41143514214752e-21,0.272050786149182,0.544,0.394,1.58264222489002e-17
"ENSG00000126432",1.4205859557936e-21,2.30775528338484,0.054,0.007,1.59290303223136e-17
"ENSG00000216866",1.49332637378e-21,0.4817999852599,0.224,0.122,1.67446686291951e-17
"ENSG00000131871",1.57869808502904e-21,1.35437969697733,0.087,0.026,1.77019416274306e-17
"ENSG00000025800",1.84972692662448e-21,1.06405493769432,0.084,0.024,2.07409880282403e-17
"ENSG00000143771",1.96066192506647e-21,9.61769245910385,0.037,0,2.19849021657703e-17
"ENSG00000175606",1.96072263836301e-21,9.95563795132858,0.037,0,2.19855829439645e-17
"ENSG00000196183",2.24173682871532e-21,0.968248586035039,0.129,0.053,2.51365950603849e-17
"ENSG00000214078",2.3102231491651e-21,1.77965914166315,0.059,0.01,2.59045321715882e-17
"ENSG00000167468",2.46990723607566e-21,1.22664000356167,0.078,0.02,2.76950698381164e-17
"ENSG00000226986",2.72596675210811e-21,7.22018858960976,0.037,0,3.05662651913882e-17
"ENSG00000156411",3.38741366124767e-21,1.97621505784637,0.062,0.012,3.79830693835701e-17
"ENSG00000146830",3.47873521449534e-21,1.13707501080082,0.106,0.038,3.90070579601363e-17
"ENSG00000170525",3.56624905999372e-21,0.84330407802705,0.136,0.058,3.99883507097096e-17
"ENSG00000127540",3.62268650177737e-21,1.10724702804249,0.123,0.05,4.06211837444296e-17
"ENSG00000144867",3.64512420329432e-21,0.974183789560316,0.098,0.033,4.08727776915392e-17
"ENSG00000165312",3.80529777807773e-21,1.34670496798069,0.083,0.024,4.26688039855856e-17
"ENSG00000143977",4.27047640328867e-21,1.93890247921974,0.055,0.008,4.78848519100758e-17
"ENSG00000183955",4.86200489175117e-21,1.16066477184038,0.093,0.03,5.45176608512059e-17
"ENSG00000115307",5.02792613416885e-21,1.93280360782666,0.069,0.016,5.63781357424354e-17
"ENSG00000140379",5.29846397547926e-21,9.63484718014292,0.037,0,5.94116765570489e-17
"ENSG00000102760",5.29850867934069e-21,9.79399486921983,0.037,0,5.94121778214471e-17
"ENSG00000125089",5.85857434613614e-21,3.12368060875641,0.046,0.004,6.56921941432246e-17
"ENSG00000104343",5.90718442879241e-21,0.5451652007613,0.175,0.087,6.62372590000493e-17
"ENSG00000145936",6.48123485281929e-21,-1.55997832100207,0.063,0.132,7.26740864046626e-17
"ENSG00000140264",6.88981752796526e-21,0.190866614088435,0.448,0.314,7.72555239410745e-17
"ENSG00000218980",7.03558645666894e-21,1.84893278235882,0.084,0.025,7.88900309386288e-17
"ENSG00000105366",7.39212219105194e-21,-1.90811930391797,0.057,0.123,8.28878661282654e-17
"ENSG00000168090",7.59782972167029e-21,1.92321123647082,0.053,0.008,8.51944646690889e-17
"ENSG00000172809",7.91844270891906e-21,0.507949338273865,0.236,0.133,8.87894980951094e-17
"ENSG00000165672",8.25006243072501e-21,3.60444344222738,0.047,0.005,9.25079500357195e-17
"ENSG00000172115",9.03447107472267e-21,2.9980224556302,0.055,0.008,1.01303524160865e-16
"ENSG00000106803",1.04504761904146e-20,2.74625740127734,0.05,0.006,1.17181189523119e-16
"ENSG00000105677",1.15172911373185e-20,4.55418951679769,0.041,0.002,1.29143385522752e-16
"ENSG00000105939",1.24370668855147e-20,0.380414019345628,0.204,0.109,1.39456830987277e-16
"ENSG00000160213",1.47506708105086e-20,1.88941635949495,0.065,0.014,1.65399271798233e-16
"ENSG00000173486",1.58345330692009e-20,2.2046186668412,0.059,0.011,1.77552619304949e-16
"ENSG00000143889",2.04997550580675e-20,1.36562107944066,0.067,0.015,2.29863753466111e-16
"ENSG00000164919",2.12965926718373e-20,1.55884269351875,0.07,0.017,2.38798693629311e-16
"ENSG00000230979",2.13792852238434e-20,0.247985231861358,0.309,0.191,2.39725925214956e-16
"ENSG00000141232",2.19093271106324e-20,1.14137182676141,0.095,0.032,2.45669284891521e-16
"ENSG00000197582",2.28169536244925e-20,0.865436789048644,0.136,0.06,2.55846500991435e-16
"ENSG00000256356",2.73389867555447e-20,-3.24166976642208,0.006,0.038,3.06552058489922e-16
"ENSG00000161921",3.33889834677783e-20,0.74771141953394,0.14,0.063,3.74390671624198e-16
"ENSG00000004455",3.85535293052309e-20,2.94679479558179,0.047,0.005,4.32300724099554e-16
"ENSG00000167863",4.33931488823704e-20,1.89099684192537,0.07,0.017,4.86567378418019e-16
"ENSG00000170458",4.55727695302709e-20,0.420918112547475,0.343,0.226,5.11007464742927e-16
"ENSG00000157557",4.89692728832705e-20,0.86888454920422,0.151,0.072,5.49092456840112e-16
"ENSG00000183172",6.68350039455138e-20,3.13828527370132,0.049,0.006,7.49420899241047e-16
"ENSG00000159352",7.65957496330702e-20,2.25186752585597,0.055,0.009,8.58868140635616e-16
"ENSG00000138085",7.68185004571298e-20,2.62568231621773,0.049,0.006,8.61365845625797e-16
"ENSG00000168924",8.32036536156585e-20,1.63666552568769,0.062,0.013,9.32962567992379e-16
"ENSG00000107968",8.70691038821244e-20,2.76997164001331,0.044,0.004,9.76305861830261e-16
"ENSG00000109133",9.66825187490577e-20,0.583460257145591,0.194,0.103,1.08410108273318e-15
"ENSG00000159210",1.04100368713432e-19,9.48145390259049,0.034,0,1.16727743438372e-15
"ENSG00000168003",1.06500594743691e-19,2.13650937245541,0.05,0.007,1.19419116886101e-15
"ENSG00000102524",1.13309956927376e-19,2.75297699908371,0.043,0.004,1.27054454702667e-15
"ENSG00000165168",1.27953568331204e-19,-0.379411985246243,0.886,0.854,1.43474336169779e-15
"ENSG00000100311",1.41150206103404e-19,3.38817161331788,0.042,0.003,1.58271726103747e-15
"ENSG00000160223",1.43591530270764e-19,5.25948289064535,0.036,0.001,1.61009182892608e-15
"ENSG00000105254",1.44884410050263e-19,9.67741425209725,0.034,0,1.6245888898936e-15
"ENSG00000153179",1.75889623105233e-19,0.545954225406385,0.177,0.091,1.97225034387898e-15
"ENSG00000108774",1.81544618164269e-19,2.60181615139516,0.042,0.003,2.03565980347595e-15
"ENSG00000106615",2.01611730236084e-19,9.28537275836989,0.034,0,2.26067233113721e-15
"ENSG00000136147",2.24583861681118e-19,2.20954134541025,0.051,0.008,2.51825884103038e-15
"ENSG00000185624",2.24833587120237e-19,3.09033205047839,0.039,0.002,2.52105901237921e-15
"ENSG00000180817",2.31452062160511e-19,4.07115612135803,0.041,0.003,2.59527197300581e-15
"ENSG00000148175",2.39750816062703e-19,0.455205789325392,0.202,0.11,2.68832590051109e-15
"ENSG00000217325",2.59917539007531e-19,5.11196718819262,0.037,0.001,2.91445536489144e-15
"ENSG00000000938",2.80510751410142e-19,9.05329128086501,0.033,0,3.14536705556192e-15
"ENSG00000080824",3.62316135297971e-19,-1.03995934065025,0.588,0.586,4.06265082509615e-15
"ENSG00000156587",3.87207690777967e-19,6.38753964738824,0.038,0.002,4.34175983669334e-15
"ENSG00000109390",4.25003642448963e-19,1.82742326398949,0.066,0.017,4.76556584278023e-15
"ENSG00000213281",5.78015043109524e-19,1.29661183332039,0.035,0.001,6.48128267838709e-15
"ENSG00000177889",5.98712510865341e-19,3.33277741777017,0.041,0.003,6.71336338433307e-15
"ENSG00000116774",6.51923412114554e-19,-1.03666228646615,0.156,0.241,7.3100172200405e-15
"ENSG00000174718",6.59005058307875e-19,-2.15758727598273,0.029,0.079,7.3894237188062e-15
"ENSG00000112695",7.44529782218926e-19,1.40645475498945,0.083,0.027,8.34841244802082e-15
"ENSG00000162840",7.54561342663731e-19,7.00485092580726,0.033,0,8.46089633528842e-15
"ENSG00000173193",9.45409263794443e-19,0.922400844345284,0.182,0.098,1.06008740749271e-14
"ENSG00000204387",9.77416057670018e-19,1.86186196926741,0.053,0.009,1.09597662546539e-14
"ENSG00000175220",9.90282526901538e-19,2.82840147194297,0.047,0.006,1.11040379741469e-14
"ENSG00000120742",1.0564465781946e-18,0.669600629837636,0.121,0.052,1.1845935481296e-14
"ENSG00000187653",1.07397873053089e-18,0.205768733225281,0.598,0.454,1.20425235054429e-14
"ENSG00000088448",1.09170181300576e-18,0.152120514500431,0.328,0.211,1.22412524292336e-14
"ENSG00000136156",1.09909403906612e-18,-0.714614417525999,0.372,0.462,1.23241414600484e-14
"ENSG00000221983",1.25766993510012e-18,0.368417516765308,0.294,0.188,1.41022529822776e-14
"ENSG00000145016",1.27293696971484e-18,3.83580534837321,0.039,0.003,1.42734422414125e-14
"ENSG00000239672",1.34529443219662e-18,4.87750193455559,0.035,0.001,1.50847864682207e-14
"ENSG00000175550",1.40996107426587e-18,1.78536522826627,0.07,0.019,1.58098935257432e-14
"ENSG00000123009",1.46065831051608e-18,7.22623763428256,0.032,0,1.63783616358168e-14
"ENSG00000136868",1.46153714467754e-18,9.41150705132912,0.032,0,1.63882160032692e-14
"ENSG00000137767",1.51775440692093e-18,3.2298846585377,0.035,0.001,1.70185801648044e-14
"ENSG00000123374",1.7031292537172e-18,0.98833583902424,0.081,0.026,1.9097188321931e-14
"ENSG00000196792",1.82194973199187e-18,0.575661047100516,0.14,0.067,2.04295223448248e-14
"ENSG00000099785",1.89462033307827e-18,0.337527698360195,0.269,0.165,2.12443777948066e-14
"ENSG00000233406",2.0264205624195e-18,0.680715921112373,0.152,0.075,2.27222537664099e-14
"ENSG00000119013",2.16848486955671e-18,2.35406625930228,0.04,0.003,2.43152208423394e-14
"ENSG00000237991",2.20308584607104e-18,0.973169064701674,0.127,0.057,2.47032015919946e-14
"ENSG00000170345",2.3526252545969e-18,0.547675092981124,0.144,0.07,2.6379986979795e-14
"ENSG00000086598",2.36831611903914e-18,0.106834066434164,0.34,0.218,2.65559286427859e-14
"ENSG00000185651",2.44073365180521e-18,3.32185348597957,0.039,0.003,2.73679464376918e-14
"ENSG00000161203",2.4773091213452e-18,2.69156631605012,0.046,0.006,2.77780671776438e-14
"ENSG00000143761",2.53841714931892e-18,0.880331248033499,0.076,0.023,2.8463271495313e-14
"ENSG00000114023",2.78505042807609e-18,4.11457840164916,0.035,0.001,3.12287704500172e-14
"ENSG00000136810",2.8024857021031e-18,2.8914248644729,0.044,0.006,3.1424272177682e-14
"ENSG00000178726",2.82694218704939e-18,9.56377556562689,0.032,0,3.16985027433848e-14
"ENSG00000138640",2.86532037284602e-18,1.59389860399277,0.076,0.023,3.21288373407224e-14
"ENSG00000168300",2.93801558663223e-18,-1.19382283170557,0.127,0.206,3.29439687729072e-14
"ENSG00000106153",3.58907595560222e-18,2.03696676555398,0.054,0.011,4.02443086901676e-14
"ENSG00000213699",3.78482397217161e-18,0.514386148790065,0.089,0.032,4.24392311999603e-14
"ENSG00000100387",3.84959974387777e-18,1.39646279394453,0.08,0.026,4.31655619281015e-14
"ENSG00000166595",3.96457871128022e-18,3.71262793157795,0.042,0.005,4.44548210895851e-14
"ENSG00000239246",3.97477719613053e-18,1.67308294695941,0.056,0.012,4.45691767002116e-14
"ENSG00000106144",4.86868919424037e-18,1.2408772243154,0.087,0.031,5.45926119350172e-14
"ENSG00000125844",5.44851131474683e-18,0.631726117268712,0.129,0.059,6.10941573722562e-14
"ENSG00000167034",5.46608323116824e-18,9.80717025796756,0.031,0,6.12911912710895e-14
"ENSG00000102606",5.46647696217369e-18,9.12788719142304,0.031,0,6.12956061768536e-14
"ENSG00000183255",6.01066963479771e-18,1.24089625813827,0.079,0.026,6.73976386149868e-14
"ENSG00000135838",6.22169263519913e-18,1.17385636793032,0.083,0.028,6.97638395184878e-14
"ENSG00000143622",6.38135763172128e-18,0.894237120306361,0.079,0.025,7.15541631244907e-14
"ENSG00000175567",6.79898991996041e-18,3.25307282708147,0.038,0.003,7.6237073972516e-14
"ENSG00000100300",7.23661371456976e-18,0.77933931817636,0.107,0.044,8.11441495814707e-14
"ENSG00000137642",7.42208719047875e-18,-0.73984515014309,0.277,0.368,8.32238636668382e-14
"ENSG00000158604",8.60532683860284e-18,0.243216910759197,0.266,0.161,9.64915298412537e-14
"ENSG00000090273",9.33083129012646e-18,1.62220794022634,0.051,0.01,1.04626611256188e-13
"ENSG00000213465",9.58174734625359e-18,6.2125914417702,0.034,0.001,1.07440132993541e-13
"ENSG00000105193",1.04702114148708e-17,0.36757098662385,0.236,0.14,1.17402480594946e-13
"ENSG00000267519",1.05672229697542e-17,9.13594246104296,0.031,0,1.18490271159853e-13
"ENSG00000228981",1.08184645749405e-17,0.520695004440088,0.174,0.092,1.21307443278808e-13
"ENSG00000130775",1.14516890933696e-17,2.40634349305104,0.056,0.012,1.28407789803954e-13
"ENSG00000108679",1.27539279315865e-17,2.88608578077629,0.036,0.002,1.43009793896879e-13
"ENSG00000277791",1.31817583306071e-17,1.16662978795906,0.076,0.024,1.47807056161097e-13
"ENSG00000176788",1.43104357757255e-17,1.04188758444172,0.087,0.031,1.6046291635321e-13
"ENSG00000102265",1.46907242690462e-17,9.60149523157605,0.03,0,1.64727091228815e-13
"ENSG00000134480",1.48446539259018e-17,2.519261412735,0.047,0.008,1.66453104471137e-13
"ENSG00000086666",1.6300823958397e-17,2.64972838296041,0.053,0.011,1.82781139045506e-13
"ENSG00000242299",1.76449903958574e-17,0.351048908154929,0.271,0.17,1.97853277308749e-13
"ENSG00000178573",1.95950107786966e-17,-0.496157934479149,0.387,0.488,2.19718855861525e-13
"ENSG00000145996",2.081369954165e-17,1.32537082630181,0.053,0.011,2.33384012960521e-13
"ENSG00000261609",2.13686752136687e-17,2.77962963537837,0.038,0.003,2.39606955170867e-13
"ENSG00000106034",2.16806091258387e-17,-1.28507370383303,0.035,0.086,2.43104670128029e-13
"ENSG00000180211",2.2281115382024e-17,0.351169361800453,0.27,0.168,2.49838146778635e-13
"ENSG00000140105",2.44608801532445e-17,4.62610469892005,0.034,0.002,2.74279849158331e-13
"ENSG00000210151",2.45811758739971e-17,1.34688938855636,0.109,0.047,2.7562872507513e-13
"ENSG00000133136",2.54744397237534e-17,3.72530143319045,0.034,0.002,2.85644892622446e-13
"ENSG00000113648",3.0104686531479e-17,0.736407294907509,0.115,0.051,3.37563850077474e-13
"ENSG00000187554",3.15688986011113e-17,-1.04855809887637,0.099,0.172,3.53982060014261e-13
"ENSG00000099341",3.22979742918514e-17,3.5732983397454,0.035,0.002,3.62157185734529e-13
"ENSG00000183735",3.50689594615193e-17,2.29450200133413,0.038,0.004,3.93228242442016e-13
"ENSG00000133313",3.71619407461059e-17,1.63261487543206,0.073,0.023,4.16696841586086e-13
"ENSG00000161654",4.07113939230074e-17,1.06050906741701,0.088,0.033,4.56496860058682e-13
"ENSG00000225178",4.13494705936335e-17,0.798557205613608,0.1,0.04,4.63651613766412e-13
"ENSG00000219928",4.22276985972627e-17,1.07820174217134,0.089,0.033,4.73499184371107e-13
"ENSG00000135899",4.31539807342958e-17,0.723841516415601,0.136,0.066,4.83885585973658e-13
"ENSG00000049860",4.68299537017686e-17,3.37172114262559,0.035,0.002,5.25104270857931e-13
"ENSG00000173418",4.78940520039288e-17,1.88058598362892,0.044,0.007,5.37036005120054e-13
"ENSG00000100600",4.85957809308905e-17,2.85162401972451,0.053,0.011,5.44904491578075e-13
"ENSG00000072778",5.33980026770391e-17,1.67389313120089,0.049,0.009,5.9875180401764e-13
"ENSG00000213523",5.36046907233722e-17,1.95134504372144,0.05,0.01,6.01069397081172e-13
"ENSG00000139433",5.48347878466933e-17,9.2649500406165,0.029,0,6.14862476124972e-13
"ENSG00000205581",6.52798266594968e-17,0.772829803273032,0.098,0.039,7.31982696332938e-13
"ENSG00000048052",7.45821180965751e-17,-2.46037380180008,0.007,0.037,8.36289290216897e-13
"ENSG00000125995",7.46896719659018e-17,1.27234437395178,0.066,0.019,8.37495291753656e-13
"ENSG00000224114",7.53333323708983e-17,0.204008962732257,0.205,0.116,8.44712655874883e-13
"ENSG00000184076",7.66018778168365e-17,0.590538160281205,0.204,0.119,8.58936855960188e-13
"ENSG00000150779",9.11330277123828e-17,4.54965630005643,0.033,0.002,1.02187463973895e-12
"ENSG00000196352",1.04653471384571e-16,1.23696671884007,0.064,0.018,1.1734793746352e-12
"ENSG00000110079",1.07308338131889e-16,1.42776431680632,0.076,0.025,1.20324839547287e-12
"ENSG00000266028",1.09042655469616e-16,-0.422911599543422,0.777,0.755,1.22269529578081e-12
"ENSG00000135940",1.10215401915429e-16,0.967007593779936,0.096,0.039,1.23584530167771e-12
"ENSG00000189067",1.20351988902181e-16,1.74141431895583,0.06,0.016,1.34950685156016e-12
"ENSG00000065135",1.2705767429442e-16,0.876545013566684,0.08,0.028,1.42469770186333e-12
"ENSG00000158161",1.34324926753588e-16,2.02938599866673,0.047,0.008,1.50618540368798e-12
"ENSG00000173812",1.38858408286784e-16,0.287443443839315,0.38,0.278,1.5570193321197e-12
"ENSG00000132002",1.41029736623963e-16,-1.37415506493357,0.072,0.136,1.58136643676449e-12
"ENSG00000137818",1.61693751521748e-16,0.173248075928119,0.418,0.302,1.81307203581336e-12
"ENSG00000179091",1.62306002995182e-16,3.41651871436001,0.041,0.006,1.81993721158498e-12
"ENSG00000117036",1.65970606672519e-16,3.03012783955768,0.037,0.004,1.86102841261896e-12
"ENSG00000106028",1.88478917691597e-16,1.74482159008331,0.05,0.011,2.11341410407587e-12
"ENSG00000180867",2.01188987189936e-16,1.27073556972497,0.068,0.021,2.25593211336075e-12
"ENSG00000217128",2.31604326810918e-16,0.38770359932215,0.117,0.053,2.59697931653083e-12
"ENSG00000132510",2.43274529107883e-16,4.75360782333551,0.032,0.002,2.7278372948867e-12
"ENSG00000159399",2.46227233763024e-16,0.14893294715062,0.342,0.228,2.76094597218479e-12
"ENSG00000170581",2.62537684450556e-16,0.406608199975441,0.241,0.148,2.94383505574409e-12
"ENSG00000236562",2.83817144426985e-16,6.70907511877586,0.028,0,3.18244164045978e-12
"ENSG00000162772",2.84092560080266e-16,9.58981342652841,0.028,0,3.18552987618002e-12
"ENSG00000100138",2.99570162207047e-16,3.21825456391645,0.037,0.004,3.35908022882762e-12
"ENSG00000271029",3.16762841303914e-16,2.34643244182964,0.047,0.009,3.55186173954078e-12
"ENSG00000213025",3.18431956259238e-16,1.59973323793712,0.046,0.008,3.57057752553484e-12
"ENSG00000164466",3.36530244264555e-16,2.22407202409698,0.043,0.007,3.77351362893846e-12
"ENSG00000172175",3.4076157664694e-16,2.53353817635826,0.032,0.002,3.82095955894214e-12
"ENSG00000165502",3.48344644983772e-16,0.524000914785461,0.153,0.08,3.90598850420304e-12
"ENSG00000101166",3.58749188070351e-16,1.12704210985583,0.089,0.035,4.02265464583284e-12
"ENSG00000179388",3.9467726567905e-16,8.93454956444379,0.028,0,4.42551618005918e-12
"ENSG00000002016",4.03674859386608e-16,-1.9178619383165,0.036,0.084,4.52640619830203e-12
"ENSG00000138495",4.25720862957271e-16,2.41469761489268,0.047,0.009,4.77360803633988e-12
"ENSG00000162924",4.3319492770075e-16,0.799264831293176,0.099,0.042,4.85741472430851e-12
"ENSG00000170791",4.39954807137626e-16,1.39603882814441,0.064,0.019,4.9332132524342e-12
"ENSG00000023734",4.58406348789259e-16,1.47088775314676,0.054,0.013,5.14011038897397e-12
"ENSG00000005893",4.7010312972176e-16,0.711473152882594,0.111,0.05,5.2712663935701e-12
"ENSG00000103496",5.04306412219065e-16,3.75778489430063,0.033,0.003,5.65478780021237e-12
"ENSG00000055044",5.06640946412999e-16,0.823739540210998,0.106,0.047,5.68096493212895e-12
"ENSG00000150316",5.28400063324037e-16,1.55065500054247,0.063,0.019,5.92494991005243e-12
"ENSG00000183291",5.56936026228125e-16,2.05047259867717,0.045,0.008,6.24492366209597e-12
"ENSG00000069275",5.59351283848583e-16,0.138764460809308,0.406,0.292,6.27200594579416e-12
"ENSG00000090382",5.73941429609276e-16,1.13977110995251,0.07,0.022,6.43560525020881e-12
"ENSG00000171490",5.7643652705727e-16,1.11129872117512,0.081,0.03,6.46358277789317e-12
"ENSG00000100296",6.08249456326266e-16,1.4534756520495,0.047,0.009,6.82030115378642e-12
"ENSG00000105185",6.11411219283427e-16,2.30160266036886,0.039,0.005,6.85575400182507e-12
"ENSG00000179218",6.66531363993239e-16,0.354541313717889,0.669,0.542,7.47381618445619e-12
"ENSG00000165637",6.74618175626295e-16,1.77386791449218,0.06,0.017,7.56449360329765e-12
"ENSG00000185641",7.59814450777599e-16,0.216192278495393,0.374,0.255,8.51979943656922e-12
"ENSG00000244038",7.80816797386625e-16,2.76831432215054,0.033,0.003,8.75529874909622e-12
"ENSG00000159840",8.33480098551923e-16,3.20801387566365,0.032,0.002,9.34581234506271e-12
"ENSG00000148154",8.98054295757658e-16,0.124390942554632,0.238,0.147,1.00698828183306e-11
"ENSG00000183486",1.00516886918039e-15,4.23931617944428,0.03,0.001,1.12709585301197e-11
"ENSG00000154518",1.00926218634963e-15,2.62809471029202,0.041,0.006,1.13168568955384e-11
"ENSG00000001561",1.05796753522231e-15,8.97102925871052,0.027,0,1.18629899724477e-11
"ENSG00000168028",1.06540717181308e-15,0.530972120408426,0.123,0.059,1.19464106175401e-11
"ENSG00000219470",1.07609751761593e-15,0.434995317476309,0.161,0.087,1.20662814650275e-11
"ENSG00000119048",1.08304620997512e-15,0.10676883248459,0.204,0.119,1.2144197152451e-11
"ENSG00000144848",1.0904305765562e-15,1.91894645732768,0.056,0.015,1.22269980549246e-11
"ENSG00000174917",1.15159073084099e-15,2.06384472697329,0.042,0.007,1.291278686492e-11
"ENSG00000004779",1.15938967417718e-15,4.02263629664776,0.032,0.002,1.30002364165487e-11
"ENSG00000164111",1.24190488713171e-15,0.701315959965795,0.13,0.065,1.39254794994079e-11
"ENSG00000088832",1.25516604677023e-15,0.143001096736377,0.169,0.093,1.40741768824346e-11
"ENSG00000042753",1.27262890684725e-15,4.77068133669446,0.033,0.003,1.42699879324783e-11
"ENSG00000112245",1.29850081777265e-15,0.811157921932132,0.054,0.014,1.45600896696848e-11
"ENSG00000168310",1.33066822276029e-15,-0.854488096684742,0.052,0.106,1.49207827818111e-11
"ENSG00000132432",1.37315971285752e-15,2.43663825071161,0.055,0.014,1.53972398602713e-11
"ENSG00000139496",1.43760222368897e-15,3.3864823406052,0.033,0.003,1.61198337342245e-11
"ENSG00000186470",1.45103285797451e-15,-3.07412582208126,0.006,0.033,1.62704314364682e-11
"ENSG00000071462",1.46937585445838e-15,9.33799536516687,0.027,0,1.64761114560418e-11
"ENSG00000002549",1.60530417730482e-15,0.714178265176625,0.164,0.092,1.8000275740119e-11
"ENSG00000143322",1.6367678757392e-15,3.57191710934704,0.032,0.002,1.83530781906636e-11
"ENSG00000184900",1.66400300751301e-15,3.06517039508107,0.036,0.004,1.86584657232434e-11
"ENSG00000143314",1.67081394003914e-15,3.07286934923591,0.033,0.003,1.87348367096589e-11
"ENSG00000169313",1.69634267507909e-15,-1.50970059026408,0.05,0.103,1.90210904156619e-11
"ENSG00000126267",1.74277084344001e-15,0.649790036390925,0.097,0.041,1.95416894674928e-11
"ENSG00000198258",1.79009715986929e-15,1.00948614512391,0.075,0.026,2.00723594536143e-11
"ENSG00000154898",1.82886298082334e-15,-1.46527754192262,0.032,0.078,2.05070406039721e-11
"ENSG00000084207",1.84951614888439e-15,1.92871185633782,0.067,0.022,2.07386245774407e-11
"ENSG00000113070",2.04091752445966e-15,9.13594246104296,0.026,0,2.28848082017662e-11
"ENSG00000182117",2.08030655515652e-15,0.727866876591274,0.131,0.066,2.33264774029701e-11
"ENSG00000175334",2.35284238647875e-15,4.64429017131683,0.03,0.002,2.63824216795862e-11
"ENSG00000130755",2.40584374415722e-15,0.761515034488109,0.088,0.035,2.69767259032349e-11
"ENSG00000116288",2.71348049510167e-15,1.9426386410178,0.057,0.016,3.0426256791575e-11
"ENSG00000129450",2.74394359878668e-15,2.97334312454877,0.037,0.005,3.0767839573195e-11
"ENSG00000277632",2.83365426664593e-15,7.61077304516406,0.026,0,3.17737652919008e-11
"ENSG00000167851",2.86829202515865e-15,1.07909493872938,0.088,0.036,3.21621584781039e-11
"ENSG00000176681",2.95856744742413e-15,-3.82330644143646,0.001,0.019,3.31744167879668e-11
"ENSG00000225921",2.97400487839332e-15,1.44249364107239,0.037,0.005,3.33475167014243e-11
"ENSG00000167461",3.06127546178089e-15,1.17652370737844,0.084,0.033,3.43260817529491e-11
"ENSG00000186010",3.31460007629422e-15,0.339726119278881,0.08,0.03,3.71666106554871e-11
"ENSG00000104979",3.64513089001921e-15,2.71813140529382,0.043,0.008,4.08728526697854e-11
"ENSG00000137959",3.83357877661045e-15,0.956674644120261,0.121,0.059,4.29859188221329e-11
"ENSG00000173915",4.0978322612446e-15,0.628745113178619,0.095,0.04,4.59489931453357e-11
"ENSG00000146425",4.17638376400584e-15,1.97025714467503,0.043,0.008,4.68297911457975e-11
"ENSG00000175376",4.56803379362613e-15,1.53028994109871,0.045,0.009,5.12213629279298e-11
"ENSG00000123349",4.67667575863392e-15,0.606296155771172,0.14,0.074,5.24395652815621e-11
"ENSG00000135441",4.79222177895173e-15,2.81187068813728,0.035,0.004,5.37351828073858e-11
"ENSG00000215895",4.84239252463315e-15,1.09249839097827,0.083,0.032,5.42977473787116e-11
"ENSG00000113583",4.99537096368533e-15,0.929676074326053,0.066,0.021,5.60130946158036e-11
"ENSG00000177879",5.17878356368722e-15,1.92196802750637,0.044,0.009,5.80697000996248e-11
"ENSG00000228519",5.46519601312405e-15,7.43389528307998,0.025,0,6.128124289516e-11
"ENSG00000176809",5.64395832849951e-15,-8.86938602812044,0,0.016,6.3285704737465e-11
"ENSG00000156299",5.7980953886773e-15,-1.16920233606934,0.062,0.117,6.50140435932385e-11
"ENSG00000197448",5.83149641251251e-15,1.72790567876206,0.044,0.008,6.53885692735028e-11
"ENSG00000196396",6.6841281626317e-15,4.04730360551054,0.029,0.002,7.49491290875892e-11
"ENSG00000132326",6.90565649171783e-15,2.79377525510332,0.036,0.005,7.74331262416321e-11
"ENSG00000183298",7.07893913967716e-15,0.66908760995446,0.091,0.038,7.93761445732e-11
"ENSG00000168374",7.56363872704511e-15,1.95149515119587,0.033,0.003,8.48110810463568e-11
"ENSG00000160932",7.58817006054576e-15,7.49529582774412,0.025,0,8.50861508888996e-11
"ENSG00000036672",7.58942904010362e-15,8.30265074980173,0.025,0,8.51002678266819e-11
"ENSG00000118257",7.5896522951169e-15,9.38200854141501,0.025,0,8.51027711851458e-11
"ENSG00000165629",7.87373699583175e-15,1.92754261705519,0.042,0.008,8.82882129342614e-11
"ENSG00000060138",8.02824932305712e-15,0.706976421128683,0.117,0.056,9.00207596594394e-11
"ENSG00000253683",8.11690517835367e-15,0.320215269746018,0.192,0.111,9.10148577648797e-11
"ENSG00000247774",8.34660655872925e-15,0.981543686147549,0.098,0.044,9.35904993430311e-11
"ENSG00000110917",9.98497507808458e-15,2.13340803498404,0.051,0.013,1.11961525550562e-10
"ENSG00000146066",1.03351535071975e-14,2.91442608165685,0.033,0.003,1.15888076276205e-10
"ENSG00000122694",1.05379606510924e-14,8.52258751941186,0.025,0,1.181621527807e-10
"ENSG00000122958",1.08115265938905e-14,2.40489116594534,0.045,0.01,1.21229647697294e-10
"ENSG00000166598",1.10709327318522e-14,0.392399854650014,0.346,0.249,1.24138368722259e-10
"ENSG00000042493",1.11762717603547e-14,0.459117737211894,0.101,0.045,1.25319535248857e-10
"ENSG00000182220",1.23617235483028e-14,1.13928210975679,0.069,0.024,1.38612006147119e-10
"ENSG00000148484",1.24203459250019e-14,4.3346685708839,0.029,0.002,1.39269338857047e-10
"ENSG00000100647",1.25359131275905e-14,0.236336464707192,0.228,0.143,1.40565193899672e-10
"ENSG00000100316",1.26131405101252e-14,0.160600436782883,0.296,0.201,1.41431144540034e-10
"ENSG00000119917",1.27075288474653e-14,4.43199324583561,0.031,0.003,1.42489520966629e-10
"ENSG00000147604",1.30716025910402e-14,0.454072228628584,0.192,0.114,1.46571879853333e-10
"ENSG00000172578",1.42396693784274e-14,1.7619414871303,0.04,0.007,1.59669412740306e-10
"ENSG00000103257",1.46309206040365e-14,8.04988467942176,0.025,0,1.64056512733062e-10
"ENSG00000162704",1.47351564968031e-14,0.465806285603485,0.182,0.108,1.65225309798653e-10
"ENSG00000174231",1.50786179212909e-14,1.34804432744263,0.047,0.011,1.69076542751435e-10
"ENSG00000131174",1.56662214091209e-14,1.35653175778827,0.06,0.019,1.75665340660473e-10
"ENSG00000250479",1.60891783691163e-14,0.964687856461368,0.044,0.009,1.80407957052902e-10
"ENSG00000177954",1.67447993223378e-14,0.244310376055114,0.422,0.314,1.87759434801374e-10
"ENSG00000127922",1.68330951758036e-14,0.881324149901815,0.073,0.027,1.88749496206286e-10
"ENSG00000240785",1.73124978875957e-14,1.40065895360605,0.068,0.024,1.94125038813611e-10
"ENSG00000198938",1.74141216874435e-14,0.191385757016562,0.606,0.47,1.95264546481304e-10
"ENSG00000131508",1.74865460443479e-14,2.41700130176738,0.042,0.008,1.96076640795273e-10
"ENSG00000106991",1.7985025510086e-14,3.55418951679769,0.036,0.005,2.01666091044594e-10
"ENSG00000204525",1.82338803927632e-14,-0.364143659900205,0.171,0.257,2.04456500844054e-10
"ENSG00000197961",1.84581951106584e-14,0.970600357485229,0.065,0.022,2.06971741775813e-10
"ENSG00000169223",1.89818194690375e-14,0.924086482090297,0.105,0.049,2.12843141706317e-10
"ENSG00000118680",1.9174060382534e-14,0.847467849513382,0.096,0.043,2.14998739069353e-10
"ENSG00000204370",1.99344134052947e-14,1.73421914817386,0.045,0.01,2.2352457751357e-10
"ENSG00000112773",2.00356211550545e-14,-2.70576768550709,0.006,0.031,2.24659420011626e-10
"ENSG00000269893",2.15455658634616e-14,3.06521892900114,0.033,0.004,2.41590430026995e-10
"ENSG00000242125",2.18563081861836e-14,3.13146849769955,0.031,0.003,2.45074783691677e-10
"ENSG00000089775",2.19184154531978e-14,1.92818699183577,0.037,0.006,2.45771192476707e-10
"ENSG00000147155",2.32371766472184e-14,2.43888251883886,0.034,0.004,2.6055846174526e-10
"ENSG00000148834",2.3530962428022e-14,1.74351423644848,0.038,0.006,2.63852681705411e-10
"ENSG00000100612",2.3907119104277e-14,0.909746746392447,0.082,0.033,2.68070526516258e-10
"ENSG00000107099",2.61316575883459e-14,-0.812782375114769,0.237,0.315,2.93014276538123e-10
"ENSG00000173786",2.6690855667431e-14,3.96430733512539,0.033,0.004,2.99284564598904e-10
"ENSG00000123136",2.81999848502799e-14,8.83514583062875,0.024,0,3.16206430126189e-10
"ENSG00000204577",2.82008873144748e-14,9.26641843264239,0.024,0,3.16216549457206e-10
"ENSG00000124193",2.93543026443412e-14,-0.557649268195422,0.7,0.692,3.29149795550998e-10
"ENSG00000124831",3.5868584639401e-14,0.264630119490068,0.197,0.119,4.02194439561603e-10
"ENSG00000142227",3.91196183497841e-14,6.71768824908057,0.024,0,4.38648280556129e-10
"ENSG00000010278",4.03839643931082e-14,3.02841939694566,0.031,0.003,4.52825392739923e-10
"ENSG00000221869",4.05784114273386e-14,0.459885427757154,0.214,0.134,4.55005727334748e-10
"ENSG00000118363",4.11482170980654e-14,0.884423005374275,0.094,0.042,4.61394958320607e-10
"ENSG00000243147",4.58278419899732e-14,2.66231843841411,0.034,0.005,5.1386759223357e-10
"ENSG00000134755",4.64203916408441e-14,1.49409006499873,0.054,0.016,5.20511851468785e-10
"ENSG00000009780",4.67027583470452e-14,1.40956595371824,0.054,0.015,5.23678029345418e-10
"ENSG00000159199",4.91030692332946e-14,1.34554870823944,0.049,0.012,5.50592715312932e-10
"ENSG00000178741",4.96671665684761e-14,3.02434958731462,0.032,0.003,5.56917938732323e-10
"ENSG00000127483",4.97877154580942e-14,-0.876489056337969,0.211,0.285,5.58269653431611e-10
"ENSG00000126264",5.03985077954061e-14,0.668022400198973,0.079,0.031,5.65118467909889e-10
"ENSG00000163399",5.36153946159842e-14,1.11471015582425,0.066,0.023,6.01189419829031e-10
"ENSG00000111725",5.43418775423268e-14,8.91595787621685,0.024,0,6.0933547288211e-10
"ENSG00000133195",5.51885595925993e-14,1.49046457814007,0.062,0.02,6.18829318711816e-10
"ENSG00000129538",5.53543145974083e-14,4.38638456722975,0.029,0.002,6.20687929580739e-10
"ENSG00000277972",5.58831919075707e-14,3.67025290628282,0.029,0.002,6.2661823085959e-10
"ENSG00000147403",5.74572374025419e-14,0.260097736257337,0.272,0.186,6.44268002994703e-10
"ENSG00000001167",6.47458091348698e-14,1.37599689937178,0.037,0.006,7.25994757829295e-10
"ENSG00000180992",6.66704056914021e-14,2.57079293528207,0.031,0.003,7.47575259017692e-10
"ENSG00000198931",6.74844757584212e-14,2.02205282500267,0.039,0.007,7.56703426679176e-10
"ENSG00000077238",6.87509254031663e-14,0.781558321934532,0.068,0.025,7.70904126545704e-10
"ENSG00000129559",7.08405642315654e-14,1.2523505744872,0.06,0.019,7.94335246728543e-10
"ENSG00000258667",7.54326498901747e-14,8.50776517970634,0.023,0,8.45826303218529e-10
"ENSG00000184182",7.72225436919269e-14,2.81759238005678,0.032,0.004,8.65896382417576e-10
"ENSG00000157514",7.87191132571255e-14,-2.8627812706162,0.01,0.039,8.82677416952148e-10
"ENSG00000119900",8.16265799219958e-14,-1.19971403106574,0.109,0.173,9.15278840665339e-10
"ENSG00000100823",8.51701970439942e-14,2.30854075161762,0.033,0.004,9.55013419454307e-10
"ENSG00000224094",8.92666531696511e-14,0.95009515589834,0.097,0.044,1.0009469819913e-09
"ENSG00000105583",9.16008217869357e-14,1.53958004339023,0.051,0.014,1.02712001469691e-09
"ENSG00000213058",9.30153669341263e-14,1.17039616632547,0.061,0.02,1.04298130943236e-09
"ENSG00000154945",9.32600006339865e-14,0.18995905550628,0.16,0.089,1.04572438710889e-09
"ENSG00000108946",9.82781248080931e-14,1.7464070662021,0.046,0.011,1.10199261347315e-09
"ENSG00000185043",1.02212089070008e-13,5.51519538518183,0.025,0.001,1.146104154742e-09
"ENSG00000168209",1.03573639728292e-13,0.728650354704483,0.101,0.047,1.16137122227334e-09
"ENSG00000138111",1.04701538583384e-13,8.4902777529775,0.023,0,1.17401835213548e-09
"ENSG00000244313",1.08740627610042e-13,0.672513239288499,0.105,0.05,1.2193086573914e-09
"ENSG00000177410",1.16011908252566e-13,2.30974017458805,0.033,0.004,1.30084152723602e-09
"ENSG00000213585",1.18482052573278e-13,0.89700980894387,0.079,0.032,1.32853925550417e-09
"ENSG00000067334",1.19472343321522e-13,1.60524429436201,0.042,0.009,1.33964338566423e-09
"ENSG00000241468",1.21064220352424e-13,1.24742605790321,0.082,0.034,1.35749310281173e-09
"ENSG00000185507",1.45875704393299e-13,4.67822349438407,0.025,0.001,1.63570427336207e-09
"ENSG00000217130",1.53037677123209e-13,2.70123772829998,0.032,0.004,1.71601147358254e-09
"ENSG00000182154",1.53676017283991e-13,1.7026369829571,0.04,0.008,1.72316918180539e-09
"ENSG00000158796",1.66040003515958e-13,2.01087840767533,0.037,0.006,1.86180655942444e-09
"ENSG00000240366",1.70352960033727e-13,1.0816047541728,0.087,0.038,1.91016774085818e-09
"ENSG00000142512",1.71891078987612e-13,1.03076841912436,0.097,0.045,1.9274146686881e-09
"ENSG00000238000",1.75572021920144e-13,3.27956713668869,0.027,0.002,1.96868908179057e-09
"ENSG00000263934",1.81412604381296e-13,1.21198902688407,0.033,0.005,2.03417953292747e-09
"ENSG00000133657",1.84368458290996e-13,0.704265516789961,0.067,0.025,2.06732352281694e-09
"ENSG00000188906",1.8965267731066e-13,-1.81871839627928,0.025,0.063,2.12657547068443e-09
"ENSG00000101654",1.92776504467667e-13,1.72257047046032,0.034,0.005,2.16160294459595e-09
"ENSG00000142583",1.94046281276127e-13,0.283550650607184,0.279,0.191,2.17584095194922e-09
"ENSG00000206418",1.99557662903987e-13,-0.673245735803249,0.613,0.606,2.23764007414241e-09
"ENSG00000223551",2.00396454789987e-13,0.197163398887659,0.825,0.735,2.24704544756013e-09
"ENSG00000210135",2.01684287225058e-13,7.6829228309199,0.023,0,2.26148591265457e-09
"ENSG00000117118",2.01689686637081e-13,8.80110425726821,0.023,0,2.26154645626159e-09
"ENSG00000225442",2.01690838388118e-13,9.51395967200916,0.023,0,2.26155937084596e-09
"ENSG00000136758",2.11239174066883e-13,1.60817258989935,0.045,0.011,2.36862485881196e-09
"ENSG00000116701",2.22311545488415e-13,5.15631256867703,0.028,0.003,2.4927793595616e-09
"ENSG00000135624",2.26913873160644e-13,4.8378208272386,0.027,0.002,2.5443852597503e-09
"ENSG00000178209",2.28800115004832e-13,4.73549952519703,0.028,0.003,2.56553568954918e-09
"ENSG00000184588",2.32865686747914e-13,2.08162000392351,0.048,0.013,2.61112294550436e-09
"ENSG00000264350",2.36552288228175e-13,2.30144498705633,0.033,0.005,2.65246080790252e-09
"ENSG00000108561",2.39939103468657e-13,2.66732597586888,0.034,0.005,2.69043716719405e-09
"ENSG00000143543",2.49196936877703e-13,1.86436747307079,0.043,0.01,2.79424525320968e-09
"ENSG00000107951",2.60946503407298e-13,0.88149000244968,0.066,0.024,2.92599314270603e-09
"ENSG00000034713",2.62718528134627e-13,2.60830478957331,0.035,0.006,2.94586285597357e-09
"ENSG00000139324",2.79906934945223e-13,8.57566924420814,0.022,0,3.13859646154079e-09
"ENSG00000168958",2.79909823473232e-13,8.91408546188408,0.022,0,3.13862885060535e-09
"ENSG00000137955",2.79914764826326e-13,8.68950548130986,0.022,0,3.13868425799760e-09
"ENSG00000163382",2.79918063994325e-13,8.99248236837684,0.022,0,3.13872125156837e-09
"ENSG00000231549",2.8511727567606e-13,2.28266637534757,0.035,0.006,3.19702001215566e-09
"ENSG00000230989",2.93946709293517e-13,0.504723619085372,0.087,0.038,3.29602445130821e-09
"ENSG00000147684",2.97559203511633e-13,3.04080325891838,0.029,0.003,3.33653134897594e-09
"ENSG00000172428",3.00027464234018e-13,1.8133815262481,0.039,0.008,3.36420795645604e-09
"ENSG00000268412",3.02128833195192e-13,2.25301998207713,0.032,0.004,3.38777060661768e-09
"ENSG00000112667",3.19044831319175e-13,2.69910135142374,0.033,0.005,3.5774496935819e-09
"ENSG00000120708",3.19046747518174e-13,1.86043337466452,0.042,0.01,3.57747117992128e-09
"ENSG00000179271",3.4410667840182e-13,1.7418133852098,0.057,0.019,3.85846818491961e-09
"ENSG00000172785",3.51527718936788e-13,0.174169554090506,0.343,0.245,3.94168031243821e-09
"ENSG00000126217",3.81860594772253e-13,-1.86616798824656,0.024,0.061,4.28180284918127e-09
"ENSG00000164054",3.8845856637612e-13,8.30265074980173,0.022,0,4.35578590477543e-09
"ENSG00000174886",3.88460153397767e-13,8.30551040394097,0.022,0,4.35580370004917e-09
"ENSG00000112137",3.88461618346157e-13,8.70907511877586,0.022,0,4.35582012651545e-09
"ENSG00000135541",4.35518800597312e-13,5.06953192187222,0.026,0.002,4.88347231109766e-09
"ENSG00000168615",4.49776202574788e-13,0.741354169081975,0.084,0.037,5.0433405594711e-09
"ENSG00000116044",4.50095671547048e-13,0.471338410943469,0.091,0.041,5.04692276505705e-09
"ENSG00000150459",4.571286148358e-13,0.6542835712893,0.063,0.022,5.12578315815383e-09
"ENSG00000127445",4.63475227421061e-13,2.83204857007491,0.026,0.002,5.19694772507236e-09
"ENSG00000241837",4.73714929717476e-13,1.2860487824646,0.048,0.013,5.31176550692206e-09
"ENSG00000165916",4.75364780913779e-13,2.11951012885525,0.031,0.004,5.33026528838621e-09
"ENSG00000159202",4.81097959143921e-13,2.08227326600076,0.04,0.009,5.39455141588078e-09
"ENSG00000131171",5.07544641267986e-13,0.725250642117165,0.108,0.054,5.69109806253793e-09
"ENSG00000266094",5.22771008133372e-13,2.37148510210691,0.025,0.001,5.8618313141995e-09
"ENSG00000135390",5.32706336257886e-13,0.800562431277598,0.08,0.034,5.97323614845967e-09
"ENSG00000169241",5.39066133110513e-13,8.27956713668869,0.022,0,6.04454855056819e-09
"ENSG00000162613",5.65388735283475e-13,-0.195445795489847,0.302,0.2,6.3397038887336e-09
"ENSG00000173221",5.78817528355016e-13,0.891884791883194,0.091,0.042,6.4902809454448e-09
"ENSG00000213399",5.82850237480759e-13,0.561074503913778,0.116,0.06,6.53549971287175e-09
"ENSG00000135926",6.52723838638323e-13,1.21539798427668,0.042,0.01,7.31899240265152e-09
"ENSG00000225411",6.66866475876173e-13,-3.42753631173342,0.002,0.02,7.47757379399953e-09
"ENSG00000171943",7.03553791881644e-13,-0.42258092929485,0.718,0.705,7.88894866836887e-09
"ENSG00000187116",7.48064033008075e-13,8.046470015009,0.022,0,8.38804200211955e-09
"ENSG00000273319",8.60701515546158e-13,1.28330676673527,0.053,0.017,9.65104609381907e-09
"ENSG00000116711",9.06836713632989e-13,2.69460463596753,0.035,0.006,1.01683600699667e-08
"ENSG00000184007",9.20099478870076e-13,0.363071535487035,0.149,0.086,1.03170754565702e-08
"ENSG00000196683",9.56258263567057e-13,1.41320420692516,0.066,0.025,1.07225239093774e-08
"ENSG00000152234",9.62146477824697e-13,0.565265828488,0.089,0.04,1.07885484558483e-08
"ENSG00000006015",1.09431421032285e-12,2.89305533559113,0.032,0.005,1.22705452403501e-08
"ENSG00000160255",1.11331804093592e-12,0.483392913491168,0.248,0.17,1.24836351930144e-08
"ENSG00000245910",1.22668708700354e-12,2.98729530883785,0.029,0.003,1.37548423065707e-08
"ENSG00000110700",1.30914176572213e-12,0.367620477306302,0.171,0.104,1.46794066190422e-08
"ENSG00000183283",1.3768095297661e-12,0.73694354596524,0.095,0.045,1.54381652572673e-08
"ENSG00000196459",1.40151309196466e-12,1.53836454963601,0.035,0.006,1.57151663001997e-08
"ENSG00000172974",1.4085028426099e-12,4.10964213524638,0.026,0.002,1.57935423741848e-08
"ENSG00000060762",1.43301202644642e-12,4.67205502027474,0.023,0.001,1.60683638525437e-08
"ENSG00000174353",1.46476474878863e-12,2.82444514992556,0.026,0.002,1.64244071281669e-08
"ENSG00000171109",1.51618341143091e-12,1.2725921117596,0.054,0.017,1.70009645923748e-08
"ENSG00000135018",1.54427241747537e-12,1.45699778371508,0.036,0.007,1.73159266171513e-08
"ENSG00000145494",1.57432535435904e-12,2.56946938383482,0.036,0.007,1.76529101984279e-08
"ENSG00000108798",1.76441893240782e-12,1.21668805950374,0.053,0.017,1.97844294890889e-08
"ENSG00000113387",1.80524646389287e-12,1.06549424591539,0.061,0.022,2.02422285996308e-08
"ENSG00000244363",1.91171089997978e-12,0.417664847521291,0.121,0.064,2.14360143214733e-08
"ENSG00000110713",1.97788136605933e-12,0.900451815509003,0.033,0.006,2.21779837576232e-08
"ENSG00000145912",1.99836787032388e-12,7.49529582774412,0.021,0,2.24076989299417e-08
"ENSG00000176845",1.99864062232567e-12,9.04475964724389,0.021,0,2.24107572981377e-08
"ENSG00000166471",2.02981790706747e-12,2.69460463596753,0.028,0.003,2.27603481919475e-08
"ENSG00000102158",2.04851714123408e-12,1.3140258527078,0.049,0.015,2.29700227046578e-08
"ENSG00000127507",2.11539458193331e-12,1.05528166293407,0.03,0.004,2.37199194472182e-08
"ENSG00000140319",2.17780275928021e-12,0.266957807589364,0.168,0.1,2.4419702339809e-08
"ENSG00000083845",2.17957282539162e-12,0.727469269873157,0.082,0.036,2.44395500911162e-08
"ENSG00000179406",2.25315704609591e-12,1.62892039187432,0.031,0.005,2.52646499578734e-08
"ENSG00000149781",2.28567977907115e-12,2.00779913645858,0.032,0.005,2.56293273627248e-08
"ENSG00000164674",2.32167220335876e-12,3.16466864086217,0.025,0.002,2.60329104162618e-08
"ENSG00000155629",2.3326319492804e-12,1.21089210802198,0.066,0.026,2.61558020472812e-08
"ENSG00000250746",2.41710749784056e-12,1.56341085266873,0.047,0.014,2.71030263732862e-08
"ENSG00000198786",2.49051452282422e-12,0.19562473920654,0.403,0.304,2.7926139344428e-08
"ENSG00000100442",2.50328532507203e-12,4.46638313582888,0.024,0.001,2.80693383500327e-08
"ENSG00000132341",2.50504512729198e-12,0.560777830826587,0.065,0.025,2.8089071012325e-08
"ENSG00000129083",2.53109495742514e-12,0.875709597275894,0.068,0.027,2.83811677576081e-08
"ENSG00000198879",2.57482538709894e-12,-1.74659694271081,0.025,0.06,2.88715170655405e-08
"ENSG00000122692",2.58646896154009e-12,0.197837900049932,0.198,0.125,2.9002076465749e-08
"ENSG00000225573",2.65324106634092e-12,0.410295944750251,0.156,0.09,2.97507920768807e-08
"ENSG00000171314",2.69674808526827e-12,3.91699705730398,0.025,0.002,3.02386362801131e-08
"ENSG00000122359",2.69796479168747e-12,5.99577417068809,0.023,0.001,3.02522792091916e-08
"ENSG00000233664",2.77239109659691e-12,6.35879382783926,0.02,0,3.10868213661412e-08
"ENSG00000130592",2.77294528806498e-12,7.03961634396793,0.02,0,3.10930355150726e-08
"ENSG00000115286",2.77299120513972e-12,7.41812796722166,0.02,0,3.10935503832317e-08
"ENSG00000212907",2.82665363035686e-12,0.344729312925064,0.235,0.156,3.16952671571914e-08
"ENSG00000179101",2.85001190623216e-12,1.28262117884247,0.05,0.016,3.19571835045812e-08
"ENSG00000078124",2.8720526220317e-12,2.81244112626139,0.031,0.005,3.22043260508414e-08
"ENSG00000123908",3.15224715225877e-12,1.61459475611647,0.032,0.005,3.53461473182776e-08
"ENSG00000266472",3.21519625338322e-12,3.61132506163947,0.029,0.004,3.60519955891861e-08
"ENSG00000166224",3.21568744752195e-12,3.61177248756003,0.024,0.002,3.60575033490636e-08
"ENSG00000240036",3.25726185331132e-12,0.2739753326764,0.297,0.206,3.65236771611798e-08
"ENSG00000108669",3.31084136958655e-12,0.807339333699641,0.051,0.016,3.7124464277174e-08
"ENSG00000084652",3.32217850117067e-12,3.04475964724389,0.026,0.003,3.72515875336268e-08
"ENSG00000089220",3.49400509319988e-12,1.23549979597687,0.051,0.017,3.91782791100503e-08
"ENSG00000240087",3.80668730732738e-12,0.873807450997853,0.077,0.033,4.26843847770619e-08
"ENSG00000225616",3.8187175861147e-12,0.72327952701771,0.106,0.055,4.28192802931042e-08
"ENSG00000196950",3.84313380274935e-12,-1.40764758334773,0.028,0.065,4.30930593302285e-08
"ENSG00000124399",3.84729733581645e-12,6.88761325052288,0.02,0,4.31397450265099e-08
"ENSG00000165898",3.84750603318565e-12,8.32818584190887,0.02,0,4.31420851501107e-08
"ENSG00000055483",3.84760981516673e-12,8.73051228943816,0.02,0,4.31432488574645e-08
"ENSG00000141759",3.84763955394493e-12,8.39951228905432,0.02,0,4.31435823183845e-08
"ENSG00000259330",3.920757595063e-12,1.73693613367385,0.039,0.009,4.39634549134414e-08
"ENSG00000198843",3.94904078958038e-12,0.920775073744614,0.052,0.017,4.42805943735648e-08
"ENSG00000213851",3.95219893996589e-12,1.32537082630181,0.065,0.025,4.43160067138376e-08
"ENSG00000270225",4.0249478790656e-12,-6.06694659647695,0,0.013,4.51317405679626e-08
"ENSG00000021355",4.07615217555727e-12,0.8382556489788,0.047,0.014,4.57058943445236e-08
"ENSG00000101911",4.17681742795286e-12,1.46698059292221,0.041,0.011,4.68346538196354e-08
"ENSG00000144320",4.65130952513905e-12,2.01405166084784,0.035,0.007,5.21551337053842e-08
"ENSG00000131773",4.73009586069795e-12,-1.53098703528771,0.038,0.078,5.30385648860061e-08
"ENSG00000008513",4.77622951112949e-12,4.63598360796134,0.023,0.001,5.3555861508295e-08
"ENSG00000136295",4.97946050745822e-12,3.49529582774412,0.023,0.001,5.5834690670129e-08
"ENSG00000173272",5.16558580412189e-12,4.4575951185589,0.025,0.002,5.79217136216188e-08
"ENSG00000137970",5.27945032610387e-12,0.469322905206358,0.144,0.083,5.91984765066027e-08
"ENSG00000210140",5.33634417831961e-12,6.54453934676397,0.02,0,5.98364272714978e-08
"ENSG00000225663",5.33834096841999e-12,8.91782786356989,0.02,0,5.98588172788934e-08
"ENSG00000109339",5.40816484555508e-12,2.83596048521307,0.027,0.003,6.06417524132091e-08
"ENSG00000115541",5.47763516743285e-12,0.543283556871668,0.113,0.059,6.14207231324246e-08
"ENSG00000143621",5.72740216928665e-12,1.95845053242414,0.03,0.005,6.42213605242112e-08
"ENSG00000184216",5.76388408511145e-12,2.07827796433704,0.032,0.006,6.46304322463546e-08
"ENSG00000136235",6.53314471165413e-12,1.46565761655743,0.04,0.01,7.32561516517778e-08
"ENSG00000235912",6.54888895690098e-12,0.459431749036505,0.154,0.091,7.34326918737307e-08
"ENSG00000172053",6.96356661876269e-12,1.01387093113138,0.033,0.006,7.8082472496186e-08
"ENSG00000259746",7.30921500937161e-12,2.47221221463108,0.029,0.004,8.19582279000839e-08
"ENSG00000274012",7.40634937279722e-12,7.45979714652274,0.02,0,8.30473955171752e-08
"ENSG00000101493",7.40640169995022e-12,8.20188777286681,0.02,0,8.30479822615418e-08
"ENSG00000136286",7.40650118707776e-12,8.64278344006668,0.02,0,8.30490978107029e-08
"ENSG00000163479",7.63963332170256e-12,2.75898171023875,0.032,0.006,8.56632084362508e-08
"ENSG00000138964",7.735516551891e-12,0.756845215391328,0.093,0.045,8.67383470963538e-08
"ENSG00000168961",8.29406381748556e-12,0.478579682492258,0.09,0.043,9.30013375854656e-08
"ENSG00000160194",8.45780684331512e-12,0.29103446243155,0.12,0.065,9.48373881340925e-08
"ENSG00000088986",8.81279291772319e-12,1.26175165388168,0.049,0.016,9.88178469864301e-08
"ENSG00000214485",9.00213476531512e-12,0.370948398797584,0.141,0.081,1.00940937123478e-07
"ENSG00000160014",9.59397139999255e-12,2.42466603063959,0.029,0.004,1.07577201308117e-07
"ENSG00000100239",1.00572099733158e-11,-1.82112982962917,0.019,0.05,1.1277149543079e-07
"ENSG00000229939",1.0274701243864e-11,6.80110425726821,0.019,0,1.15210225047447e-07
"ENSG00000183978",1.02756585555833e-11,8.87419273476056,0.019,0,1.15220959383755e-07
"ENSG00000102317",1.04698859718467e-11,0.530700456291892,0.167,0.104,1.17398831402317e-07
"ENSG00000116171",1.05158124158471e-11,2.63091777960572,0.035,0.007,1.17913804618893e-07
"ENSG00000204482",1.10118243682497e-11,0.289451252046868,0.172,0.107,1.23475586641184e-07
"ENSG00000205105",1.10934126410662e-11,4.58589837652503,0.023,0.002,1.24390435944275e-07
"ENSG00000213362",1.15722916867996e-11,0.790493557016963,0.048,0.015,1.29760106684084e-07
"ENSG00000036257",1.18447319298362e-11,-2.95944409556845,0.005,0.025,1.32814979129253e-07
"ENSG00000078967",1.19281865528294e-11,2.64875545340869,0.025,0.003,1.33750755816876e-07
"ENSG00000078674",1.20995471047369e-11,-0.715840060283645,0.148,0.214,1.35672221685415e-07
"ENSG00000111237",1.25474480256023e-11,1.01622323415772,0.091,0.044,1.40694534711078e-07
"ENSG00000238113",1.27674541884734e-11,-2.54505712639247,0.011,0.036,1.43161463815352e-07
"ENSG00000160209",1.28602434838013e-11,1.65939706370704,0.038,0.009,1.44201910183865e-07
"ENSG00000103187",1.32427367271765e-11,0.476624921698945,0.167,0.104,1.4849080692183e-07
"ENSG00000213280",1.33760654637097e-11,1.04027949959482,0.048,0.015,1.49985822044577e-07
"ENSG00000248905",1.34506924459392e-11,-2.20706806715384,0.01,0.035,1.50822614396316e-07
"ENSG00000136930",1.36771759029015e-11,1.93606015214134,0.029,0.004,1.53362173399234e-07
"ENSG00000258427",1.42541836076699e-11,6.51519538518183,0.019,0,1.59832160792802e-07
"ENSG00000126934",1.42555335103194e-11,8.26200876530438,0.019,0,1.59847297251211e-07
"ENSG00000125505",1.42560116858764e-11,8.43389528307998,0.019,0,1.59852659033732e-07
"ENSG00000198833",1.42560514723355e-11,8.556592007013,0.019,0,1.59853105159298e-07
"ENSG00000167658",1.48817970947403e-11,0.436312782830325,0.125,0.07,1.66869590823323e-07
"ENSG00000178982",1.49329291543655e-11,1.07725584030376,0.048,0.015,1.674429346079e-07
"ENSG00000134574",1.49905721299013e-11,1.58568573078201,0.03,0.005,1.68089285292583e-07
"ENSG00000185825",1.55190588060759e-11,0.741342411104311,0.076,0.033,1.74015206392529e-07
"ENSG00000173540",1.59200003951437e-11,3.90825899878511,0.023,0.002,1.78510964430746e-07
"ENSG00000159388",1.60301029040488e-11,0.697156005648219,0.074,0.032,1.79745543863099e-07
"ENSG00000138496",1.62182263531461e-11,0.246313702197725,0.134,0.078,1.81854972097828e-07
"ENSG00000142634",1.62847550949595e-11,1.72652561233975,0.043,0.012,1.8260095887978e-07
"ENSG00000186417",1.7207784593578e-11,0.114225477764299,0.219,0.144,1.9295088864779e-07
"ENSG00000089127",1.80090810270346e-11,4.25807771371447,0.022,0.001,2.01935825556138e-07
"ENSG00000136141",1.82360331651925e-11,-3.47265629360067,0.007,0.028,2.04480639881303e-07
"ENSG00000213741",1.92010349445147e-11,0.261543327481339,0.24,0.165,2.15301204832843e-07
"ENSG00000148926",1.97779717751572e-11,9.11653371485683,0.019,0,2.21770397514837e-07
"ENSG00000204264",2.00048028040497e-11,2.38185801764828,0.037,0.009,2.24313853841809e-07
"ENSG00000233870",2.03038639948186e-11,2.48346069130715,0.031,0.006,2.27667226973901e-07
"ENSG00000177732",2.12720791943646e-11,-1.53639313150607,0.023,0.055,2.3852382400641e-07
"ENSG00000104823",2.1996092201337e-11,3.24964350013857,0.027,0.004,2.46642181853592e-07
"ENSG00000182541",2.2072614973483e-11,4.85462389443668,0.023,0.002,2.47500231697665e-07
"ENSG00000121089",2.21895985455433e-11,0.514404650691828,0.066,0.027,2.48811968491177e-07
"ENSG00000161265",2.24910687631505e-11,3.66877864859963,0.023,0.002,2.52192354041207e-07
"ENSG00000011638",2.27529307496199e-11,1.35083657307303,0.041,0.011,2.55128612495488e-07
"ENSG00000110660",2.34078413018601e-11,2.24467559228403,0.025,0.003,2.62472124517757e-07
"ENSG00000258153",2.5064102128081e-11,2.40878683448945,0.028,0.004,2.81043777162172e-07
"ENSG00000124733",2.63667915181018e-11,3.44776745766154,0.024,0.002,2.95650833292476e-07
"ENSG00000110852",2.6536947279227e-11,1.80467155067521,0.028,0.004,2.97558789841972e-07
"ENSG00000188641",2.65489516499395e-11,3.32976259541897,0.024,0.002,2.97693394850771e-07
"ENSG00000198755",2.74127680179421e-11,0.227534792083098,0.175,0.11,3.07379367785185e-07
"ENSG00000007080",2.74366548016477e-11,7.01187135348503,0.019,0,3.07647210290875e-07
"ENSG00000181061",2.74380095652232e-11,7.85284783236221,0.019,0,3.07662401254848e-07
"ENSG00000111679",2.89376598360658e-11,0.762487859051574,0.059,0.023,3.24477979741806e-07
"ENSG00000013364",2.95446925512901e-11,5.22623763428256,0.024,0.003,3.31284637577616e-07
"ENSG00000132382",3.0085213896198e-11,3.83316546650051,0.024,0.003,3.37345503418068e-07
"ENSG00000123130",3.15860810777477e-11,2.76690832355871,0.024,0.003,3.54174727124785e-07
"ENSG00000116586",3.30076225340804e-11,1.3779749103405,0.048,0.016,3.70114471474644e-07
"ENSG00000171735",3.35459396233389e-11,0.884487499004612,0.075,0.033,3.76150620996499e-07
"ENSG00000237506",3.39471407469625e-11,0.622606716273268,0.085,0.041,3.80649289195691e-07
"ENSG00000141252",3.47421356916607e-11,0.831261756031768,0.059,0.023,3.89563567510591e-07
"ENSG00000107223",3.55322755399788e-11,1.24240937728641,0.042,0.012,3.98423405629782e-07
"ENSG00000169567",3.59000680919957e-11,1.77062146016491,0.047,0.015,4.02547463515547e-07
"ENSG00000234618",3.60639615840784e-11,0.837729578066127,0.068,0.028,4.04385201242271e-07
"ENSG00000008018",3.7375006480368e-11,1.29659317709754,0.054,0.02,4.19085947664366e-07
"ENSG00000115866",3.7956969083703e-11,1.19277507531601,0.058,0.022,4.25611494335561e-07
"ENSG00000075413",4.02498709742745e-11,2.05883047696648,0.036,0.009,4.5132180323454e-07
"ENSG00000163840",4.13249172239823e-11,0.487085884290861,0.08,0.037,4.63376296832513e-07
"ENSG00000177700",4.13806441375648e-11,3.46013938233051,0.024,0.003,4.64001162714514e-07
"ENSG00000113558",4.22908809899347e-11,1.16120091696989,0.072,0.032,4.74207648540138e-07
"ENSG00000127184",4.37110471299347e-11,0.397359594535401,0.087,0.042,4.90131971467958e-07
"ENSG00000231006",4.49420798371732e-11,0.377751647255923,0.115,0.063,5.03935541214223e-07
"ENSG00000260257",4.73064802903565e-11,2.56163832257282,0.031,0.006,5.30447563495767e-07
"ENSG00000166272",4.78034442294043e-11,0.603979257204807,0.039,0.011,5.3602002014431e-07
"ENSG00000033327",4.82570951398594e-11,-2.12481976764577,0.025,0.057,5.41106807803244e-07
"ENSG00000185591",4.84080049821843e-11,-0.957086842795375,0.105,0.161,5.42798959865232e-07
"ENSG00000115944",4.93376912152025e-11,1.86394042153852,0.029,0.005,5.53223531596066e-07
"ENSG00000265185",5.07948120279829e-11,1.55125223371814,0.029,0.005,5.69562227269772e-07
"ENSG00000173846",5.18744125181827e-11,2.34554870823944,0.02,0.001,5.81667787566383e-07
"ENSG00000067167",5.21841270708218e-11,0.600351239677548,0.091,0.045,5.85140616845124e-07
"ENSG00000100997",5.28067975909961e-11,8.16772116971562,0.018,0,5.92122621387839e-07
"ENSG00000103066",5.28069698138923e-11,8.35051038858032,0.018,0,5.92124552523175e-07
"ENSG00000136908",5.28074367523371e-11,8.49529582774412,0.018,0,5.92129788303956e-07
"ENSG00000122034",5.65051714620502e-11,0.78334884779761,0.068,0.03,6.33592487603969e-07
"ENSG00000232388",5.70327731947344e-11,4.32340930996852,0.022,0.002,6.39508485832557e-07
"ENSG00000137288",5.93412451595e-11,2.2466167148874,0.027,0.004,6.65393381973474e-07
"ENSG00000157483",5.98358000585565e-11,2.301996317928,0.022,0.002,6.70938826056594e-07
"ENSG00000175701",6.02085244725018e-11,1.75971146397628,0.027,0.004,6.75118184910162e-07
"ENSG00000181804",6.43675225301913e-11,-1.16617560724833,0.018,0.046,7.21753030131035e-07
"ENSG00000136682",6.52825381229842e-11,0.152122316960381,0.302,0.22,7.32013099973021e-07
"ENSG00000110717",6.54018199040254e-11,4.28445763303576,0.021,0.001,7.33350606583836e-07
"ENSG00000113273",6.56329092817162e-11,0.599413878153793,0.053,0.019,7.35941811775884e-07
"ENSG00000137409",6.56529005330089e-11,2.27354963040096,0.031,0.006,7.36165973676628e-07
"ENSG00000188811",6.63490036229412e-11,2.77531879507222,0.03,0.006,7.4397137762404e-07
"ENSG00000125835",6.67333406658098e-11,2.06953192187222,0.027,0.004,7.48280948885725e-07
"ENSG00000212802",6.78610929390802e-11,0.122298627289355,0.151,0.091,7.60926435125907e-07
"ENSG00000224861",6.83591227763953e-11,0.122432993351581,0.198,0.127,7.66510843691721e-07
"ENSG00000023191",7.04812178908165e-11,3.06876268962745,0.023,0.002,7.90305896209725e-07
"ENSG00000127124",7.08977482002533e-11,1.91874556683917,0.03,0.006,7.9497645056944e-07
"ENSG00000177683",7.12224246357010e-11,0.626013156543317,0.065,0.027,7.98617047440116e-07
"ENSG00000204435",7.15572566730214e-11,2.98833583902424,0.025,0.003,8.02371519074589e-07
"ENSG00000259838",7.32530343827777e-11,6.50527991631675,0.018,0,8.21386274534086e-07
"ENSG00000169919",7.32575698520147e-11,8.24423406357641,0.018,0,8.21437130750641e-07
"ENSG00000187118",7.32577896051745e-11,8.39951228905432,0.018,0,8.21439594842822e-07
"ENSG00000125818",7.32582137815736e-11,8.67851765179989,0.018,0,8.21444351132785e-07
"ENSG00000122641",7.32584846423686e-11,8.62686702128436,0.018,0,8.21447388294879e-07
"ENSG00000178035",7.32585868542269e-11,8.59215736699671,0.018,0,8.21448534396446e-07
"ENSG00000105401",7.32589305425488e-11,8.61538967323443,0.018,0,8.21452388173599e-07
"ENSG00000178719",7.35040195912219e-11,1.16804186125914,0.037,0.01,8.24200571676371e-07
"ENSG00000213846",7.58962078100151e-11,1.45465384324678,0.042,0.012,8.510241781737e-07
"ENSG00000031698",7.59261341034047e-11,2.75960189081397,0.025,0.003,8.51359741701477e-07
"ENSG00000112893",7.83906594846242e-11,0.407778200952893,0.089,0.044,8.78994464801091e-07
"ENSG00000158417",7.84336366312979e-11,0.580019174232757,0.089,0.045,8.79476367546743e-07
"ENSG00000130724",7.97802902025026e-11,2.89218598031271,0.026,0.004,8.94576394040661e-07
"ENSG00000141002",8.09412591566681e-11,1.45237912279117,0.054,0.02,9.07594338923719e-07
"ENSG00000176386",8.43807694578091e-11,2.64173939584727,0.022,0.002,9.46161567930413e-07
"ENSG00000100519",8.45028707405641e-11,1.5732983397454,0.034,0.008,9.47530689613946e-07
"ENSG00000163406",8.8146720043686e-11,-2.03125710075536,0.011,0.035,9.88389171849851e-07
"ENSG00000146701",9.14740937880085e-11,1.73345556493889,0.027,0.004,1.02569901364494e-06
"ENSG00000153551",9.1881203926643e-11,2.850871454598,0.024,0.003,1.03026393962945e-06
"ENSG00000143153",9.5797953047629e-11,0.359974442467455,0.125,0.071,1.07418244752306e-06
"ENSG00000130340",9.76595806821433e-11,0.912632443112555,0.033,0.008,1.09505687818887e-06
"ENSG00000273837",1.01630326097204e-10,8.11978669265192,0.018,0,1.13958084652795e-06
"ENSG00000185650",1.0239897118806e-10,0.199012473566711,0.515,0.401,1.14819966393172e-06
"ENSG00000234741",1.04863756790068e-10,0.918471788844485,0.062,0.025,1.17583730488704e-06
"ENSG00000100603",1.06054712406731e-10,1.49801021244116,0.036,0.009,1.18919149021668e-06
"ENSG00000110324",1.13926430435117e-10,0.864236912433513,0.057,0.022,1.27745706446896e-06
"ENSG00000089060",1.15547354018131e-10,1.70845155880899,0.022,0.002,1.2956324806053e-06
"ENSG00000124788",1.18516253394029e-10,1.24299669704869,0.046,0.015,1.32892274930725e-06
"ENSG00000068697",1.21384738138779e-10,0.479538642068553,0.104,0.056,1.36108706875013e-06
"ENSG00000174748",1.22191387074549e-10,0.206698628019555,0.233,0.161,1.37013202326691e-06
"ENSG00000097033",1.2298398557054e-10,0.80177308867407,0.057,0.022,1.37901943020246e-06
"ENSG00000113719",1.24724110677236e-10,4.47647195345247,0.02,0.001,1.39853145302384e-06
"ENSG00000116030",1.27649684159084e-10,0.815414281542423,0.087,0.043,1.43133590847581e-06
"ENSG00000129534",1.28621956508626e-10,-0.887622897032388,0.074,0.122,1.44223799833122e-06
"ENSG00000214391",1.31176234536247e-10,0.482645570964802,0.121,0.069,1.47087911785494e-06
"ENSG00000118200",1.31540846910352e-10,-3.35319104147164,0.006,0.025,1.47496751640578e-06
"ENSG00000057608",1.33376851868913e-10,0.36523269990805,0.131,0.076,1.49555464000612e-06
"ENSG00000172590",1.3672116600479e-10,3.13575344105698,0.026,0.004,1.53305443441171e-06
"ENSG00000099795",1.3692339550544e-10,2.21719397382139,0.034,0.008,1.5353220338025e-06
"ENSG00000117862",1.38382274201233e-10,2.09891103536717,0.035,0.008,1.55168044061843e-06
"ENSG00000092820",1.40350614183959e-10,-0.172950714394588,0.109,0.058,1.57375143684473e-06
"ENSG00000169230",1.40950634057669e-10,5.98358230905361,0.017,0,1.58047945968864e-06
"ENSG00000123104",1.41635698933831e-10,-0.584409696554903,0.182,0.248,1.58816109214505e-06
"ENSG00000149485",1.47628342119726e-10,2.77359699023123,0.026,0.004,1.65535660018849e-06
"ENSG00000162695",1.48234514727189e-10,0.310173989683452,0.142,0.086,1.66215361363597e-06
"ENSG00000112701",1.52537340909249e-10,-1.50561384214069,0.028,0.061,1.71040120361541e-06
"ENSG00000130332",1.58930278186005e-10,1.8192908213244,0.039,0.011,1.78208520929967e-06
"ENSG00000196369",1.62231406804956e-10,-0.380118052548378,0.733,0.722,1.81910076450397e-06
"ENSG00000232573",1.64608348810329e-10,0.131144508673375,0.255,0.18,1.84575341521022e-06
"ENSG00000235174",1.73113234300356e-10,0.869854257667897,0.075,0.035,1.94111869620989e-06
"ENSG00000256745",1.74026434137793e-10,1.28756879358943,0.041,0.012,1.95135840598707e-06
"ENSG00000128228",1.74311721411392e-10,1.44562360266982,0.042,0.013,1.95455733218594e-06
"ENSG00000161671",1.85245736731866e-10,1.33793949980487,0.03,0.006,2.07716044597442e-06
"ENSG00000059728",1.93593328516985e-10,4.0368657329519,0.019,0.001,2.17076199266095e-06
"ENSG00000164442",1.95590608906003e-10,7.70474919337307,0.017,0,2.19315749766301e-06
"ENSG00000129235",1.95591420777651e-10,8.16457461439876,0.017,0,2.1931666011798e-06
"ENSG00000067064",1.95592365690929e-10,8.32537082630181,0.017,0,2.19317719649238e-06
"ENSG00000141959",1.95592529430834e-10,8.17399376673115,0.017,0,2.19317903250794e-06
"ENSG00000140307",1.96487308407327e-10,2.72555036685354,0.019,0.001,2.20321218917136e-06
"ENSG00000110876",2.00813439716467e-10,-1.19326304625835,0.067,0.112,2.25172109954074e-06
"ENSG00000111859",2.07277947000871e-10,1.77084827342435,0.048,0.017,2.32420761972076e-06
"ENSG00000228847",2.17417858877575e-10,2.6230513749425,0.021,0.002,2.43790645159425e-06
"ENSG00000164106",2.20907568528944e-10,-2.24142355172042,0.015,0.042,2.47703656591505e-06
"ENSG00000159216",2.21528504557935e-10,0.212203769569076,0.13,0.077,2.48399912160812e-06
"ENSG00000138756",2.25792655920623e-10,-1.00845349134189,0.156,0.215,2.53181305083795e-06
"ENSG00000049239",2.34826730697917e-10,-1.27295568193704,0.018,0.045,2.63311213131575e-06
"ENSG00000170160",2.35658438068551e-10,-3.9660919878585,0.004,0.02,2.64243806606266e-06
"ENSG00000213750",2.37153945099173e-10,0.385795767974865,0.128,0.074,2.65920718639702e-06
"ENSG00000165775",2.38193587481921e-10,5.15064765635668,0.02,0.001,2.67086469643478e-06
"ENSG00000128272",2.3839115676352e-10,1.14686993067968,0.042,0.013,2.67308004078935e-06
"ENSG00000133706",2.44855944143439e-10,0.622276654714741,0.083,0.041,2.74556970168038e-06
"ENSG00000204388",2.4538591083895e-10,-0.746911375600115,0.764,0.68,2.75151221823715e-06
"ENSG00000065518",2.49922775933626e-10,1.05255539967543,0.045,0.015,2.80238408654374e-06
"ENSG00000233380",2.64707550570599e-10,0.854424585872311,0.069,0.031,2.96816576454812e-06
"ENSG00000210127",2.71321670051735e-10,6.2561081638647,0.017,0,3.04232988629011e-06
"ENSG00000144655",2.71344981645795e-10,8.17711986771787,0.017,0,3.0425912791943e-06
"ENSG00000237541",2.73432844214667e-10,-6.01447917658281,0.001,0.012,3.06600248217906e-06
"ENSG00000232956",2.77372356311731e-10,2.16408991926875,0.025,0.004,3.11017623132344e-06
"ENSG00000176533",2.92101915116988e-10,0.642853016157981,0.058,0.023,3.27533877420679e-06
"ENSG00000100216",2.98776927474843e-10,0.233557061908402,0.111,0.062,3.35018568777542e-06
"ENSG00000235297",3.20984339166871e-10,0.701414193964792,0.059,0.024,3.59919739507812e-06
"ENSG00000161547",3.27622169693531e-10,0.508087853118748,0.144,0.089,3.67362738877357e-06
"ENSG00000181631",3.41517762611494e-10,-1.02824024039125,0.061,0.105,3.82943867216268e-06
"ENSG00000169490",3.50260425747502e-10,3.42410477988717,0.022,0.002,3.92747015390675e-06
"ENSG00000015475",3.58280823055652e-10,1.44349692716392,0.04,0.012,4.01740286892303e-06
"ENSG00000166226",3.61513620503484e-10,0.734562067644967,0.031,0.007,4.05365222670556e-06
"ENSG00000258581",3.76315817180076e-10,5.70041025764874,0.016,0,4.2196292580402e-06
"ENSG00000210144",3.76382812699923e-10,6.4852421630802,0.016,0,4.22038047880424e-06
"ENSG00000135766",3.76436181806248e-10,8.67188455946745,0.016,0,4.22097890659346e-06
"ENSG00000279392",3.76437468684039e-10,7.0258105444429,0.016,0,4.22099333635413e-06
"ENSG00000125356",3.81908995325207e-10,0.523181529721618,0.066,0.029,4.28234556458154e-06
"ENSG00000147123",4.02816595527573e-10,3.25428772824033,0.02,0.002,4.51678248565068e-06
"ENSG00000084623",4.08320905232764e-10,2.16813108449061,0.031,0.007,4.57850231037499e-06
"ENSG00000109519",4.18700574665146e-10,3.06580027577159,0.02,0.002,4.69488954372028e-06
"ENSG00000183208",4.34312394161034e-10,1.89901801379513,0.029,0.006,4.86994487572768e-06
"ENSG00000143669",4.36437976044688e-10,-1.60978586614245,0.025,0.056,4.89377902538909e-06
"ENSG00000137154",4.80288488731875e-10,0.159399148311804,0.37,0.286,5.38547482415051e-06
"ENSG00000160888",4.83880650502122e-10,1.77749764431587,0.019,0.001,5.42575373408029e-06
"ENSG00000004961",4.9458655241919e-10,1.94214206525364,0.042,0.014,5.54579901227637e-06
"ENSG00000113068",5.05871394606485e-10,1.68462054739491,0.021,0.002,5.67233594772251e-06
"ENSG00000271009",5.19596310449936e-10,-1.13299410464113,0.037,0.072,5.82623342907513e-06
"ENSG00000224908",5.22191904989251e-10,6.2561081638647,0.016,0,5.85533783064447e-06
"ENSG00000123689",5.22238095787707e-10,8.48018893535392,0.016,0,5.85585576806756e-06
"ENSG00000164691",5.22247742486438e-10,8.25018332990759,0.016,0,5.85596393650043e-06
"ENSG00000169689",5.22252734419951e-10,8.86646744165134,0.016,0,5.85601991105091e-06
"ENSG00000132792",5.26075590618662e-10,2.81117097344849,0.025,0.004,5.89888559760706e-06
"ENSG00000224011",5.31099860774649e-10,1.1636197563052,0.041,0.013,5.95522273886614e-06
"ENSG00000149100",5.39378723024594e-10,2.22733874334128,0.03,0.007,6.04805362127478e-06
"ENSG00000174695",5.40799592675264e-10,3.69847764511474,0.022,0.003,6.06398583266774e-06
"ENSG00000112033",5.47397127958299e-10,3.90279965433756,0.02,0.002,6.13796399579641e-06
"ENSG00000082515",5.51101420839032e-10,4.07820174217134,0.02,0.002,6.17950023186806e-06
"ENSG00000109320",5.61089958140147e-10,3.95702656247101,0.02,0.002,6.29150170062546e-06
"ENSG00000168769",5.75235199771933e-10,0.629250284412987,0.05,0.019,6.45011229504269e-06
"ENSG00000240065",5.80743573940689e-10,1.66456100981025,0.029,0.006,6.51187769459694e-06
"ENSG00000196262",5.85774333032501e-10,0.31074939434642,0.15,0.094,6.56828759629344e-06
"ENSG00000235013",5.87053003251254e-10,1.32537082630181,0.036,0.01,6.58262532545631e-06
"ENSG00000233276",5.87648150144624e-10,0.37717528303681,0.238,0.17,6.58929870757167e-06
"ENSG00000157741",5.95523640791069e-10,-1.18631868568203,0.042,0.079,6.67760658419026e-06
"ENSG00000138095",5.97630523544178e-10,1.04471900699297,0.046,0.016,6.70123106050086e-06
"ENSG00000140990",6.56204643834203e-10,2.76411258617192,0.024,0.003,7.35802267131292e-06
"ENSG00000153201",7.23897245014034e-10,0.490577629559396,0.16,0.103,8.11705980834237e-06
"ENSG00000249244",7.24529195638145e-10,6.64729892118917,0.016,0,8.12414587069052e-06
"ENSG00000213073",7.31646371407912e-10,5.51519538518183,0.017,0,8.20395076259691e-06
"ENSG00000162910",7.36619143208321e-10,5.04833356106904,0.017,0,8.2597104527949e-06
"ENSG00000254999",7.44662684958859e-10,1.13575344105698,0.042,0.014,8.34990268644369e-06
"ENSG00000100243",7.54250401668235e-10,4.80002318187788,0.02,0.002,8.45740975390592e-06
"ENSG00000084072",7.74502601104711e-10,2.4833726603683,0.025,0.004,8.68449766618712e-06
"ENSG00000014641",8.22930498161846e-10,1.4074719065167,0.033,0.008,9.22751967588878e-06
"ENSG00000149131",8.33469316770864e-10,1.67680291549926,0.028,0.006,9.3456914489517e-06
"ENSG00000132965",8.82636576053628e-10,0.201398233281864,0.231,0.161,9.89700392728933e-06
"ENSG00000170027",8.90690838626295e-10,0.762295045529539,0.057,0.023,9.98731637351664e-06
"ENSG00000122218",9.15306670921146e-10,0.584757455120461,0.051,0.02,1.02633337010388e-05
"ENSG00000080822",9.25532852024623e-10,1.30045319409748,0.033,0.008,1.03779998697521e-05
"ENSG00000240463",9.27826694339277e-10,0.164689489080187,0.244,0.172,1.04037207236263e-05
"ENSG00000265241",9.33756842026021e-10,1.37965469564573,0.045,0.016,1.04702154696378e-05
"ENSG00000169738",1.00520509340028e-09,8.07356367589127,0.016,0,1.12713647122974e-05
"ENSG00000100422",1.00521633384196e-09,8.21411407520007,0.016,0,1.12714907513699e-05
"ENSG00000108840",1.00521982348719e-09,7.78069804660637,0.016,0,1.12715298807618e-05
"ENSG00000117481",1.00523185320173e-09,8.42865863471383,0.016,0,1.1271664769951e-05
"ENSG00000196976",1.00523294044177e-09,8.39951228905432,0.016,0,1.12716769611736e-05
"ENSG00000165476",1.02981180217018e-09,0.970467510599128,0.059,0.025,1.15472797377343e-05
"ENSG00000135047",1.03209575918738e-09,0.908639028483092,0.05,0.019,1.1572889747768e-05
"ENSG00000262074",1.04893811571962e-09,1.23500679864915,0.025,0.004,1.17617430915641e-05
"ENSG00000071859",1.05259770533772e-09,1.22300910867213,0.025,0.004,1.18027780699518e-05
"ENSG00000178458",1.0594295800207e-09,1.27010680743962,0.044,0.015,1.18793838807721e-05
"ENSG00000173674",1.06263607097638e-09,0.542636559817373,0.068,0.032,1.19153382638582e-05
"ENSG00000120314",1.06811651295128e-09,1.60886933469532,0.027,0.006,1.19767904597227e-05
"ENSG00000107263",1.07035508092864e-09,1.1813244566851,0.033,0.008,1.20018915224528e-05
"ENSG00000249119",1.07606034443897e-09,0.331712353175638,0.094,0.05,1.20658646421942e-05
"ENSG00000167770",1.09287849904324e-09,3.16782954931533,0.02,0.002,1.22544466097719e-05
"ENSG00000107443",1.10708258124547e-09,1.82013551805139,0.026,0.005,1.24137169835054e-05
"ENSG00000128951",1.12691049048736e-09,1.5903965299547,0.027,0.006,1.26360473298348e-05
"ENSG00000151135",1.13812470752617e-09,1.18688605703146,0.044,0.015,1.2761792345491e-05
"ENSG00000170043",1.13898081069427e-09,1.36922511589124,0.028,0.006,1.27713918303148e-05
"ENSG00000164124",1.22934214599387e-09,0.599198006290438,0.108,0.061,1.37846134830293e-05
"ENSG00000114573",1.24429744313768e-09,3.50029650880249,0.019,0.001,1.39523072299028e-05
"ENSG00000134882",1.24789578380327e-09,3.0151000643609,0.023,0.003,1.39926554237861e-05
"ENSG00000172667",1.28463361623482e-09,-1.38108704326805,0.042,0.078,1.4404596738841e-05
"ENSG00000113643",1.32908337538721e-09,1.74040832558065,0.029,0.007,1.49030118882167e-05
"ENSG00000170348",1.35554098811137e-09,0.56241002360266,0.077,0.038,1.51996810996928e-05
"ENSG00000139154",1.37371347632268e-09,0.57137580486021,0.066,0.031,1.54034492100062e-05
"ENSG00000127616",1.39467511354472e-09,8.33659808172507,0.015,0,1.56384920481769e-05
"ENSG00000089048",1.45135811002616e-09,0.590697043643595,0.038,0.012,1.62740784877233e-05
"ENSG00000146070",1.47975397628218e-09,4.08878240077182,0.019,0.002,1.65924813360521e-05
"ENSG00000213300",1.48654236902602e-09,1.7033329561035,0.025,0.004,1.66685995838888e-05
"ENSG00000166927",1.49047596449986e-09,0.345177292931046,0.222,0.156,1.67127069899369e-05
"ENSG00000165264",1.49309766639151e-09,1.78916763750051,0.025,0.005,1.6742104133248e-05
"ENSG00000124422",1.54834374411176e-09,1.59963248755886,0.019,0.002,1.73615784027251e-05
"ENSG00000126261",1.64194491758562e-09,1.75287767754287,0.022,0.003,1.84111283608875e-05
"ENSG00000213621",1.64307652733081e-09,0.91943553413022,0.067,0.031,1.84238171009604e-05
"ENSG00000162241",1.66356248479935e-09,1.57537399438655,0.032,0.008,1.86535261420551e-05
"ENSG00000198912",1.73338494434556e-09,0.82902141209096,0.058,0.025,1.94364453809468e-05
"ENSG00000111142",1.76864609238993e-09,1.19880686501814,0.057,0.024,1.98318286339683e-05
"ENSG00000163956",1.78765665111227e-09,1.32845900808938,0.041,0.014,2.00449940289219e-05
"ENSG00000005075",1.8797892856103e-09,2.19497418904614,0.024,0.004,2.10780772595483e-05
"ENSG00000120438",1.90500020574548e-09,1.67227144942064,0.028,0.006,2.13607673070241e-05
"ENSG00000072062",1.93503703509456e-09,6.92528366848894,0.015,0,2.16975702745153e-05
"ENSG00000121073",1.94518361992641e-09,1.24375706074816,0.041,0.014,2.18113439302348e-05
"ENSG00000102172",1.96830484319271e-09,1.52351570139158,0.04,0.013,2.20706022067198e-05
"ENSG00000104870",1.97836479662231e-09,0.474831725184408,0.121,0.073,2.2183404464526e-05
"ENSG00000001036",1.97984671012609e-09,2.32925774838597,0.026,0.005,2.22000211606439e-05
"ENSG00000135334",1.98700082978033e-09,1.59771689233861,0.027,0.006,2.22802403043269e-05
"ENSG00000172354",2.01523476163495e-09,1.31616070356169,0.045,0.017,2.25968273822127e-05
"ENSG00000105967",2.02906900840358e-09,-1.47592581411038,0.016,0.041,2.27519507912293e-05
"ENSG00000182287",2.04873970724003e-09,0.993283697090583,0.038,0.012,2.29725183372824e-05
"ENSG00000130706",2.08719630038274e-09,3.04699587433353,0.019,0.002,2.34037321161917e-05
"ENSG00000187164",2.13365654882254e-09,-0.840332767920839,0.102,0.151,2.39246908819471e-05
"ENSG00000070495",2.13841391053979e-09,2.85786590712883,0.022,0.003,2.39780351788827e-05
"ENSG00000152082",2.23219314578448e-09,2.60335557360158,0.022,0.003,2.50295817436814e-05
"ENSG00000123066",2.27871243401016e-09,-1.00818305824319,0.062,0.104,2.55512025225559e-05
"ENSG00000134001",2.33031595808022e-09,0.680465785124373,0.046,0.017,2.61298328379535e-05
"ENSG00000197580",2.35287837688942e-09,-3.42837935215996,0.001,0.013,2.6382825240061e-05
"ENSG00000170889",2.39131127623181e-09,0.162794304027109,0.173,0.115,2.68137733403873e-05
"ENSG00000166548",2.43231332488756e-09,1.59096093703936,0.02,0.002,2.72735293119643e-05
"ENSG00000164615",2.46286308057599e-09,2.12783939299939,0.028,0.006,2.76160837224986e-05
"ENSG00000263001",2.51184169512067e-09,-1.12827147862418,0.071,0.114,2.81652809273881e-05
"ENSG00000244405",2.51547109141458e-09,-0.823745423711627,0.198,0.255,2.82059773480317e-05
"ENSG00000275895",2.52459965770542e-09,1.1752579329842,0.053,0.022,2.83083359618508e-05
"ENSG00000101367",2.55457847509451e-09,2.46915341294189,0.027,0.006,2.86444884412348e-05
"ENSG00000279134",2.62412304369666e-09,3.39146001675958,0.017,0.001,2.94242916889707e-05
"ENSG00000128595",2.62480532351489e-09,2.51089268279514,0.025,0.005,2.94319420925725e-05
"ENSG00000171202",2.68490131314527e-09,7.84893278235882,0.015,0,3.01057984242979e-05
"ENSG00000203814",2.71190431554964e-09,1.93781406344507,0.025,0.005,3.04085830902581e-05
"ENSG00000114209",2.71247277668504e-09,2.15079732128143,0.026,0.005,3.04149572449694e-05
"ENSG00000170906",2.74463565133871e-09,0.377273853387154,0.092,0.05,3.0775599558461e-05
"ENSG00000103591",2.79206140008034e-09,1.56148610743859,0.027,0.006,3.13073844791009e-05
"ENSG00000134686",2.88581458686469e-09,0.626070427780146,0.069,0.033,3.23586389625137e-05
"ENSG00000159461",2.92767403918439e-09,-0.799991950091652,0.287,0.333,3.28280090013745e-05
"ENSG00000227063",3.27805968268758e-09,0.104024973775052,0.176,0.116,3.67568832219758e-05
"ENSG00000161016",3.33558104692425e-09,0.375317720834822,0.236,0.172,3.74018702791617e-05
"ENSG00000189223",3.35742025251977e-09,2.59907064069297,0.024,0.004,3.76467532915041e-05
"ENSG00000100731",3.36145684151971e-09,2.652099907453,0.02,0.002,3.76920155639605e-05
"ENSG00000008952",3.37289355068105e-09,0.401400556591486,0.153,0.099,3.78202553837866e-05
"ENSG00000172216",3.66897381225043e-09,0.48006060352993,0.167,0.112,4.1140203356764e-05
"ENSG00000197136",3.67342360493657e-09,-1.09087243572243,0.032,0.064,4.11900988821537e-05
"ENSG00000273802",3.70576556686436e-09,2.09100401990225,0.034,0.01,4.15527493012501e-05
"ENSG00000174953",3.72318030059368e-09,0.657370131658068,0.068,0.033,4.1748020710557e-05
"ENSG00000124731",3.72554767502351e-09,7.6829228309199,0.015,0,4.17745660800386e-05
"ENSG00000214113",3.72556321471839e-09,8.09686029580241,0.015,0,4.17747403266373e-05
"ENSG00000118939",3.72556405997541e-09,7.97282925275673,0.015,0,4.17747498045042e-05
"ENSG00000132589",3.83559103777649e-09,4.30646236375175,0.019,0.002,4.30084823065878e-05
"ENSG00000230037",4.0255798017514e-09,0.501527781455638,0.054,0.022,4.51388263170385e-05
"ENSG00000157107",4.07963255891072e-09,-1.97622886288119,0.005,0.02,4.57449198830659e-05
"ENSG00000227018",4.09476150527401e-09,-2.58716633244785,0.003,0.017,4.59145607586375e-05
"ENSG00000010256",4.1793307008996e-09,3.02728947336882,0.027,0.006,4.68628351491872e-05
"ENSG00000213445",4.1907318878447e-09,-2.20479920157897,0.01,0.03,4.69906766584026e-05
"ENSG00000144029",4.39490875728354e-09,1.32865590181811,0.033,0.009,4.92801118954204e-05
"ENSG00000210107",4.47061847374237e-09,1.08436272679802,0.054,0.023,5.01290449460732e-05
"ENSG00000105373",4.48749906858098e-09,1.11113888615127,0.04,0.014,5.03183270559985e-05
"ENSG00000167552",4.49421639152395e-09,0.515971364659422,0.164,0.109,5.03936483981581e-05
"ENSG00000129562",4.49463006322122e-09,0.767186090319307,0.066,0.031,5.03982868988995e-05
"ENSG00000239917",4.57971848691807e-09,3.0258105444429,0.018,0.001,5.13523833938123e-05
"ENSG00000204574",4.58837455882842e-09,1.69934566895877,0.028,0.006,5.14494439281431e-05
"ENSG00000185164",4.68214546363439e-09,1.32537082630181,0.019,0.002,5.25008970837325e-05
"ENSG00000111640",4.78635299744942e-09,0.73690238207912,0.049,0.019,5.36693761604004e-05
"ENSG00000130255",4.94492518353093e-09,0.558917979815611,0.154,0.103,5.54474460829323e-05
"ENSG00000213024",5.0554654495149e-09,1.34737944723557,0.037,0.012,5.66869340854106e-05
"ENSG00000224543",5.16915629436291e-09,5.64729892118917,0.014,0,5.79617495286913e-05
"ENSG00000137801",5.16956567332182e-09,7.82521671338502,0.014,0,5.79663398949576e-05
"ENSG00000130520",5.17585381091886e-09,1.27044461579822,0.026,0.006,5.80368487818332e-05
"ENSG00000114353",5.23868020825123e-09,0.336091539420698,0.153,0.1,5.87413211751211e-05
"ENSG00000198231",5.32148750571111e-09,0.820501916793902,0.042,0.015,5.96698394015387e-05
"ENSG00000160201",5.33788026402744e-09,1.01678426865361,0.05,0.021,5.98536514005397e-05
"ENSG00000165678",5.48254751581921e-09,0.989835678062421,0.047,0.018,6.14758052948808e-05
"ENSG00000196954",5.50553231920758e-09,0.648190574518477,0.081,0.043,6.17335338952746e-05
"ENSG00000116918",5.56246838573219e-09,0.971913407389383,0.048,0.019,6.2371958009215e-05
"ENSG00000122574",5.6113225672209e-09,0.99984841348653,0.04,0.014,6.2919759946248e-05
"ENSG00000017260",5.7408235708178e-09,-1.51294401178724,0.034,0.065,6.437185469958e-05
"ENSG00000189306",6.01212134783370e-09,2.62402914186633,0.022,0.003,6.74139166732592e-05
"ENSG00000170860",6.10710526698893e-09,1.551113042378,0.038,0.013,6.84789713587468e-05
"ENSG00000109332",6.15679450804853e-09,-0.124886286039876,0.134,0.083,6.90361368187481e-05
"ENSG00000110172",6.2339340002747e-09,-1.3654322637239,0.075,0.117,6.99011019450803e-05
"ENSG00000182718",6.31934474324104e-09,2.43362371695383,0.023,0.004,7.08588126059618e-05
"ENSG00000169976",6.37389713122526e-09,1.99297722117511,0.026,0.006,7.14705085324289e-05
"ENSG00000163961",6.54691469561554e-09,1.91854447634221,0.023,0.004,7.34105544819371e-05
"ENSG00000226360",6.83737718597454e-09,0.149299972894931,0.151,0.097,7.66675103863325e-05
"ENSG00000173334",6.87353671971695e-09,1.41040693015761,0.035,0.011,7.70729672381862e-05
"ENSG00000198818",6.98983298453927e-09,1.31961921054742,0.041,0.014,7.83769972556388e-05
"ENSG00000189241",7.07965223907209e-09,0.271098283199143,0.18,0.122,7.93841405567153e-05
"ENSG00000183020",7.12777094134523e-09,2.16014844382479,0.02,0.003,7.99236955653041e-05
"ENSG00000153395",7.1739638623231e-09,7.88761325052288,0.014,0,8.04416567882289e-05
"ENSG00000196507",7.17406418099058e-09,8.22321628230732,0.014,0,8.04427816614474e-05
"ENSG00000008324",7.17406631011435e-09,8.08692205874629,0.014,0,8.04428055353122e-05
"ENSG00000198937",7.17406843923869e-09,8.24125020513759,0.014,0,8.04428294091834e-05
"ENSG00000074201",7.25219333039198e-09,1.38053661911863,0.024,0.005,8.13188438136852e-05
"ENSG00000087365",7.36564599498286e-09,0.731363185977648,0.062,0.029,8.25909885417429e-05
"ENSG00000120963",7.38481382207580e-09,1.01262420798257,0.044,0.017,8.28059173869359e-05
"ENSG00000129084",7.99464968618853e-09,1.36258772345658,0.043,0.016,8.9644006931232e-05
"ENSG00000236534",8.02879808654718e-09,1.01766737113429,0.047,0.019,9.00269129444536e-05
"ENSG00000151366",8.13773274939265e-09,0.845826871491002,0.062,0.029,9.12483973189398e-05
"ENSG00000196843",8.32951092839588e-09,1.78403525798091,0.027,0.006,9.3398806040103e-05
"ENSG00000138413",8.39988956309611e-09,1.46200551832366,0.042,0.015,9.41879616709967e-05
"ENSG00000115762",8.42331699384461e-09,0.617961376133593,0.056,0.025,9.44506534519796e-05
"ENSG00000125870",8.50353088488099e-09,1.42511199733059,0.033,0.01,9.53500918121705e-05
"ENSG00000110719",8.60271118562435e-09,3.82255736693453,0.017,0.001,9.64622005244058e-05
"ENSG00000224550",8.64174658546966e-09,3.27022927210935,0.017,0.001,9.68999044628713e-05
"ENSG00000270231",8.72342589945806e-09,-1.07842191580941,0.048,0.083,9.78157746106233e-05
"ENSG00000235655",9.00495776591211e-09,0.647298921189173,0.063,0.03,0.000100972591429173
"ENSG00000117000",9.45169968374505e-09,0.963749576310652,0.038,0.013,0.000105981908553833
"ENSG00000115233",9.64127779492566e-09,1.15348430852621,0.034,0.011,0.000108107647914501
"ENSG00000264113",9.95528144416192e-09,5.81722392263149,0.014,0,0.000111628570833388
"ENSG00000163463",9.95590133523517e-09,7.66966673421763,0.014,0,0.000111635521671992
"ENSG00000108179",9.95597417380525e-09,7.76831432215054,0.014,0,0.000111636338410878
"ENSG00000158526",9.95602267516667e-09,8.15509356138787,0.014,0,0.000111636882256644
"ENSG00000184164",9.95605848634159e-09,8.25314878838415,0.014,0,0.000111637283807348
"ENSG00000108175",1.01675169458601e-08,0.662095923117254,0.02,0.003,0.000114008367513929
"ENSG00000166012",1.02504606367447e-08,0.267611607101755,0.114,0.069,0.000114938415119818
"ENSG00000244682",1.02855979091973e-08,0.232867287191227,0.076,0.039,0.000115332409355829
"ENSG00000166278",1.04316667285568e-08,3.02334228885215,0.018,0.002,0.000116970279027307
"ENSG00000177600",1.07267567618181e-08,0.154699146700524,0.263,0.197,0.000120279123570266
"ENSG00000154589",1.07385731143153e-08,1.36195846021058,0.033,0.01,0.000120411620330818
"ENSG00000277072",1.08937244053332e-08,1.74923708495539,0.02,0.003,0.000122151331757001
"ENSG00000106400",1.11362597715105e-08,2.55479683949278,0.021,0.003,0.000124870880817948
"ENSG00000111845",1.15050581133077e-08,1.55118276817941,0.036,0.012,0.000129006216624519
"ENSG00000183648",1.18274857418216e-08,0.499071530084724,0.058,0.026,0.000132621597623045
"ENSG00000138698",1.2090704416266e-08,0.825067388523154,0.078,0.042,0.000135573068619591
"ENSG00000060982",1.22187445180883e-08,0.934256606553463,0.054,0.024,0.000137008782281324
"ENSG00000227502",1.25443608791875e-08,-2.42436206393827,0.003,0.016,0.000140659918538329
"ENSG00000178057",1.31889762736104e-08,2.53773109406452,0.019,0.003,0.000147887990955993
"ENSG00000132424",1.35183762985418e-08,-0.575989142513884,0.258,0.314,0.000151581553435549
"ENSG00000141447",1.35791270297397e-08,-4.22642481048415,0.002,0.013,0.000152262751384472
"ENSG00000173281",1.36451130869906e-08,1.36489919048845,0.027,0.007,0.000153002653044426
"ENSG00000100599",1.37401297154791e-08,1.56725942326406,0.042,0.016,0.000154068074499667
"ENSG00000143256",1.3773345833806e-08,0.891942466928572,0.039,0.014,0.000154440526834467
"ENSG00000175768",1.38169317379883e-08,5.98358230905361,0.014,0,0.000154929255578062
"ENSG00000169084",1.38176860736764e-08,7.95107966936628,0.014,0,0.000154937713944134
"ENSG00000165949",1.38177172034719e-08,8.84893278235882,0.014,0,0.000154938063002531
"ENSG00000132329",1.38177242016515e-08,8.46747788360436,0.014,0,0.000154938141473118
"ENSG00000157916",1.41596130483166e-08,2.26895123123951,0.02,0.003,0.000158771741110774
"ENSG00000169714",1.43304488120126e-08,0.499214249329275,0.1,0.059,0.000160687322529097
"ENSG00000147548",1.4599333337869e-08,0.372908717584209,0.069,0.035,0.000163702324717525
"ENSG00000151327",1.4732894107436e-08,0.732335025044973,0.03,0.008,0.000165199941626679
"ENSG00000204389",1.49634842502437e-08,-1.09001326638192,0.267,0.31,0.000167785548897982
"ENSG00000276291",1.49762762225888e-08,-2.28996532346286,0.012,0.032,0.000167928985283888
"ENSG00000125730",1.51315294256486e-08,-0.535663423617879,0.542,0.563,0.000169669839449798
"ENSG00000063046",1.52140906613242e-08,0.59911790616532,0.099,0.058,0.000170595598585429
"ENSG00000114316",1.52299225877128e-08,0.730627304788069,0.061,0.029,0.000170773121976023
"ENSG00000157954",1.53417254072102e-08,2.78056545205264,0.021,0.003,0.000172026766991048
"ENSG00000163162",1.53759493454322e-08,0.17759851313478,0.258,0.189,0.000172410520010331
"ENSG00000159873",1.55432563863129e-08,-1.21578294563126,0.05,0.086,0.000174286533859726
"ENSG00000155096",1.56272664281138e-08,2.15191931359273,0.024,0.005,0.00017522853845844
"ENSG00000258645",1.57228025073856e-08,1.73287465289525,0.027,0.006,0.000176299784515315
"ENSG00000075420",1.6070572014657e-08,1.32906530985955,0.026,0.006,0.000180199324000349
"ENSG00000145860",1.61757991471619e-08,0.218064347680314,0.115,0.069,0.000181379235837126
"ENSG00000111145",1.64415631205325e-08,-1.78652205376909,0.012,0.033,0.000184359247270531
"ENSG00000093010",1.68077091724825e-08,0.722933359026025,0.042,0.016,0.000188464842951046
"ENSG00000125629",1.71942960870634e-08,1.20901450639846,0.025,0.006,0.000192799642024242
"ENSG00000204397",1.80079853672852e-08,1.25400637499317,0.029,0.008,0.000201923539923369
"ENSG00000089063",1.80446747202959e-08,0.95972135398513,0.052,0.023,0.000202334937638677
"ENSG00000137815",1.80608175520357e-08,0.987054500960411,0.038,0.014,0.000202515947210977
"ENSG00000125743",1.81014910134978e-08,1.09957582074452,0.058,0.027,0.000202972018734351
"ENSG00000072364",1.82833865845276e-08,0.99497314052031,0.031,0.009,0.000205011613772308
"ENSG00000065911",1.8619966192346e-08,0.987003095242729,0.057,0.026,0.000208785680914775
"ENSG00000226970",1.91747101026412e-08,5.41283366755215,0.013,0,0.000215006024380915
"ENSG00000232310",1.91783520216382e-08,8.11327338569324,0.013,0,0.000215046861218629
"ENSG00000102393",1.91783848525903e-08,7.85284783236221,0.013,0,0.000215047229352095
"ENSG00000103035",1.91784280689188e-08,7.29691438025258,0.013,0,0.000215047713936786
"ENSG00000173706",1.91785101466776e-08,8.11653371485683,0.013,0,0.000215048634274696
"ENSG00000101336",1.95112194550218e-08,1.1879541046963,0.076,0.041,0.00021877930374916
"ENSG00000070961",1.96103238965674e-08,0.263889758374683,0.074,0.039,0.000219890561852211
"ENSG00000162645",2.00449349930753e-08,1.94125790021787,0.02,0.003,0.000224763856077354
"ENSG00000008988",2.00473859458821e-08,0.14813876235329,0.257,0.192,0.000224791338611177
"ENSG00000120699",2.00814644858628e-08,2.11219693499474,0.017,0.002,0.000225173461279979
"ENSG00000158716",2.00838049685893e-08,1.90812568307132,0.02,0.003,0.000225199705112792
"ENSG00000197170",2.0512847230403e-08,0.467023089281413,0.069,0.035,0.000230010555994508
"ENSG00000241839",2.0832525584736e-08,1.63022540783023,0.02,0.003,0.000233595109381645
"ENSG00000153317",2.18753928610955e-08,1.32336569041143,0.029,0.008,0.000245288780151464
"ENSG00000213650",2.22794987844412e-08,1.53182170376924,0.022,0.004,0.000249820019869939
"ENSG00000114867",2.25826344904403e-08,0.206726329803192,0.038,0.014,0.000253219080541307
"ENSG00000197594",2.25864319545324e-08,1.26007936605009,0.035,0.011,0.000253261661506172
"ENSG00000260228",2.26143548808579e-08,1.84893278235882,0.022,0.004,0.000253574761279059
"ENSG00000109689",2.26225149544216e-08,2.74422397192252,0.018,0.002,0.00025366626018393
"ENSG00000130312",2.34145802572795e-08,2.72497828501105,0.016,0.001,0.000262547688424875
"ENSG00000131669",2.35210455974307e-08,0.545389861108852,0.061,0.029,0.00026374148428399
"ENSG00000137575",2.3597041374597e-08,0.143640487047019,0.128,0.082,0.000264593624933356
"ENSG00000171310",2.45916082881236e-08,0.609451290567814,0.062,0.03,0.00027574570373473
"ENSG00000169764",2.49123784120211e-08,0.950672256159281,0.043,0.017,0.000279342499133993
"ENSG00000151718",2.52242004370356e-08,-3.02335732792927,0.004,0.019,0.00028283895950048
"ENSG00000101365",2.62027192649732e-08,4.84264651951139,0.017,0.002,0.000293811091118144
"ENSG00000067955",2.64211274634585e-08,0.942797722269479,0.032,0.01,0.00029626010224776
"ENSG00000088833",2.64376001504105e-08,3.53071394686885,0.017,0.002,0.000296444810486553
"ENSG00000265735",2.66204534700414e-08,6.42340290926234,0.013,0,0.000298495144759575
"ENSG00000144231",2.66207488232486e-08,7.52504317113818,0.013,0,0.000298498456555087
"ENSG00000167792",2.66207864984311e-08,8.24125020513759,0.013,0,0.000298498879006908
"ENSG00000145191",2.66209813868497e-08,7.77658193813414,0.013,0,0.000298501064290746
"ENSG00000168118",2.66210065038251e-08,8.23826016253177,0.013,0,0.000298501345927391
"ENSG00000104728",2.66210339464702e-08,7.85284783236221,0.013,0,0.000298501653641771
"ENSG00000115204",2.66210544121877e-08,8.15509356138787,0.013,0,0.00029850188312386
"ENSG00000062650",2.6806820127222e-08,0.814486924578721,0.052,0.023,0.00030058487408654
"ENSG00000155115",2.70571316954413e-08,2.50492024663252,0.02,0.003,0.000303391617700984
"ENSG00000198242",2.738686005057e-08,0.138180636750316,0.208,0.145,0.000307088861747041
"ENSG00000152256",2.81640683623555e-08,0.769554671240172,0.035,0.012,0.000315803698547092
"ENSG00000009413",2.82438584281345e-08,-1.41606131954629,0.015,0.037,0.000316698384554672
"ENSG00000115165",2.84103227308151e-08,2.09955888442422,0.02,0.003,0.00031856494878063
"ENSG00000179010",2.94799715410968e-08,1.59029234167987,0.043,0.017,0.000330558920890318
"ENSG00000134049",3.04638254157485e-08,3.42865863471383,0.018,0.002,0.000341590874386788
"ENSG00000115520",3.11234822105851e-08,0.611692955315031,0.057,0.027,0.000348987606027291
"ENSG00000228929",3.12716609030293e-08,0.286564009025459,0.137,0.089,0.000350649133705668
"ENSG00000172239",3.19428293286524e-08,2.52700468747146,0.018,0.002,0.00035817494526218
"ENSG00000143420",3.20221162515642e-08,1.45067905308144,0.041,0.016,0.00035906398952879
"ENSG00000105404",3.20632704810254e-08,0.977164835501176,0.023,0.005,0.000359525451903738
"ENSG00000229132",3.24362170441189e-08,0.529988545910283,0.037,0.013,0.000363707301715705
"ENSG00000099194",3.25553592424705e-08,1.1510406457395,0.024,0.005,0.000365043243185822
"ENSG00000157827",3.34051135308315e-08,0.168782893063026,0.091,0.052,0.000374571538021214
"ENSG00000071553",3.34541911678276e-08,0.725670540741993,0.079,0.043,0.00037512184556485
"ENSG00000123131",3.55926328107036e-08,1.6548391563371,0.029,0.008,0.00039910019170642
"ENSG00000185745",3.69549842721163e-08,7.94008067041702,0.013,0,0.00041437623864324
"ENSG00000134590",3.71358119742536e-08,2.70646099365732,0.017,0.002,0.000416403859667306
"ENSG00000163032",3.86158612612608e-08,2.32537082630181,0.02,0.003,0.000432999652322517
"ENSG00000141543",3.87437699328569e-08,1.42788573692774,0.019,0.003,0.000434433892257125
"ENSG00000106588",3.9545087957632e-08,1.8728586216043,0.022,0.004,0.000443419071268928
"ENSG00000117410",3.96166743358691e-08,0.298771578586488,0.118,0.074,0.0004442217693281
"ENSG00000164300",4.03032205292543e-08,2.33526363106024,0.022,0.004,0.000451920011794528
"ENSG00000136003",4.18873120970669e-08,0.773488417774719,0.071,0.037,0.000469682430544412
"ENSG00000226525",4.36878782576341e-08,0.58216390086647,0.082,0.045,0.000489872178902851
"ENSG00000233672",4.55330213159584e-08,-1.60359354285967,0.014,0.035,0.000510561768015842
"ENSG00000153037",4.7940007470003e-08,1.8561522888719,0.025,0.006,0.000537551303761143
"ENSG00000088205",4.87453867698343e-08,0.926408089881038,0.061,0.03,0.000546582021850153
"ENSG00000105393",4.97853104880859e-08,4.77162705619137,0.016,0.002,0.000558242686502907
"ENSG00000116001",5.0093787732951e-08,-2.10741222316699,0.02,0.044,0.00056170164184958
"ENSG00000228589",5.03487438294829e-08,2.70708014951459,0.023,0.005,0.000564560464559992
"ENSG00000198618",5.05453721373658e-08,0.509795397439238,0.073,0.039,0.000566765257776283
"ENSG00000089053",5.06353271918887e-08,1.18866102012495,0.038,0.014,0.000567773923802648
"ENSG00000184584",5.09013059531159e-08,3.75999905393854,0.016,0.002,0.000570756343652288
"ENSG00000082996",5.0980447999161e-08,0.606333118989189,0.068,0.035,0.000571643763414592
"ENSG00000074319",5.10134850010409e-08,1.91797069287857,0.025,0.006,0.000572014207316672
"ENSG00000180353",5.11026082590111e-08,0.155481985801961,0.201,0.144,0.000573013546408291
"ENSG00000213654",5.13020457451896e-08,6.13272574835942,0.012,0,0.000575249838940811
"ENSG00000267741",5.13027309487706e-08,5.80110425726821,0.012,0,0.000575257522128565
"ENSG00000263740",5.13031865597536e-08,6.0258105444429,0.012,0,0.000575262630894517
"ENSG00000215414",5.13035067451715e-08,5.98358230905361,0.012,0,0.000575266221133608
"ENSG00000196890",5.13047022988278e-08,7.726250262584,0.012,0,0.000575279626876756
"ENSG00000222009",5.13047076802195e-08,8.00836540998349,0.012,0,0.000575279687218302
"ENSG00000116871",5.13047570096661e-08,7.928997171288,0.012,0,0.000575280240349386
"ENSG00000132170",5.13047695662589e-08,7.91408546188408,0.012,0,0.000575280381146461
"ENSG00000083457",5.13047722569579e-08,7.69605823310903,0.012,0,0.000575280411317268
"ENSG00000004142",5.13048924416313e-08,8.046470015009,0.012,0,0.000575281758948012
"ENSG00000116670",5.13049094827617e-08,7.90657140822677,0.012,0,0.000575281950030207
"ENSG00000131828",5.13049516371577e-08,7.75999905393854,0.012,0,0.000575282422707449
"ENSG00000131504",5.13049659875972e-08,8.08692205874629,0.012,0,0.000575282583618928
"ENSG00000154874",5.19392137258663e-08,-1.28596101615656,0.056,0.091,0.000582394403508139
"ENSG00000173727",5.23672498013676e-08,3.03108548648358,0.014,0,0.000587193972022735
"ENSG00000168918",5.24538218865873e-08,-1.19613021134092,0.088,0.13,0.000588164704814304
"ENSG00000107863",5.25685763835067e-08,-1.1960686852619,0.05,0.085,0.000589451446988261
"ENSG00000120727",5.33544885226483e-08,1.30503037801764,0.03,0.009,0.000598263879804456
"ENSG00000173542",5.38171499548928e-08,-0.98506478748991,0.069,0.108,0.000603451702444213
"ENSG00000254373",5.43497991540309e-08,1.71768824908057,0.02,0.003,0.000609424297914148
"ENSG00000137210",5.43971778747408e-08,1.64923412609489,0.031,0.01,0.000609955555509468
"ENSG00000237214",5.46698167416284e-08,0.259667579250981,0.076,0.041,0.00061301265512388
"ENSG00000171492",5.62953353190305e-08,-1.20673188730016,0.042,0.074,0.000631239594932289
"ENSG00000107262",5.65571412736402e-08,1.76707627604274,0.022,0.004,0.000634175225101328
"ENSG00000176978",5.83921045729516e-08,0.522767694584991,0.035,0.012,0.000654750668576506
"ENSG00000012061",5.90167902216775e-08,0.42242551034897,0.047,0.02,0.00066175526875567
"ENSG00000110955",6.01373275231536e-08,0.629295686489283,0.074,0.04,0.000674319853517122
"ENSG00000124299",6.07826480743203e-08,2.50054199731008,0.015,0.001,0.000681555832857354
"ENSG00000151247",6.23396013195441e-08,0.199736750838495,0.078,0.042,0.000699013949596048
"ENSG00000160710",6.41443794610946e-08,1.1983487864202,0.052,0.024,0.000719250926897254
"ENSG00000173442",6.42210881900422e-08,3.06149740035662,0.018,0.003,0.000720111061874943
"ENSG00000185627",6.52421532042147e-08,2.48966029307469,0.018,0.003,0.000731560263878859
"ENSG00000233328",6.52531896280612e-08,0.198902824963898,0.105,0.064,0.00073168401529945
"ENSG00000070010",6.6010117884011e-08,1.45603228757565,0.028,0.008,0.000740171451833415
"ENSG00000132305",6.62679130818314e-08,2.06393852506452,0.024,0.006,0.000743062109386576
"ENSG00000196704",6.6708564981755e-08,3.64729892118917,0.019,0.003,0.000748003139140419
"ENSG00000171421",6.77011925087591e-08,3.76146994110848,0.014,0.001,0.000759133471600716
"ENSG00000149806",6.95314296327647e-08,0.277055167970537,0.144,0.095,0.000779655920472191
"ENSG00000099308",6.97253947548093e-08,1.50073791281237,0.024,0.006,0.000781830851385676
"ENSG00000089006",6.98855675167823e-08,0.806544224093175,0.078,0.044,0.000783626868565679
"ENSG00000177989",7.12334879534272e-08,7.63370985644122,0.012,0,0.000798741100421779
"ENSG00000178146",7.12335539742437e-08,6.50527991631675,0.012,0,0.000798741840713195
"ENSG00000235043",7.12335838704795e-08,6.93270114005142,0.012,0,0.000798742175939687
"ENSG00000131368",7.12335975729253e-08,7.52012768072406,0.012,0,0.000798742329585212
"ENSG00000152229",7.12336723135761e-08,8.03617726000116,0.012,0,0.000798743167652128
"ENSG00000077984",7.12338392346091e-08,7.47511794580649,0.012,0,0.000798745039337671
"ENSG00000139180",7.12338604111819e-08,7.56854480977476,0.012,0,0.000798745276790583
"ENSG00000128340",7.12338840791235e-08,7.94008067041702,0.012,0,0.000798745542179211
"ENSG00000092068",7.12339799966393e-08,8.33659808172507,0.012,0,0.000798746617702316
"ENSG00000161835",7.12340123843976e-08,7.66966673421763,0.012,0,0.000798746980866251
"ENSG00000186480",7.12341282330214e-08,8.22925267203799,0.012,0,0.000798748279876869
"ENSG00000163170",7.17858163529996e-08,2.58293010206945,0.016,0.002,0.000804934358766184
"ENSG00000243449",7.18019400943628e-08,0.904492448433907,0.042,0.017,0.00080511515427809
"ENSG00000100348",7.22379180334435e-08,2.66867257198174,0.016,0.002,0.000810003774909002
"ENSG00000149932",7.24814782623698e-08,0.705014419045461,0.036,0.013,0.000812734815755953
"ENSG00000108826",7.40945092077002e-08,2.19663751217961,0.02,0.004,0.000830821731745943
"ENSG00000141524",7.51652925422728e-08,1.47872160320861,0.02,0.004,0.000842828425276505
"ENSG00000187051",7.60289697614425e-08,1.77797310654899,0.022,0.005,0.000852512837935055
"ENSG00000153922",7.67492913092046e-08,-0.165748221814373,0.162,0.111,0.000860589803450111
"ENSG00000124228",7.81338586314342e-08,0.949429983548644,0.051,0.023,0.000876114956834272
"ENSG00000134970",7.81655699912167e-08,0.694523130075534,0.04,0.015,0.000876470536311513
"ENSG00000155366",7.92849196367332e-08,3.07356367589127,0.017,0.002,0.000889021803886689
"ENSG00000025293",7.97339520426079e-08,0.425631745584167,0.086,0.049,0.000894056804253762
"ENSG00000120533",8.09949927760534e-08,1.06152568988142,0.029,0.008,0.000908196853997886
"ENSG00000205583",8.11809965191158e-08,1.93320779327555,0.017,0.002,0.000910282513968846
"ENSG00000120265",8.18470286424123e-08,4.3791028102396,0.015,0.001,0.00091775073216737
"ENSG00000238082",8.31266150164166e-08,2.83316546650051,0.015,0.001,0.00093209873417908
"ENSG00000067596",8.3560430130876e-08,3.25137024485803,0.015,0.001,0.000936963103057513
"ENSG00000109475",8.84583142914783e-08,0.100575645234664,0.348,0.275,0.000991883078150346
"ENSG00000163938",8.89072970474139e-08,1.1367811130561,0.037,0.014,0.000996917521792652
"ENSG00000138448",8.90320775583525e-08,0.339584685521512,0.084,0.048,0.000998316685661807
"ENSG00000124562",8.96069804098141e-08,1.73986503992525,0.024,0.006,0.00100476307133525
"ENSG00000115145",9.00941030946687e-08,1.89970848648584,0.027,0.008,0.00101022517800052
"ENSG00000196735",9.26564886825891e-08,-0.84001376651766,0.079,0.119,0.00103895720759787
"ENSG00000228887",9.2932780728406e-08,0.155796632166002,0.051,0.023,0.00104205527030762
"ENSG00000004478",9.31961067154904e-08,-3.24513362172565,0.004,0.018,0.00104500794460079
"ENSG00000150977",9.35070698674764e-08,3.07311625922126,0.014,0.001,0.00104849477442401
"ENSG00000273559",9.7937380688555e-08,2.38746694739372,0.022,0.005,0.00109817184966077
"ENSG00000186395",9.79678526836665e-08,1.3448283332103,0.031,0.01,0.00109851353214195
"ENSG00000120992",9.82325431332948e-08,2.41700130176738,0.019,0.003,0.00110148150615363
"ENSG00000257199",9.89065109812547e-08,5.45465384324678,0.012,0,0.00110903870763281
"ENSG00000069849",9.89115796142664e-08,1.00407609428738,0.046,0.02,0.00110909554221477
"ENSG00000188677",9.89144978548278e-08,7.41283366755215,0.012,0,0.00110912826444618
"ENSG00000112972",9.89145393824926e-08,7.39146001675958,0.012,0,0.00110912873009589
"ENSG00000064601",9.89146518533269e-08,7.17086087724619,0.012,0,0.00110912999123135
"ENSG00000055070",9.89146812687942e-08,7.51519538518183,0.012,0,0.00110913032106699
"ENSG00000179958",9.89149044805278e-08,7.94008067041702,0.012,0,0.00110913282394016
"ENSG00000108960",9.96728839719847e-08,0.678080956369096,0.061,0.03,0.00111763204797786
"ENSG00000085662",1.00025218439148e-07,0.506366833157103,0.091,0.053,0.00112158277435817
"ENSG00000177156",1.01683132106989e-07,1.87040185474924,0.021,0.004,0.00114017296031566
"ENSG00000147251",1.03187326989592e-07,0.394174621131589,0.059,0.029,0.0011570394975343
"ENSG00000114978",1.04673412256709e-07,0.192872910293971,0.193,0.138,0.00117370297163448
"ENSG00000214975",1.05113124662752e-07,0.436952890764771,0.084,0.047,0.00117863346684343
"ENSG00000106565",1.05451657182083e-07,0.290675085040565,0.104,0.064,0.0011824294319827
"ENSG00000148429",1.06690662211902e-07,-1.65504477737979,0.008,0.025,0.00119632239538206
"ENSG00000179950",1.10776078758804e-07,2.91300251379895,0.017,0.002,0.00124213217112247
"ENSG00000162980",1.11878939927461e-07,-1.32689958562438,0.02,0.043,0.00125449855340662
"ENSG00000145349",1.12003933312047e-07,0.78370806624716,0.081,0.046,0.00125590010422799
"ENSG00000218208",1.12154597533306e-07,0.642898221160128,0.067,0.035,0.00125758950214096
"ENSG00000125970",1.12175752760817e-07,1.72849500403715,0.017,0.002,0.00125782671570704
"ENSG00000013441",1.12824552722959e-07,-0.257254728107005,0.327,0.244,0.00126510170968254
"ENSG00000162736",1.13494990448778e-07,4.29499717725829,0.015,0.001,0.00127261932790215
"ENSG00000153071",1.18092163648349e-07,0.881017760198411,0.048,0.021,0.00132416743098894
"ENSG00000169057",1.18400389744349e-07,0.879194815214063,0.025,0.007,0.00132762357020339
"ENSG00000110583",1.21458867897953e-07,1.64357102495242,0.027,0.008,0.00136191828573975
"ENSG00000162368",1.22519329194061e-07,1.00486480648365,0.056,0.027,0.001373809238253
"ENSG00000113575",1.25418236569284e-07,1.73062730478807,0.023,0.006,0.00140631468665138
"ENSG00000115271",1.2775703593749e-07,0.49848234486704,0.063,0.032,0.00143253964396708
"ENSG00000169385",1.2781549832332e-07,-1.95622517455033,0.013,0.032,0.00143319518269939
"ENSG00000140374",1.28976641090318e-07,1.65683968839878,0.026,0.007,0.00144621507654574
"ENSG00000211584",1.31189106031081e-07,4.44914736694023,0.016,0.002,0.00147102344592651
"ENSG00000187068",1.31331129872201e-07,3.04005950018118,0.014,0.001,0.00147261595925699
"ENSG00000239797",1.31950662627348e-07,0.186275216636149,0.118,0.074,0.00147956278004045
"ENSG00000068305",1.34015385527978e-07,-0.660331393644761,0.22,0.271,0.00150271451792521
"ENSG00000182831",1.34283150095103e-07,2.35237670561034,0.021,0.004,0.00150571696201639
"ENSG00000143870",1.34451362575726e-07,1.28030565477028,0.042,0.018,0.00150760312856162
"ENSG00000225971",1.37356639113146e-07,5.43389528307998,0.012,0,0.0015401799943757
"ENSG00000126457",1.37366578685535e-07,6.67409898053289,0.012,0,0.00154029144680091
"ENSG00000268205",1.37367821476197e-07,7.77245405251146,0.012,0,0.0015403053822126
"ENSG00000137309",1.37368078689403e-07,7.33659808172507,0.012,0,0.00154030826634427
"ENSG00000275700",1.37368143593735e-07,8.22623763428256,0.012,0,0.00154030899411656
"ENSG00000178449",1.37368554655122e-07,8.35603796254875,0.012,0,0.00154031360334789
"ENSG00000242692",1.3814736348359e-07,0.931549812932662,0.046,0.02,0.00154904638674149
"ENSG00000158669",1.3937444841136e-07,4.19161943741298,0.013,0,0.00156280569003658
"ENSG00000005810",1.39442273861396e-07,-0.925459695691766,0.082,0.122,0.00156356621680783
"ENSG00000135540",1.43803083482556e-07,-1.20660500493056,0.09,0.131,0.0016124639750899
"ENSG00000251062",1.46756126922649e-07,-0.898752483113753,0.046,0.078,0.00164557645118367
"ENSG00000183889",1.52696918532938e-07,-1.82722829898022,0.007,0.022,0.00171219054750983
"ENSG00000110442",1.59379560951797e-07,3.07260475592184,0.015,0.001,0.00178712301695249
"ENSG00000101040",1.60882403740375e-07,-1.96063769433061,0.007,0.023,0.00180397439314082
"ENSG00000099622",1.61950559345387e-07,0.562949651452935,0.044,0.019,0.00181595162193982
"ENSG00000167797",1.6424024618168e-07,2.2139992155176,0.023,0.006,0.00184162588043517
"ENSG00000147162",1.65846316732325e-07,-0.889906270336088,0.123,0.169,0.00185963474951956
"ENSG00000126653",1.66937934499124e-07,0.329087062132636,0.068,0.036,0.00187187505953868
"ENSG00000242247",1.68302490820308e-07,1.37900878990388,0.024,0.006,0.00188717582956811
"ENSG00000131495",1.70038192085315e-07,2.76317963323931,0.021,0.005,0.00190663824785264
"ENSG00000196083",1.74981613216252e-07,0.351433122888007,0.057,0.028,0.00196206882899383
"ENSG00000198791",1.77963248406745e-07,-1.13489380525827,0.081,0.119,0.00199550190438483
"ENSG00000125454",1.80625801379958e-07,3.72226097887039,0.014,0.001,0.00202535711087346
"ENSG00000204569",1.8197489558931e-07,-1.50435190878425,0.008,0.024,0.00204048450424293
"ENSG00000003056",1.8332878114895e-07,3.4983752206761,0.015,0.002,0.00205566562302317
"ENSG00000182934",1.84177927937785e-07,2.82606441012536,0.015,0.002,0.00206518710596638
"ENSG00000118564",1.84625974382563e-07,2.01963196951378,0.019,0.003,0.00207021105075168
"ENSG00000183726",1.84772857006003e-07,1.11316636480815,0.044,0.019,0.00207185804560831
"ENSG00000132670",1.86023457158424e-07,1.49529582774412,0.029,0.009,0.0020858810251174
"ENSG00000251634",1.87599541387508e-07,1.96478111104534,0.02,0.004,0.00210355365757812
"ENSG00000135698",1.90576813843405e-07,1.72530143319045,0.015,0.002,0.00213693781362611
"ENSG00000178723",1.90772931699445e-07,5.34773863933027,0.011,0,0.00213913688314588
"ENSG00000236018",1.90778068347019e-07,5.59215736699671,0.011,0,0.00213919448037512
"ENSG00000115009",1.90793639327701e-07,7.6829228309199,0.011,0,0.00213936907778151
"ENSG00000107819",1.90793696109338e-07,7.16457461439876,0.011,0,0.00213936971447401
"ENSG00000182853",1.9079421048483e-07,7.95107966936628,0.011,0,0.0021393754821664
"ENSG00000125868",1.90794253906193e-07,7.89522643463276,0.011,0,0.00213937596905014
"ENSG00000172172",1.90794564536186e-07,8.11978669265192,0.011,0,0.00213937945214426
"ENSG00000130202",1.90797427384708e-07,1.6129474163984,0.015,0.002,0.00213941155326474
"ENSG00000070081",1.92767093514941e-07,1.88608578077629,0.02,0.004,0.00216149741958304
"ENSG00000092203",1.99962886359599e-07,1.41512547906014,0.035,0.013,0.00224218384475018
"ENSG00000149177",2.05407778007758e-07,-0.555900311535332,0.131,0.179,0.00230323741480099
"ENSG00000124207",2.0714983674293e-07,2.67272151806908,0.016,0.002,0.00232277111939847
"ENSG00000139117",2.07657829064371e-07,3.09425160054478,0.016,0.002,0.0023284672372988
"ENSG00000108588",2.1263790270853e-07,0.23726031049923,0.061,0.031,0.00238430880307074
"ENSG00000231925",2.17143585349116e-07,0.245127869095157,0.11,0.07,0.00243483102251964
"ENSG00000143633",2.17310730623845e-07,1.10066453912712,0.016,0.002,0.00243670522248517
"ENSG00000206356",2.19067205565678e-07,-1.63810329767307,0.013,0.032,0.00245640057600795
"ENSG00000166033",2.27260736007713e-07,-0.810114851748249,0.079,0.117,0.00254827463285449
"ENSG00000164830",2.27690044403273e-07,-1.53320198038494,0.06,0.094,0.0025530884678939
"ENSG00000111229",2.2829566108517e-07,0.259256392498878,0.15,0.101,0.00255987924774801
"ENSG00000156030",2.43510734419193e-07,0.319156767703029,0.066,0.035,0.00273048586504241
"ENSG00000209082",2.45858851339144e-07,1.38240177133819,0.028,0.008,0.00275681530006582
"ENSG00000144554",2.487152408747e-07,1.1222454094867,0.037,0.014,0.00278884399592802
"ENSG00000167491",2.49978827462803e-07,3.60665693669183,0.013,0.001,0.00280301259234041
"ENSG00000084073",2.51451551928388e-07,3.1989028249639,0.015,0.002,0.00281952625177301
"ENSG00000019582",2.51667914725689e-07,0.130310142663763,0.911,0.837,0.00282195232781915
"ENSG00000067057",2.54062630096074e-07,2.05369750219414,0.013,0.001,0.00284880427126728
"ENSG00000168275",2.54659085884776e-07,3.17159864000371,0.015,0.002,0.00285549233002599
"ENSG00000183199",2.54763242994613e-07,-1.16645011331062,0.093,0.133,0.00285666024369859
"ENSG00000173110",2.56751339793444e-07,-1.88594518714558,0.016,0.036,0.00287895277310389
"ENSG00000196072",2.57251083756704e-07,1.75050420331616,0.015,0.002,0.00288455640216392
"ENSG00000114416",2.57853044591304e-07,-0.634256034274212,0.058,0.094,0.00289130618900229
"ENSG00000188856",2.65019566464535e-07,5.45465384324678,0.011,0,0.00297166439876683
"ENSG00000130726",2.65033895197754e-07,7.30836440099612,0.011,0,0.00297182506685242
"ENSG00000102007",2.65033950898692e-07,7.10673053982647,0.011,0,0.00297182569142704
"ENSG00000106105",2.65034210836535e-07,8.03961634396793,0.011,0,0.00297182860611006
"ENSG00000106244",2.65034688937064e-07,7.5732983397454,0.011,0,0.0029718339670513
"ENSG00000136689",2.65034832831543e-07,8.01536879772126,0.011,0,0.0029718355805401
"ENSG00000130811",2.65123941747069e-07,2.0066883909181,0.024,0.006,0.00297283475880989
"ENSG00000079805",2.66559537737408e-07,0.576675939553497,0.029,0.009,0.00298893209664956
"ENSG00000087191",2.67489709899839e-07,0.815696452884892,0.032,0.011,0.0029993621171069
"ENSG00000225840",2.69744801452169e-07,-1.54589585957599,0.007,0.022,0.00302464845868317
"ENSG00000179144",2.70158088550753e-07,-1.90365468736708,0.007,0.022,0.00302928264691959
"ENSG00000180448",2.76217590872756e-07,0.70751644402328,0.041,0.017,0.00309722784645622
"ENSG00000231607",2.81280170491831e-07,-1.69713657310776,0.037,0.065,0.0031539945517249
"ENSG00000229833",2.85181054471309e-07,0.325370826301811,0.037,0.014,0.00319773516378679
"ENSG00000183258",3.04042872439406e-07,3.63487966193511,0.014,0.001,0.00340923272866306
"ENSG00000130414",3.06301398660513e-07,2.29771448339895,0.014,0.001,0.00343455758318033
"ENSG00000099246",3.09600189644714e-07,2.34210484206161,0.017,0.003,0.00347154692648618
"ENSG00000110911",3.17606952381998e-07,0.246309983701801,0.053,0.025,0.00356132675705934
"ENSG00000165030",3.17821431792174e-07,1.76674247339412,0.022,0.005,0.00356373171468565
"ENSG00000170515",3.24682650651122e-07,0.344852375694777,0.031,0.011,0.00364066656175103
"ENSG00000197728",3.24778824804338e-07,0.118286863894413,0.123,0.08,0.00364174496253104
"ENSG00000117984",3.29916001144467e-07,0.174037352289014,0.128,0.085,0.00369934812083291
"ENSG00000119004",3.3221726226699e-07,1.90236261591439,0.021,0.005,0.00372515216179976
"ENSG00000108691",3.3980223122409e-07,1.92627487089199,0.02,0.004,0.00381020241871572
"ENSG00000112078",3.48818117095772e-07,3.65927156285525,0.015,0.002,0.00391129754699489
"ENSG00000142197",3.48908480639565e-07,3.05168917626851,0.013,0.001,0.00391231079341145
"ENSG00000091164",3.55208085880187e-07,1.72364980731929,0.024,0.006,0.00398294826697453
"ENSG00000124357",3.68157341029744e-07,0.450590212100127,0.066,0.035,0.00412814826496651
"ENSG00000243167",3.68175404323617e-07,4.94008067041702,0.011,0,0.00412835080868072
"ENSG00000175197",3.68215519805379e-07,7.69605823310903,0.011,0,0.00412880062357771
"ENSG00000072803",3.68216216601273e-07,7.53968994710258,0.011,0,0.00412880843675008
"ENSG00000246582",3.68216610162416e-07,7.84500707914502,0.011,0,0.00412881284975117
"ENSG00000023330",3.68216623066066e-07,7.76416267888007,0.011,0,0.0041288129944398
"ENSG00000120697",3.68216629517892e-07,8.20801387566365,0.011,0,0.00412881306678412
"ENSG00000157191",3.68216655325194e-07,8.43650649653652,0.011,0,0.0041288133561614
"ENSG00000102226",3.68216874687321e-07,7.80110425726821,0.011,0,0.00412881581586893
"ENSG00000086300",3.68217087597724e-07,7.73899875532598,0.011,0,0.00412881820323328
"ENSG00000213639",3.69309036643841e-07,-0.134251982788606,0.496,0.39,0.00414106222788739
"ENSG00000132581",3.77678281492972e-07,0.912289523988294,0.07,0.039,0.0042349065703807
"ENSG00000145781",3.79529344350511e-07,3.96922701607654,0.016,0.002,0.00425566253820227
"ENSG00000247556",3.84622882153412e-07,-1.18670801195828,0.027,0.051,0.00431277637758621
"ENSG00000123144",3.848382509656e-07,1.25322104054598,0.029,0.01,0.00431519130807727
"ENSG00000227008",4.11152110868844e-07,0.607060431322031,0.098,0.061,0.00461024861917234
"ENSG00000135655",4.1389685269149e-07,-0.533857400986001,0.182,0.233,0.00464102540922968
"ENSG00000204619",4.18937887686495e-07,3.33393283980524,0.014,0.001,0.00469755053462867
"ENSG00000227077",4.2069232985107e-07,0.145973072239216,0.082,0.047,0.00471722309462005
"ENSG00000160948",4.34458315379851e-07,3.54001374803332,0.018,0.003,0.00487158109035427
"ENSG00000166797",4.38557350232596e-07,0.816295386543213,0.041,0.018,0.00491754356815809
"ENSG00000226396",4.43443603527442e-07,0.281248273069503,0.17,0.121,0.00497233312635321
"ENSG00000145569",4.51933150511953e-07,-1.18392210473821,0.041,0.071,0.00506752641669053
"ENSG00000175166",4.54170575656182e-07,2.63981733981972,0.018,0.003,0.00509261466483277
"ENSG00000229180",4.57058772911736e-07,2.01664222916931,0.02,0.004,0.00512500002065929
"ENSG00000112110",4.74775110948997e-07,3.84893278235882,0.015,0.002,0.00532365331907111
"ENSG00000231684",4.80415546802376e-07,2.91033332702297,0.013,0.001,0.00538689952629504
"ENSG00000178852",4.80549229138762e-07,-2.51816643206244,0.003,0.014,0.00538839850633294
"ENSG00000131724",4.85366107986068e-07,-0.879770744341426,0.111,0.153,0.00544241016884778
"ENSG00000174485",4.97146555771811e-07,1.39925653891788,0.023,0.006,0.00557450432986932
"ENSG00000147677",5.00981865577154e-07,0.892411419025705,0.048,0.023,0.00561750965871662
"ENSG00000118705",5.06691279472237e-07,0.384489793143098,0.108,0.069,0.00568152931672219
"ENSG00000236603",5.11628775476425e-07,5.30265074980173,0.011,0,0.00573689345941715
"ENSG00000227295",5.1162963651725e-07,5.73476176243951,0.011,0,0.00573690311426792
"ENSG00000114503",5.11646794806239e-07,7.18335182142938,0.011,0,0.00573709551016236
"ENSG00000197226",5.11647853200765e-07,7.31972426316067,0.011,0,0.00573710737794017
"ENSG00000166889",5.11648902627678e-07,7.64278344006668,0.011,0,0.00573711914516415
"ENSG00000185728",5.11649001291843e-07,7.74322334118771,0.011,0,0.00573712025148544
"ENSG00000168701",5.11649943086938e-07,7.35879382783926,0.011,0,0.00573713081183383
"ENSG00000105643",5.15142585018436e-07,-2.2402969850657,0.007,0.022,0.00577629380581173
"ENSG00000005700",5.15360228647778e-07,2.04011459817454,0.027,0.008,0.00577873424382753
"ENSG00000128609",5.24805232176076e-07,2.38869676167064,0.022,0.006,0.00588464106839034
"ENSG00000105246",5.30871007048271e-07,0.574942972329042,0.034,0.013,0.00595265660203227
"ENSG00000132386",5.33280184202348e-07,1.26592913467572,0.025,0.007,0.00597967070546093
"ENSG00000163872",5.37846949716912e-07,1.39146001675958,0.015,0.002,0.00603087784717573
"ENSG00000130748",5.40180796740191e-07,1.70614970417601,0.029,0.01,0.00605704727384776
"ENSG00000154473",5.50155508107982e-07,0.787650807248139,0.036,0.014,0.0061688937124148
"ENSG00000116991",5.62286797250594e-07,1.45600026895429,0.041,0.018,0.00630492185757091
"ENSG00000248923",5.64897123595125e-07,0.854009720293352,0.052,0.026,0.00633419144687213
"ENSG00000104412",5.71782157477423e-07,1.29748386855057,0.045,0.02,0.00641139333179434
"ENSG00000120280",5.72698393446313e-07,3.81553557247872,0.014,0.001,0.00642166708571351
"ENSG00000117713",5.7307191033621e-07,-0.861304844798019,0.039,0.067,0.00642585533059992
"ENSG00000070770",5.79134381360698e-07,0.634234010133828,0.042,0.018,0.00649383381819751
"ENSG00000204713",5.81063003126824e-07,0.709592945045354,0.058,0.03,0.00651545945406108
"ENSG00000203667",5.81290662278665e-07,2.08436272679802,0.016,0.003,0.00651801219613067
"ENSG00000157020",5.8488288548886e-07,3.30675514813446,0.017,0.003,0.00655829179498659
"ENSG00000033627",5.86708166179617e-07,0.674251776648014,0.045,0.02,0.00657875866737204
"ENSG00000136315",5.87906225788774e-07,-2.79724846036214,0.003,0.014,0.00659219250976952
"ENSG00000157637",5.9380305287689e-07,2.88460305192955,0.017,0.003,0.00665831363190857
"ENSG00000124243",5.98215258830676e-07,-0.99251043552285,0.082,0.12,0.00670778769726837
"ENSG00000083099",6.0850485176182e-07,1.83944984086646,0.017,0.003,0.00682316490280528
"ENSG00000100280",6.15932932195081e-07,1.02161666055671,0.057,0.03,0.00690645596870344
"ENSG00000144566",6.1863857661075e-07,1.91494995509334,0.019,0.004,0.00693679435953634
"ENSG00000164713",6.19144900083596e-07,0.498575698010727,0.046,0.021,0.00694247176463737
"ENSG00000128805",6.23442030695477e-07,-1.65319779316668,0.011,0.029,0.00699065549018838
"ENSG00000225475",6.27766438405317e-07,0.377795873186445,0.14,0.096,0.00703914507383882
"ENSG00000088930",6.33120898095133e-07,0.590988393149607,0.032,0.012,0.00709918463034073
"ENSG00000197555",6.37840604344012e-07,1.29239350385554,0.023,0.006,0.0071521066965094
"ENSG00000162734",6.44326433567324e-07,0.88746921867123,0.042,0.019,0.00722483229959041
"ENSG00000198646",6.46824760208093e-07,0.810056098564496,0.018,0.003,0.00725284603621335
"ENSG00000242477",6.51415782816097e-07,1.65688497001837,0.025,0.008,0.00730432517271689
"ENSG00000204642",6.5955310835031e-07,3.40387279998053,0.014,0.002,0.00739556900393203
"ENSG00000256167",6.69249575758891e-07,2.82013551805139,0.014,0.002,0.00750429549298445
"ENSG00000198712",6.98210701644454e-07,-0.169568119837502,0.566,0.443,0.00782903659753926
"ENSG00000226415",7.11014724401211e-07,5.13272574835942,0.01,0,0.00797260810471077
"ENSG00000125144",7.11050555169027e-07,5.6829228309199,0.01,0,0.0079730098751103
"ENSG00000278771",7.11064261808147e-07,5.81722392263149,0.01,0,0.00797316356765475
"ENSG00000126756",7.11072929907307e-07,7.82521671338502,0.01,0,0.00797326076305063
"ENSG00000205670",7.1107354104285e-07,7.30836440099612,0.01,0,0.00797326761571348
"ENSG00000013306",7.11074825676156e-07,7.51519538518183,0.01,0,0.00797328202030674
"ENSG00000180098",7.11074825676156e-07,7.58275866899446,0.01,0,0.00797328202030674
"ENSG00000168883",7.1107563636809e-07,7.50527991631675,0.01,0,0.0079732911105954
"ENSG00000223467",7.11905082982937e-07,3.94008067041702,0.011,0,0.00798259169548767
"ENSG00000217716",7.14501590227698e-07,1.0024515290114,0.044,0.02,0.00801170633122317
"ENSG00000035141",7.20564546040496e-07,3.63229675784993,0.015,0.002,0.00807969025475208
"ENSG00000171858",7.46772238620332e-07,0.347603020074281,0.153,0.107,0.00837355711164979
"ENSG00000008294",7.51867838728514e-07,0.816415463635328,0.052,0.026,0.00843069407566283
"ENSG00000104320",7.60828776811414e-07,1.71037760381255,0.021,0.005,0.00853117307438639
"ENSG00000187735",7.67250360007673e-07,2.14422138719724,0.021,0.005,0.00860317828676604
"ENSG00000115484",7.72263320822155e-07,2.61159485950749,0.016,0.003,0.00865938861637883
"ENSG00000127125",7.77371078710953e-07,1.01792952931931,0.029,0.01,0.00871666190558592
"ENSG00000173163",7.84007208088745e-07,0.631976251541344,0.067,0.037,0.0087910728242991
"ENSG00000158042",7.90515013184806e-07,2.39504435410862,0.013,0.001,0.00886404484284123
"ENSG00000142864",7.95366314008495e-07,0.10120425926436,0.115,0.075,0.00891844247897725
"ENSG00000236768",8.36593393993347e-07,-0.879550151721197,0.099,0.138,0.0093807217268474
"ENSG00000145741",8.41872665193465e-07,0.101902007809641,0.096,0.06,0.00943991819481432
"ENSG00000163219",8.43113651984292e-07,0.662002565016877,0.059,0.031,0.00945383337969987
"ENSG00000186591",8.52816559902815e-07,1.43611789180935,0.018,0.003,0.00956263208619026
"ENSG00000131374",8.53334409879982e-07,-2.4830627463039,0.007,0.021,0.00956843873798424
"ENSG00000196419",8.65835623335564e-07,0.921664799378952,0.036,0.014,0.00970861484446168
"ENSG00000103194",8.68968220314654e-07,0.812778017600293,0.02,0.005,0.00974374065438821
"ENSG00000219747",8.8388488422513e-07,0.130613971879563,0.12,0.079,0.00991100120681639
"ENSG00000184384",9.01752959846604e-07,-2.55053882597355,0.002,0.011,0.01011135593876
"ENSG00000181704",9.05073644296828e-07,5.36246014503703,0.012,0.001,0.0101485907735003
"ENSG00000119922",9.15002383462399e-07,3.94008067041702,0.012,0.001,0.0102599217257639
"ENSG00000084444",9.17950724604707e-07,3.40387279998053,0.012,0.001,0.0102929814749926
"ENSG00000213772",9.18939942305926e-07,2.67114566314354,0.014,0.002,0.0103040735730763
"ENSG00000172939",9.29393601754062e-07,1.024368570269,0.012,0.001,0.0104212904564683
"ENSG00000095970",9.30343441836187e-07,0.142461691271046,0.166,0.118,0.0104319410133092
"ENSG00000107929",9.86476981694199e-07,0.623533455539207,0.051,0.025,0.011061366395737
"ENSG00000049541",9.88409091557734e-07,7.77245405251146,0.01,0,0.0110830311436369
"ENSG00000170035",9.88411520084768e-07,7.58746567167199,0.01,0,0.0110830583747105
"ENSG00000109466",9.88411641511252e-07,7.65180031342411,0.01,0,0.0110830597362657
"ENSG00000023041",9.88411849670965e-07,7.439112992351,0.01,0,0.0110830620703605
"ENSG00000204308",9.88412942510073e-07,7.77245405251146,0.01,0,0.0110830743243654
"ENSG00000197345",9.88413358830006e-07,8.2561081638647,0.01,0,0.0110830789925609
"ENSG00000198855",1.00496379252372e-06,2.79049355701696,0.015,0.002,0.0112686590055685
"ENSG00000265354",1.01470747575745e-06,2.74408398372405,0.015,0.002,0.0113779149256683
"ENSG00000175756",1.04813329229034e-06,2.13272574835942,0.02,0.005,0.0117527186064516
"ENSG00000198015",1.05917747164603e-06,2.69770387462642,0.016,0.003,0.011876556989567
"ENSG00000160305",1.08050006912239e-06,-1.08882569653766,0.033,0.058,0.0121156472750694
"ENSG00000121274",1.08430838215999e-06,1.64729892118917,0.025,0.008,0.01215834988916
"ENSG00000164190",1.08798987307967e-06,-0.892176443960916,0.078,0.114,0.0121996304468424
"ENSG00000205940",1.09743909798498e-06,-1.51173143914985,0.021,0.042,0.0123055846057056
"ENSG00000175309",1.0988506722886e-06,3.82042635466983,0.013,0.001,0.0123214125883721
"ENSG00000164654",1.11297785256092e-06,2.88735000902213,0.016,0.003,0.0124798206607656
"ENSG00000125037",1.11469786047821e-06,2.86231181216002,0.017,0.003,0.0124991071095421
"ENSG00000118579",1.12222086202374e-06,1.43350072679668,0.013,0.001,0.0125834625258722
"ENSG00000111790",1.13495382158294e-06,-0.989223048970902,0.117,0.158,0.0127262372014096
"ENSG00000140836",1.16536197639075e-06,-0.639776405195832,0.237,0.284,0.0130672038412695
"ENSG00000130522",1.19721148136446e-06,-0.215558906356679,0.292,0.222,0.0134243323405397
"ENSG00000168386",1.21856291512461e-06,-2.3851225565032,0.002,0.012,0.0136637459672923
"ENSG00000054116",1.26712477470599e-06,3.9871489240738,0.012,0.001,0.0142082700987782
"ENSG00000128731",1.32183453830733e-06,-0.629240728963279,0.047,0.076,0.0148217306780401
"ENSG00000182827",1.33724742428245e-06,1.48080482514713,0.023,0.007,0.0149945553684791
"ENSG00000270882",1.37396956737223e-06,0.248829271428818,0.067,0.038,0.0154063207589448
"ENSG00000140280",1.37418851767584e-06,7.73476176243951,0.01,0,0.0154087758486992
"ENSG00000125633",1.37418941056149e-06,7.66522082918644,0.01,0,0.0154087858606259
"ENSG00000204568",1.37419013452318e-06,7.88379153957048,0.01,0,0.0154087939784084
"ENSG00000101310",1.37419047237208e-06,7.726250262584,0.01,0,0.0154087977667081
"ENSG00000196511",1.37459821858405e-06,-1.40332715188079,0.015,0.034,0.0154133698249829
"ENSG00000041357",1.37627701421014e-06,0.932137697341315,0.043,0.02,0.0154321941603383
"ENSG00000181524",1.38200639221186e-06,0.455853922373973,0.073,0.042,0.0154964376758716
"ENSG00000145354",1.38306412657615e-06,2.78480244493911,0.015,0.002,0.0155082980512983
"ENSG00000148690",1.39044285710082e-06,1.85415049162984,0.02,0.005,0.0155910357566715
"ENSG00000074266",1.39560206146442e-06,-1.29020704165743,0.022,0.043,0.0156488859152006
"ENSG00000249915",1.40458040395826e-06,2.0258105444429,0.02,0.005,0.015749560069584
"ENSG00000196204",1.43820216203355e-06,1.56194486317919,0.02,0.005,0.0161265608428822
"ENSG00000116750",1.44288787630697e-06,3.55418951679769,0.015,0.003,0.0161791017570301
"ENSG00000171824",1.4652813926931e-06,1.51861690197874,0.015,0.003,0.0164302002562677
"ENSG00000185215",1.4916199488686e-06,0.990763597343703,0.037,0.016,0.0167255344866636
"ENSG00000204356",1.49911640115541e-06,2.11222529626038,0.018,0.004,0.0168095922061556
"ENSG00000113712",1.50860178192228e-06,0.316312323523931,0.065,0.036,0.0169159517806946
"ENSG00000277117",1.50863315342153e-06,3.10015788590299,0.013,0.001,0.0169163035493157
"ENSG00000134884",1.51388040762214e-06,-0.736379908562695,0.309,0.345,0.016975141010667
"ENSG00000214855",1.52306898252331e-06,0.769390719306261,0.056,0.03,0.0170781725010338
"ENSG00000160679",1.56284593149913e-06,1.40049030610561,0.017,0.003,0.0175241914298998
"ENSG00000128699",1.57946434318982e-06,0.359764692075083,0.039,0.017,0.0177105336801874
"ENSG00000067048",1.62321984216721e-06,1.65218114256892,0.022,0.006,0.018201164090221
"ENSG00000213613",1.62912502825145e-06,-0.686727316216059,0.051,0.081,0.0182673789417835
"ENSG00000128692",1.66645047662056e-06,0.176483033227042,0.13,0.088,0.0186859091943464
"ENSG00000107719",1.67457924749356e-06,-0.243166126506234,0.054,0.086,0.0187770571021453
"ENSG00000168036",1.7082172774709e-06,-0.137067728227522,0.782,0.615,0.0191542403322812
"ENSG00000135678",1.73443898297337e-06,0.864803137804335,0.033,0.013,0.0194482643160804
"ENSG00000103342",1.75571463481628e-06,0.780565452052638,0.051,0.026,0.019686828200195
"ENSG00000065613",1.7606477872852e-06,0.581293736149021,0.048,0.023,0.019742143638829
"ENSG00000167881",1.77003296446963e-06,2.74450108021454,0.012,0.001,0.019847379630598
"ENSG00000078618",1.8385493652295e-06,0.275797211752409,0.049,0.025,0.0206156540323184
"ENSG00000161526",1.84301443856094e-06,1.27098524751997,0.026,0.009,0.0206657208995838
"ENSG00000135341",1.86490611953865e-06,-3.89379769416035,0.002,0.011,0.0209111923183869
"ENSG00000213463",1.8834688830218e-06,0.797772520676084,0.037,0.016,0.0211193365853234
"ENSG00000141837",1.89750721889136e-06,-1.74851488631425,0.022,0.043,0.0212767484454288
"ENSG00000133114",1.91092658561073e-06,7.52994197055101,0.01,0,0.0214272198044531
"ENSG00000135913",1.91093555154558e-06,7.10673053982647,0.01,0,0.0214273203394806
"ENSG00000104853",1.91093733130461e-06,6.66522082918644,0.01,0,0.0214273402959186
"ENSG00000205726",1.91093796933177e-06,7.52504317113818,0.01,0,0.0214273474501171
"ENSG00000158710",1.91094068934428e-06,6.74322334118771,0.01,0,0.0214273779496175
"ENSG00000111361",1.91094176391801e-06,7.08692205874629,0.01,0,0.0214273899988126
"ENSG00000117394",1.91094260342909e-06,7.22623763428256,0.01,0,0.0214273994122504
"ENSG00000006327",1.91094270417044e-06,7.00485092580726,0.01,0,0.0214274005418632
"ENSG00000242372",1.91094327503818e-06,7.32537082630181,0.01,0,0.0214274069430031
"ENSG00000072042",1.94980358414486e-06,0.330770814044401,0.046,0.022,0.0218631475890163
"ENSG00000170310",2.00909968325049e-06,2.21477399518149,0.015,0.003,0.0225280347482877
"ENSG00000119421",2.01417370605672e-06,2.37166447857575,0.015,0.003,0.022584929766014
"ENSG00000123636",2.07250890860009e-06,-0.725784456129534,0.203,0.248,0.0232390423921328
"ENSG00000144224",2.07809876671753e-06,0.544693682563496,0.095,0.06,0.0233017214712036
"ENSG00000173660",2.07950365756961e-06,0.743267979719895,0.027,0.009,0.023317474512328
"ENSG00000100883",2.0892378671496e-06,2.91397190408631,0.012,0.001,0.0234266242043485
"ENSG00000082641",2.08987534701046e-06,0.641661813662078,0.031,0.012,0.0234337722660283
"ENSG00000134153",2.09763149746435e-06,1.98334812432119,0.017,0.003,0.0235207419810677
"ENSG00000179115",2.11642983167813e-06,2.54260154252248,0.012,0.001,0.0237315277026068
"ENSG00000114796",2.38627384354402e-06,-1.2370896759245,0.014,0.032,0.0267572886076591
"ENSG00000156471",2.42970470135747e-06,1.85340625893813,0.013,0.002,0.0272442788163214
"ENSG00000112304",2.44541560280631e-06,1.04021360956988,0.023,0.007,0.0274204451542672
"ENSG00000114391",2.45739001522106e-06,0.132583897413832,0.14,0.098,0.0275547142406737
"ENSG00000131473",2.47925738867125e-06,1.1837843488021,0.011,0.001,0.0277999130991708
"ENSG00000100083",2.51566704245848e-06,2.2544873401453,0.019,0.005,0.028208174547087
"ENSG00000114850",2.56418937507585e-06,0.110447075869213,0.114,0.075,0.0287522554627255
"ENSG00000204253",2.570640648195e-06,2.42129524630035,0.014,0.002,0.0288245935882105
"ENSG00000123609",2.62072758973898e-06,1.45685475144005,0.019,0.005,0.0293862184637432
"ENSG00000151092",2.67945677335079e-06,2.04481865920999,0.01,0,0.0300447487995824
"ENSG00000085514",2.67989220228749e-06,0.824208572731613,0.058,0.032,0.0300496312642496
"ENSG00000133256",2.6830666262843e-06,1.34140093612076,0.022,0.006,0.0300852260805259
"ENSG00000242522",2.69836909977265e-06,0.801192834093464,0.019,0.005,0.0302568127157507
"ENSG00000241506",2.79336760913995e-06,0.696737853923678,0.019,0.005,0.0313220310012862
"ENSG00000140941",2.81418152636776e-06,1.55731755435151,0.018,0.004,0.0315554174551617
"ENSG00000071051",2.82146132822774e-06,0.630555657354597,0.032,0.013,0.0316370458734176
"ENSG00000171659",2.84407418579134e-06,-0.960994716190819,0.106,0.144,0.0318906038452783
"ENSG00000136045",2.84861933055794e-06,2.3870098920942,0.016,0.003,0.0319415685535461
"ENSG00000118482",2.86950844668197e-06,-0.715885519659278,0.04,0.067,0.0321757982126449
"ENSG00000182749",2.86952202695094e-06,0.109642135246374,0.12,0.081,0.0321759504882008
"ENSG00000233762",2.87055945530455e-06,-0.111678778923738,0.197,0.143,0.0321875831723299
"ENSG00000111832",2.87528617486491e-06,1.11294043212547,0.038,0.017,0.0322405838787602
"ENSG00000117450",2.88425438121998e-06,0.202312429897473,0.018,0.004,0.0323411443766196
"ENSG00000163428",2.88909795887591e-06,2.01428429106188,0.016,0.003,0.0323954554128755
"ENSG00000197694",2.9118971794564e-06,1.58560659878293,0.016,0.003,0.0326511030732446
"ENSG00000110848",2.91337709794431e-06,2.87601896249763,0.012,0.001,0.0326676973992495
"ENSG00000023892",2.9565982764409e-06,0.883366279422698,0.021,0.006,0.0331523364737318
"ENSG00000128915",2.99603472739503e-06,-0.681581934339956,0.005,0.016,0.0335945373982804
"ENSG00000217094",3.03628422774302e-06,0.778118131633895,0.048,0.025,0.0340458550456825
"ENSG00000179094",3.04930215788375e-06,1.19100019203684,0.027,0.01,0.0341918250963505
"ENSG00000187764",3.07498286575046e-06,-0.790581962238558,0.118,0.157,0.03447978287366
"ENSG00000156735",3.09914714151224e-06,0.321666857538392,0.078,0.047,0.0347507368977767
"ENSG00000160075",3.22655742629221e-06,1.28028293677327,0.038,0.017,0.0361793884210146
"ENSG00000264229",3.24337633799825e-06,-0.428231289350952,0.033,0.058,0.0363679788779744
"ENSG00000242485",3.27100740747985e-06,2.20578921054914,0.013,0.002,0.0366778060600715
"ENSG00000268903",3.27240242940073e-06,3.26397028163767,0.013,0.002,0.0366934484408704
"ENSG00000226855",3.32549701408308e-06,1.50859265035758,0.024,0.008,0.0372887980189136
"ENSG00000103226",3.3504604212356e-06,0.932359633352966,0.013,0.002,0.0375687127033148
"ENSG00000223722",3.36455166987705e-06,3.23226142191033,0.011,0.001,0.0377267178743313
"ENSG00000116649",3.36593916561393e-06,3.3871470238885,0.011,0.001,0.0377422758640289
"ENSG00000183354",3.43556622323198e-06,-1.21915074839085,0.025,0.047,0.0385230040611002
"ENSG00000172007",3.50068861900277e-06,0.702453735385411,0.035,0.015,0.0392532214848781
"ENSG00000211450",3.50869804072892e-06,1.53317571141521,0.019,0.005,0.0393430311306934
"ENSG00000114902",3.54722227625472e-06,1.07129582359689,0.034,0.014,0.0397750033836442
"ENSG00000173598",3.56215398225836e-06,0.373488031702982,0.045,0.022,0.039942432603063
"ENSG00000171634",3.56933142268476e-06,-0.998332297661297,0.077,0.111,0.0400229132425642
"ENSG00000100220",3.64397695259515e-06,1.39679286364381,0.018,0.004,0.0408599135694495
"ENSG00000145390",3.67591261088076e-06,0.215863978198396,0.115,0.078,0.041218008105806
"ENSG00000105698",3.68447022261894e-06,1.88455669208955,0.029,0.011,0.0413139646062262
"ENSG00000128463",3.6952529075444e-06,1.80580274355166,0.024,0.008,0.0414348708522954
"ENSG00000155368",3.71642375366841e-06,0.203261550187777,0.105,0.069,0.0416722595498838
"ENSG00000126067",3.73401014357193e-06,1.77128763846463,0.015,0.003,0.041869455739872
"ENSG00000175727",3.76961594440297e-06,0.5657834352119,0.029,0.011,0.0422687035845905
"ENSG00000186812",3.81026833343807e-06,1.20189983397127,0.046,0.023,0.0427245388228411
"ENSG00000110108",3.83645816480822e-06,1.60632714013287,0.015,0.003,0.0430182054019946
"ENSG00000123384",3.88207171203742e-06,0.505268622718658,0.079,0.048,0.0435296701070756
"ENSG00000145725",3.90482844829007e-06,0.499615451971621,0.071,0.042,0.0437848413906765
"ENSG00000040933",3.92107757062036e-06,1.76411258617192,0.015,0.003,0.0439670427993661
"ENSG00000134294",4.01592324766875e-06,-1.02497543300847,0.103,0.139,0.0450305473761097
"ENSG00000217555",4.03251485544572e-06,-1.47109577961306,0.006,0.018,0.0452165890741128
"ENSG00000230364",4.03590023746566e-06,-0.871095962592993,0.059,0.089,0.0452545493627024
"ENSG00000230216",4.07769927563245e-06,-1.7734469099161,0.024,0.044,0.0457232419776666
"ENSG00000136279",4.08422175980176e-06,1.09416590182837,0.032,0.013,0.0457963785926571
"ENSG00000228477",4.08568464322832e-06,0.328675971025483,0.088,0.056,0.0458127819045192
"ENSG00000121966",4.11965853999011e-06,-0.176849036157999,0.093,0.06,0.0461937312089091
"ENSG00000183011",4.14002560641476e-06,1.82787116683099,0.023,0.008,0.0464221071247287
"ENSG00000100697",4.20608985890877e-06,0.615590061461835,0.05,0.026,0.047162885587944
"ENSG00000152348",4.47363880181051e-06,2.70907511877586,0.013,0.002,0.0501629118847012
"ENSG00000130816",4.49522042929465e-06,1.04869076914106,0.038,0.017,0.0504049066736809
"ENSG00000249274",4.55058234525018e-06,-2.70705065139057,0.007,0.02,0.0510256798372903
"ENSG00000146112",4.6000053513854e-06,1.11269355979857,0.021,0.006,0.0515798600050845
"ENSG00000171916",4.69639310610612e-06,1.0104974889484,0.021,0.006,0.0526606558987679
"ENSG00000049618",4.78174173335787e-06,-0.563344541468194,0.135,0.176,0.0536176700561418
"ENSG00000112339",4.91259036051063e-06,-1.10370273266389,0.072,0.104,0.0550848757124057
"ENSG00000103275",4.9941331816492e-06,1.10093925969176,0.028,0.011,0.0559992153658324
"ENSG00000162636",5.01207897328093e-06,-1.08723467594447,0.073,0.106,0.0562004415273991
"ENSG00000175105",5.08288568603611e-06,2.54963566197103,0.014,0.003,0.0569943971975229
"ENSG00000143183",5.08608172470412e-06,0.768033232029652,0.034,0.015,0.0570302343791073
"ENSG00000136888",5.16973471624461e-06,0.376057198844772,0.05,0.026,0.0579682353732508
"ENSG00000183864",5.20966189946113e-06,2.36825663915499,0.015,0.003,0.0584159388786576
"ENSG00000214174",5.32560270821789e-06,0.56241002360266,0.024,0.008,0.0597159831672472
"ENSG00000159322",5.346435887612e-06,0.24772246784289,0.044,0.022,0.0599495856077933
"ENSG00000175348",5.40835417537157e-06,-0.386230702376021,0.025,0.009,0.0606438753684415
"ENSG00000171863",5.41219648993539e-06,0.161345204607548,0.133,0.093,0.0606869592416455
"ENSG00000102445",5.49841747910381e-06,1.14807851652821,0.022,0.007,0.061653755193191
"ENSG00000206605",5.5126268011973e-06,3.43090524047417,0.012,0.001,0.0618130843218254
"ENSG00000233045",5.5310545808735e-06,-0.177021402642707,0.079,0.048,0.0620197150153346
"ENSG00000199415",5.55449969532491e-06,1.74858225702635,0.012,0.001,0.0622826050836782
"ENSG00000057657",5.67855318342744e-06,-0.219591168977589,0.166,0.119,0.0636736168457719
"ENSG00000012779",5.68615690085929e-06,0.765230940493753,0.047,0.024,0.0637588773293352
"ENSG00000104805",5.80600415353087e-06,1.94008067041702,0.019,0.005,0.0651027245735416
"ENSG00000135317",5.82509019856482e-06,0.425934792869095,0.068,0.04,0.0653167363965074
"ENSG00000223509",5.91862315288566e-06,-0.900447316115345,0.028,0.05,0.0663655214133069
"ENSG00000134186",5.96819844092503e-06,-0.546833422426141,0.149,0.19,0.0669214091180924
"ENSG00000206573",6.00867781100173e-06,1.51801590424421,0.021,0.006,0.0673753042947624
"ENSG00000115234",6.03869675215021e-06,4.23662661447173,0.012,0.002,0.0677119066818603
"ENSG00000171860",6.19356866813303e-06,0.298459672200218,0.158,0.116,0.0694484854757756
"ENSG00000278311",6.24948391835676e-06,-0.932954769420056,0.04,0.066,0.0700754631765343
"ENSG00000162711",6.2532454876179e-06,1.89583375732785,0.024,0.008,0.0701176416526596
"ENSG00000080802",6.26380616873994e-06,0.932103949694186,0.032,0.014,0.0702360585700809
"ENSG00000143222",6.29566696032542e-06,1.95252989067717,0.024,0.008,0.0705933136261289
"ENSG00000119042",6.44955041617462e-06,-2.12613822964218,0.002,0.011,0.072318808816566
"ENSG00000125952",6.4596738721441e-06,1.73934713021034,0.025,0.009,0.0724323231283518
"ENSG00000185658",6.66601188464835e-06,-1.11004817297505,0.072,0.104,0.0747459912625619
"ENSG00000149273",6.72405772152877e-06,0.169733738389022,0.217,0.167,0.0753968592315021
"ENSG00000140030",6.82473376515379e-06,1.01724853093948,0.024,0.008,0.0765257397086694
"ENSG00000197971",6.83786421934983e-06,1.25387978393084,0.033,0.014,0.0766729714915696
"ENSG00000110344",6.90286572894199e-06,0.546830370114071,0.048,0.025,0.0774018334186265
"ENSG00000228218",7.06424358786382e-06,0.993749335210604,0.016,0.003,0.079211363350717
"ENSG00000143742",7.12201820993058e-06,0.898260494722392,0.039,0.019,0.0798591901879516
"ENSG00000125257",7.18395079907655e-06,-1.20866043053049,0.024,0.044,0.0805536403100454
"ENSG00000124160",7.25337570830349e-06,-1.07709657725813,0.019,0.037,0.0813321018172071
"ENSG00000228551",7.37160328945379e-06,0.298898614940621,0.016,0.003,0.0826577876846454
"ENSG00000261716",7.46674954601016e-06,-2.02618243769483,0.006,0.018,0.083724662659412
"ENSG00000165283",7.51103693231476e-06,4.26231865576651,0.011,0.001,0.0842212571220454
"ENSG00000204272",7.53901906125721e-06,4.17002428978239,0.011,0.001,0.0845350207338771
"ENSG00000115523",7.59772127594396e-06,0.93093023163008,0.027,0.01,0.0851932486671596
"ENSG00000011304",7.63880009576733e-06,1.34816269117505,0.019,0.005,0.0856538654738391
"ENSG00000038219",7.65776900849123e-06,-0.316079846028372,0.151,0.195,0.0858665638922122
"ENSG00000055917",7.73411612713318e-06,0.637920588873312,0.037,0.017,0.0867226441335443
"ENSG00000197520",7.73921973439351e-06,-1.51864749573515,0.059,0.088,0.0867798708817544
"ENSG00000065427",7.80995549959205e-06,1.41835771402379,0.019,0.005,0.0875730310169256
"ENSG00000230724",7.85153137661221e-06,1.71003467653714,0.022,0.007,0.0880392213259527
"ENSG00000111716",7.85734348308131e-06,0.777963214133472,0.03,0.012,0.0881043924757907
"ENSG00000147421",7.86930634451935e-06,-2.37836146468164,0.003,0.012,0.0882385320410955
"ENSG00000143727",7.98317174987232e-06,1.24514021340842,0.021,0.006,0.0895153048313183
"ENSG00000125971",7.99029333622503e-06,0.948114734337147,0.019,0.005,0.0895951591790912
"ENSG00000082781",8.35543768806793e-06,4.582033149723,0.012,0.002,0.0936895227963057
"ENSG00000002586",8.40119787777163e-06,0.15872095689236,0.083,0.052,0.0942026318034533
"ENSG00000181924",8.42247951807231e-06,3.6230513749425,0.012,0.002,0.0944412628361448
"ENSG00000115904",8.43617096777801e-06,-1.15918977746151,0.007,0.019,0.0945947850616948
"ENSG00000120686",8.48793327955311e-06,0.759199588856341,0.045,0.023,0.095175195863629
"ENSG00000073803",8.5448323802268e-06,2.64729892118917,0.012,0.002,0.0958132054794831
"ENSG00000126088",8.57329979131392e-06,1.98072265491436,0.012,0.002,0.096132410560003
"ENSG00000185905",8.5748555703377e-06,0.474344107556873,0.067,0.04,0.0961498555101966
"ENSG00000112309",8.59235064563711e-06,2.18247878355651,0.012,0.002,0.0963460277895289
"ENSG00000118855",8.6492618062629e-06,0.351323521978278,0.088,0.056,0.0969841726336259
"ENSG00000170891",8.69521153455545e-06,-1.19134337344707,0.011,0.027,0.0974994069369702
"ENSG00000124570",8.84986382198895e-06,-0.162100202472772,0.093,0.061,0.0992335230359622
"ENSG00000068903",8.86888471074789e-06,5.48018893535392,0.01,0.001,0.0994468042616161
"ENSG00000224237",9.03552800573559e-06,2.7449097178156,0.013,0.002,0.101315375528313
"ENSG00000101017",9.05936241452195e-06,2.91889534052639,0.01,0.001,0.101582630754035
"ENSG00000108349",9.0637823167798e-06,2.81215293308406,0.01,0.001,0.101632191118052
"ENSG00000250966",9.15779398736705e-06,0.826432069414023,0.023,0.008,0.102686343980347
"ENSG00000225484",9.18595486593641e-06,-1.36780474351844,0.023,0.042,0.103002111911745
"ENSG00000113916",9.69742959644026e-06,0.690984706837639,0.044,0.022,0.108737278064885
"ENSG00000152520",9.81674493866471e-06,-0.104505618957451,0.145,0.103,0.110075160997247
"ENSG00000105223",9.99814594556969e-06,2.44713978958947,0.022,0.007,0.112109210487673
"ENSG00000120071",1.0320633951402e-05,-0.943829406644055,0.053,0.081,0.11572526849707
"ENSG00000263606",1.04381751895229e-05,-2.83837560021138,0.002,0.011,0.11704325840012
"ENSG00000145819",1.04510694426517e-05,0.330153622671909,0.093,0.061,0.117187841660454
"ENSG00000135127",1.04863824237438e-05,2.91033332702297,0.011,0.001,0.117583806117439
"ENSG00000109670",1.06007580779793e-05,0.293370924604374,0.033,0.014,0.118866300328381
"ENSG00000073584",1.07583889335015e-05,1.3877496114535,0.029,0.012,0.120633815111352
"ENSG00000124813",1.09431503779569e-05,-0.951469379057013,0.074,0.106,0.12270554518803
"ENSG00000213509",1.0994831784632e-05,0.744909717815596,0.037,0.017,0.123285048801079
"ENSG00000240759",1.1100170584763e-05,-1.05077765958344,0.02,0.039,0.124466212766947
"ENSG00000169021",1.11445921840073e-05,2.72892345308355,0.021,0.007,0.124964312159274
"ENSG00000071082",1.11493290346516e-05,-0.101636349432523,0.228,0.174,0.125017426465549
"ENSG00000182628",1.11513148274375e-05,1.41452995821305,0.023,0.008,0.125039693160057
"ENSG00000166501",1.14065906469747e-05,0.522143789866883,0.039,0.019,0.127902100924527
"ENSG00000198625",1.15229802162076e-05,-0.151109571991004,0.322,0.25,0.129207177164336
"ENSG00000143344",1.15342664604122e-05,2.67182124032324,0.012,0.002,0.129333729820602
"ENSG00000258289",1.16086801851549e-05,1.18454528216825,0.023,0.008,0.130168130916141
"ENSG00000213209",1.16373567213264e-05,2.67586807338594,0.012,0.002,0.130489680916233
"ENSG00000167470",1.18196838876129e-05,0.511237371613145,0.04,0.019,0.132534115431803
"ENSG00000073417",1.18414997822689e-05,2.43157023013374,0.012,0.002,0.132778737058582
"ENSG00000079950",1.19097563190009e-05,-0.603154183463854,0.062,0.091,0.133544097604957
"ENSG00000103642",1.19280681357162e-05,1.9871489240738,0.012,0.002,0.133749428005786
"ENSG00000100365",1.20558572576205e-05,1.24520047761783,0.017,0.004,0.135182327429699
"ENSG00000147140",1.22606101576158e-05,0.274921803614453,0.088,0.057,0.137478221697346
"ENSG00000159658",1.23198144220962e-05,0.494953997380982,0.033,0.015,0.138142079114965
"ENSG00000119632",1.23335337286008e-05,2.17836841391513,0.019,0.006,0.138295913698801
"ENSG00000108433",1.24599442413518e-05,1.70132480287168,0.022,0.008,0.139713354778277
"ENSG00000063322",1.24788700261439e-05,1.91426974158214,0.013,0.002,0.139925569603152
"ENSG00000106355",1.25132156950323e-05,2.38208521729613,0.013,0.002,0.140310687588398
"ENSG00000134830",1.26187359786474e-05,3.19772300320585,0.014,0.003,0.141493886528573
"ENSG00000077380",1.28131135396578e-05,0.365963089269594,0.077,0.048,0.143673442120183
"ENSG00000182983",1.28651930179037e-05,2.45332355726881,0.014,0.003,0.144257409309755
"ENSG00000070814",1.28767662559383e-05,1.55351677486856,0.015,0.003,0.144387180027836
"ENSG00000140853",1.29467332408302e-05,2.10093925969176,0.014,0.003,0.145171719829429
"ENSG00000077721",1.30432026931374e-05,1.48291210328829,0.014,0.003,0.14625343179815
"ENSG00000185880",1.32331160589544e-05,1.65978986537237,0.014,0.003,0.148382930369056
"ENSG00000276980",1.33064213883777e-05,-0.642388836697981,0.006,0.017,0.149204903027879
"ENSG00000145050",1.3666675977959e-05,1.2866384318131,0.02,0.006,0.153244437740855
"ENSG00000101294",1.37063698759837e-05,0.426772858510024,0.057,0.033,0.153689525419406
"ENSG00000175582",1.37580690841319e-05,0.603671988788915,0.03,0.013,0.154269228640371
"ENSG00000259706",1.39012054326485e-05,0.60943073559873,0.058,0.033,0.155874216516287
"ENSG00000082898",1.39450728754774e-05,-1.24128678392955,0.043,0.068,0.156366102152729
"ENSG00000143198",1.42041448073635e-05,0.875567908862291,0.02,0.006,0.159271075724967
"ENSG00000189060",1.44145729225929e-05,2.07332682552695,0.017,0.005,0.161630606181035
"ENSG00000118816",1.44469800356757e-05,0.173886781267069,0.134,0.096,0.161993987140032
"ENSG00000081870",1.44770488052904e-05,3.2466167148874,0.011,0.001,0.162331148253721
"ENSG00000116459",1.44958995612953e-05,0.973481045549311,0.038,0.018,0.162542521780804
"ENSG00000198380",1.45440431254348e-05,3.37461434532166,0.011,0.001,0.163082355565501
"ENSG00000160953",1.46964540219285e-05,-0.842876790720379,0.123,0.16,0.164791338947884
"ENSG00000129315",1.4943875289916e-05,0.85383844078995,0.017,0.005,0.167565673625828
"ENSG00000141504",1.52835566940901e-05,-0.74879519233507,0.017,0.005,0.171374521210833
"ENSG00000094916",1.55732521449653e-05,0.77346661415995,0.035,0.017,0.174622876301496
"ENSG00000079819",1.5908140792382e-05,-0.483200177197225,0.199,0.242,0.178377982704979
"ENSG00000113384",1.61499900928149e-05,2.07811941770894,0.012,0.002,0.181089838910733
"ENSG00000173511",1.61756083425509e-05,1.04575353627241,0.026,0.01,0.181377096345023
"ENSG00000135842",1.62902206802734e-05,0.81558271603743,0.036,0.017,0.182662244487906
"ENSG00000096384",1.63078103096772e-05,-0.691501964413206,0.361,0.392,0.18285947700241
"ENSG00000183741",1.6380104845564e-05,1.6865583516364,0.019,0.006,0.18367011563331
"ENSG00000028203",1.63823963992363e-05,1.85191664079765,0.012,0.002,0.183695810824636
"ENSG00000189266",1.65634326497746e-05,0.522375361800407,0.035,0.016,0.185725770301922
"ENSG00000083097",1.6702726233705e-05,-3.04696222202279,0.002,0.01,0.187287669258534
"ENSG00000113716",1.70763536037651e-05,2.63796105660984,0.012,0.002,0.191477152959018
"ENSG00000144713",1.72522477458512e-05,0.106353433074638,0.216,0.168,0.193449453974229
"ENSG00000104852",1.75091748619432e-05,1.88972304734768,0.013,0.003,0.19633037772697
"ENSG00000168385",1.77401040654705e-05,0.210335110565674,0.114,0.079,0.19891978688612
"ENSG00000197535",1.77721316809984e-05,1.13128377418551,0.015,0.003,0.199278912539035
"ENSG00000111481",1.77776340254503e-05,1.57222848797899,0.013,0.003,0.199340610327375
"ENSG00000242660",1.79216492950983e-05,1.57912741854759,0.014,0.003,0.200955453545938
"ENSG00000111731",1.81167785237061e-05,-2.03345685139708,0.005,0.015,0.203143437586317
"ENSG00000052795",1.81798369154295e-05,0.402063583296295,0.04,0.02,0.203850511332711
"ENSG00000218510",1.90953378105176e-05,0.284821467726033,0.112,0.077,0.214116022869334
"ENSG00000188186",1.91652838917575e-05,0.444255591772738,0.057,0.033,0.214900328278277
"ENSG00000163563",1.92477742867267e-05,0.56053624740751,0.083,0.054,0.215825293077066
"ENSG00000170776",1.93803722500278e-05,0.129880195088015,0.188,0.142,0.217312114039562
"ENSG00000139112",1.96891147912355e-05,4.65244222446513,0.011,0.001,0.220774044154123
"ENSG00000270264",1.99693701898612e-05,2.81722392263149,0.011,0.001,0.223916547938913
"ENSG00000132294",2.0073104215357e-05,2.23226142191033,0.011,0.001,0.225079717566798
"ENSG00000243317",2.04796770905486e-05,0.900305866735372,0.033,0.015,0.229638619216321
"ENSG00000270164",2.0689162463331e-05,1.9269352943601,0.016,0.004,0.231987578701331
"ENSG00000100784",2.07785014481514e-05,-2.03890355929515,0.003,0.012,0.232989336738122
"ENSG00000197149",2.09042878323887e-05,0.954898879456411,0.042,0.022,0.234399779464575
"ENSG00000089682",2.10111972381642e-05,-3.40254962826139,0.002,0.01,0.235598554631535
"ENSG00000186834",2.15862256002409e-05,4.73051228943815,0.011,0.002,0.242046347655501
"ENSG00000117748",2.15864289015883e-05,2.96377258598443,0.015,0.004,0.24204862727351
"ENSG00000111707",2.1665219332378e-05,1.96808004765183,0.018,0.006,0.242932104373954
"ENSG00000175073",2.19221767900283e-05,0.71880186939128,0.026,0.01,0.245813368346587
"ENSG00000150961",2.1987012168231e-05,3.09355515107874,0.011,0.002,0.246540367442374
"ENSG00000223396",2.21292475995764e-05,2.41283366755215,0.011,0.002,0.24813525333405
"ENSG00000197324",2.21561850398081e-05,2.88957476685617,0.011,0.002,0.248437302851368
"ENSG00000163904",2.21754248761809e-05,2.32537082630181,0.011,0.002,0.248653039136617
"ENSG00000145012",2.23081347733292e-05,-1.11383642983105,0.043,0.067,0.25014111521334
"ENSG00000230606",2.235692209708e-05,1.95097531152031,0.015,0.004,0.250688167474558
"ENSG00000213722",2.28405085001326e-05,2.08867056828148,0.015,0.003,0.256110621811987
"ENSG00000143570",2.28578243908296e-05,3.19326729029447,0.012,0.002,0.256304784894372
"ENSG00000250472",2.30744050739486e-05,2.19806650202673,0.015,0.003,0.258733304094185
"ENSG00000118508",2.35936196706519e-05,2.86593920766451,0.013,0.003,0.26455525736702
"ENSG00000173744",2.3605832909249e-05,1.34406692001172,0.014,0.003,0.264692204411409
"ENSG00000101966",2.36753303732254e-05,0.976867078278667,0.024,0.009,0.265471479474976
"ENSG00000164258",2.38775406572845e-05,2.97831012083897,0.01,0.001,0.267738863390131
"ENSG00000232499",2.39809749247984e-05,1.51801590424421,0.012,0.002,0.268898671831764
"ENSG00000162616",2.4324387840519e-05,-0.930224594099228,0.028,0.049,0.272749360855739
"ENSG00000158864",2.4479178443723e-05,0.901871748274771,0.018,0.005,0.274485027889466
"ENSG00000124214",2.46444924425148e-05,1.02849605652967,0.025,0.01,0.276338693757919
"ENSG00000197471",2.46609404217831e-05,-2.03276428174256,0.008,0.02,0.276523124949453
"ENSG00000229391",2.47328055358031e-05,-1.6287213672416,0.068,0.096,0.27732894847296
"ENSG00000257923",2.47543260235704e-05,0.928530434707308,0.043,0.023,0.277570257702294
"ENSG00000143753",2.53413145078093e-05,0.656614175769618,0.044,0.023,0.284152159576066
"ENSG00000144445",2.58778054786494e-05,-2.79181271306853,0.002,0.011,0.290167832832096
"ENSG00000015532",2.60085009206205e-05,2.05168917626851,0.017,0.005,0.291633320822918
"ENSG00000198951",2.64044663085693e-05,0.791507765612166,0.042,0.022,0.296073280717988
"ENSG00000177565",2.66413625875734e-05,-0.180840085521993,0.219,0.168,0.298729598694461
"ENSG00000151131",2.69022899932342e-05,0.578136896681778,0.017,0.005,0.301655377694136
"ENSG00000150593",2.69246746519925e-05,-0.209299309896353,0.184,0.137,0.301906376872792
"ENSG00000269821",2.70587244472824e-05,-1.4877664483498,0.015,0.031,0.303409477227378
"ENSG00000215301",2.70779672323666e-05,-0.362330691629962,0.333,0.258,0.303625246576527
"ENSG00000133112",2.71907247706935e-05,-0.43274015661551,0.545,0.561,0.304889596853786
"ENSG00000058668",2.76306805040355e-05,3.58338715736898,0.01,0.001,0.30982282049175
"ENSG00000125351",2.76494254985994e-05,2.2667430963311,0.016,0.004,0.310033008115795
"ENSG00000118503",2.83353006814569e-05,1.50859265035758,0.016,0.004,0.317723726541177
"ENSG00000145675",2.83834677915185e-05,0.227850120224686,0.115,0.081,0.318263824346297
"ENSG00000149923",2.88174811460506e-05,0.701459787288685,0.046,0.025,0.323130416090665
"ENSG00000143641",2.88994218284326e-05,-0.978257911800925,0.029,0.049,0.324049216962214
"ENSG00000147416",2.90848305044903e-05,0.175893353385624,0.086,0.057,0.326128204446849
"ENSG00000244754",2.92316041607739e-05,-0.720628534146335,0.119,0.154,0.327773977454758
"ENSG00000163565",3.04547180469318e-05,-0.275027440707708,0.201,0.244,0.341488753460247
"ENSG00000182481",3.10587785565876e-05,2.33336361705534,0.014,0.003,0.348262083955016
"ENSG00000187193",3.12644428897981e-05,0.323385010377967,0.11,0.077,0.350568198123306
"ENSG00000106682",3.16098686779532e-05,0.358051525096474,0.03,0.014,0.354441457485889
"ENSG00000106263",3.17787305145392e-05,2.3740446730375,0.012,0.002,0.356334905259528
"ENSG00000183495",3.1971488888931e-05,1.90662935825955,0.012,0.002,0.358496304911584
"ENSG00000118292",3.23028637448754e-05,1.57392573485895,0.017,0.005,0.362212011171288
"ENSG00000162244",3.2398927011803e-05,0.154671639146856,0.117,0.083,0.363289168583347
"ENSG00000169627",3.25631003585165e-05,1.55942616516384,0.012,0.002,0.365130044320046
"ENSG00000071127",3.25826779015346e-05,0.739874685833165,0.03,0.013,0.365349567309908
"ENSG00000102401",3.32555963741951e-05,1.34595170372426,0.013,0.003,0.372895002143849
"ENSG00000204054",3.33810508385896e-05,0.533479021632011,0.014,0.003,0.374301723053105
"ENSG00000184060",3.35653686497013e-05,0.371905829463522,0.071,0.044,0.376368478669101
"ENSG00000162604",3.52408668963532e-05,1.15381815681897,0.026,0.011,0.395155840508808
"ENSG00000133142",3.59370412605256e-05,0.803911267886813,0.04,0.021,0.402962043654274
"ENSG00000138688",3.61639377085093e-05,-0.661880680956201,0.071,0.1,0.405506233525515
"ENSG00000226284",3.65381310901754e-05,1.42846431926591,0.021,0.008,0.409702063914137
"ENSG00000113532",3.65401725350978e-05,0.120928517041468,0.073,0.046,0.409724954636052
"ENSG00000176225",3.66221646137294e-05,-1.38277193269864,0.016,0.031,0.410644331813747
"ENSG00000083799",3.67163385174647e-05,0.692741891950341,0.029,0.013,0.411700303796332
"ENSG00000137193",3.70608657650544e-05,0.960848598277214,0.031,0.014,0.415563487823555
"ENSG00000073921",3.74169115192355e-05,-0.593397558677535,0.107,0.141,0.419555828865188
"ENSG00000232713",3.80809422499531e-05,0.545921900814092,0.039,0.02,0.427001605448724
"ENSG00000114021",3.86933409272969e-05,1.76759315490688,0.01,0.001,0.43386843181778
"ENSG00000156671",3.87042727742726e-05,0.476085223778288,0.045,0.025,0.433991010617918
"ENSG00000268043",3.91286729234058e-05,-0.869156883789796,0.068,0.097,0.438749809490149
"ENSG00000221978",3.91902400480845e-05,0.64532802601805,0.041,0.022,0.439440161659172
"ENSG00000129657",3.93997780718708e-05,0.214395001116816,0.056,0.033,0.441789711519888
"ENSG00000164543",4.01414836638482e-05,-2.36033664815916,0.003,0.012,0.45010645632273
"ENSG00000154767",4.02710933169436e-05,-2.5406118257265,0.003,0.012,0.451559769362888
"ENSG00000251495",4.03392418045146e-05,0.567941129575889,0.034,0.017,0.452323918354022
"ENSG00000146540",4.07222184693325e-05,4.44084804372175,0.011,0.002,0.456618235696625
"ENSG00000143106",4.10236234159653e-05,2.81825774212459,0.011,0.002,0.459997889363218
"ENSG00000137965",4.11009825030725e-05,0.679378892183095,0.042,0.022,0.460865316806952
"ENSG00000139641",4.13124121076949e-05,1.96766650208892,0.017,0.005,0.463236076963583
"ENSG00000156467",4.17371280356632e-05,0.386253068448833,0.089,0.06,0.467998416663892
"ENSG00000143553",4.19668778378342e-05,2.1904412462157,0.017,0.005,0.470574601195635
"ENSG00000132471",4.26401770875397e-05,2.51471328157136,0.013,0.003,0.478124305682582
"ENSG00000002822",4.26705920812831e-05,3.73417637186914,0.012,0.003,0.478465349007427
"ENSG00000143436",4.28331931280354e-05,2.54218221537496,0.012,0.002,0.480288594544661
"ENSG00000148248",4.32043916493553e-05,0.973822153008355,0.017,0.005,0.484450843564221
"ENSG00000122705",4.32623772556331e-05,0.462874350051746,0.032,0.015,0.485101036167414
"ENSG00000158373",4.44527969789601e-05,0.653612695121375,0.044,0.024,0.49844921252508
"ENSG00000133574",4.51890912553e-05,-0.90996701260277,0.048,0.073,0.506705280245679
"ENSG00000260918",4.53508720888475e-05,1.37861284757879,0.01,0.023,0.508519328732247
"ENSG00000089693",4.55125795356975e-05,1.79290424343607,0.021,0.008,0.510332554333776
"ENSG00000170298",4.61660808262094e-05,1.43333007443773,0.027,0.012,0.517660264304286
"ENSG00000090520",4.68798409395069e-05,0.899886539587852,0.027,0.012,0.525663656454691
"ENSG00000142867",4.72181677602074e-05,-0.300684304448824,0.108,0.074,0.529457315095205
"ENSG00000255823",4.77388687323018e-05,0.204283503337328,0.671,0.593,0.5352959350953
"ENSG00000090615",4.80552172261564e-05,1.12226974357412,0.035,0.017,0.538843150756892
"ENSG00000099331",4.88699308985622e-05,0.273064179243512,0.054,0.031,0.547978535165578
"ENSG00000255302",4.90205189028979e-05,0.170301429808978,0.043,0.023,0.549667078458194
"ENSG00000213326",4.91064823530648e-05,0.169576153694387,0.087,0.058,0.550630986624915
"ENSG00000125386",4.98031583245771e-05,-0.726928750529964,0.033,0.054,0.558442814293483
"ENSG00000011260",5.1154503749322e-05,1.16757958049535,0.015,0.004,0.573595450541148
"ENSG00000099875",5.12301467533461e-05,-1.20514389039697,0.04,0.063,0.57444363554527
"ENSG00000188895",5.18854275904721e-05,1.32872203580145,0.02,0.007,0.581791299571964
"ENSG00000141098",5.2029240699591e-05,-1.09784060442273,0.002,0.01,0.583403875964514
"ENSG00000213237",5.23322459112787e-05,3.0258105444429,0.01,0.001,0.586801473403168
"ENSG00000178980",5.26195000109061e-05,1.35162072545964,0.023,0.009,0.59002245362229
"ENSG00000169641",5.27487574571246e-05,0.381190552458038,0.023,0.009,0.591471817366738
"ENSG00000183307",5.30750319335354e-05,0.637314832616552,0.01,0.001,0.595130333070732
"ENSG00000156515",5.30949469416038e-05,1.46558800536915,0.02,0.007,0.595353640056203
"ENSG00000136146",5.3765935882319e-05,0.192104295438347,0.024,0.01,0.602877439048442
"ENSG00000221963",5.39082699191126e-05,0.724884302649241,0.044,0.024,0.60447343060301
"ENSG00000271383",5.40712102964271e-05,-0.700385300743845,0.1,0.131,0.606300481053837
"ENSG00000080815",5.46177672504142e-05,1.80797160939329,0.015,0.004,0.612429024178895
"ENSG00000144895",5.50004541203335e-05,0.353511306666312,0.024,0.01,0.616720092051299
"ENSG00000177105",5.51011696006058e-05,0.888759915074615,0.037,0.019,0.617849414731593
"ENSG00000270276",5.52353497881532e-05,0.26710022155286,0.068,0.043,0.619353977174562
"ENSG00000197329",5.53834522270397e-05,-1.15245427813509,0.034,0.055,0.621014649821796
"ENSG00000215908",5.58747847912917e-05,1.32537082630181,0.014,0.003,0.626523961864754
"ENSG00000118058",5.70565622324074e-05,-1.05320520441821,0.03,0.05,0.639775232311984
"ENSG00000130725",5.71453682470105e-05,1.62142028936357,0.011,0.002,0.640771014153728
"ENSG00000108424",5.72004678914098e-05,-0.137593444180314,0.118,0.083,0.641388846466378
"ENSG00000107937",5.73083460236212e-05,1.49743157208811,0.014,0.003,0.642598483962864
"ENSG00000136811",5.7503503468945e-05,2.15134142652676,0.011,0.002,0.64478678439728
"ENSG00000169032",5.75423088331647e-05,1.509235018702,0.014,0.003,0.645221908946276
"ENSG00000100209",5.77973582236074e-05,3.09909497047813,0.013,0.003,0.648081777761309
"ENSG00000117154",5.82755212894968e-05,0.435689872548766,0.048,0.027,0.653443420219127
"ENSG00000184226",5.8436669181458e-05,4.58589837652503,0.011,0.002,0.655250371531689
"ENSG00000136807",5.84971187552184e-05,2.64446733040601,0.013,0.003,0.655928192602264
"ENSG00000143458",5.89507866452808e-05,2.26765532844552,0.012,0.003,0.661015170653533
"ENSG00000100325",5.94199273407668e-05,2.58102570177001,0.012,0.003,0.666275645272018
"ENSG00000062485",6.3001376891967e-05,0.991470089748373,0.016,0.005,0.706434439089626
"ENSG00000143924",6.32351616498056e-05,0.218899870284387,0.139,0.103,0.70905586757927
"ENSG00000143376",6.57556563127532e-05,-0.182063811226726,0.065,0.041,0.737318174234902
"ENSG00000116473",6.71007262649542e-05,0.294357009410758,0.069,0.044,0.752400443608931
"ENSG00000152700",6.7246519603201e-05,0.362523824719277,0.05,0.029,0.754035224310693
"ENSG00000145715",6.76325280836028e-05,-1.61183880080906,0.022,0.039,0.758363537401438
"ENSG00000188559",6.78315111392918e-05,-1.50895114335606,0.005,0.015,0.760594734404879
"ENSG00000271425",6.91585858350468e-05,-0.49775141161411,0.046,0.07,0.77547522296838
"ENSG00000150637",7.15207541676909e-05,4.45465384324678,0.01,0.001,0.801962216482318
"ENSG00000070190",7.16758770671987e-05,0.481220642532401,0.017,0.006,0.8037016095545
"ENSG00000131467",7.20247934705926e-05,3.29220396236661,0.01,0.001,0.807614009185755
"ENSG00000124588",7.23675787380393e-05,2.43893338512501,0.01,0.001,0.811457660389635
"ENSG00000214967",7.28491370350241e-05,-1.53358529224301,0.007,0.018,0.816857373573725
"ENSG00000172500",7.45966928220916e-05,2.43893338512501,0.014,0.003,0.836452716614113
"ENSG00000111335",7.48185516485843e-05,1.10334714491392,0.016,0.005,0.838940419635575
"ENSG00000128487",7.56554860917903e-05,-1.28393363479131,0.039,0.061,0.848324965547245
"ENSG00000036054",7.67781531783166e-05,1.44875324180709,0.014,0.003,0.860913431588464
"ENSG00000197180",7.74045296404674e-05,4.45465384324678,0.01,0.002,0.867936990858561
"ENSG00000116815",7.78226109715459e-05,0.91733671476073,0.023,0.009,0.872624936823944
"ENSG00000229659",7.83709181260601e-05,-0.844318767611075,0.068,0.094,0.878773104947512
"ENSG00000103855",7.87948148130359e-05,0.624424454936586,0.01,0.002,0.883526258498571
"ENSG00000136718",7.90080812691728e-05,2.07758419416695,0.016,0.005,0.885917615271235
"ENSG00000116337",7.96252939857676e-05,2.449492138131,0.011,0.002,0.892838421462413
"ENSG00000118620",7.96579876543e-05,2.66324046505819,0.011,0.002,0.893205015567666
"ENSG00000099800",8.05937326223115e-05,2.71572406220006,0.011,0.002,0.903697523893979
"ENSG00000095139",8.07413235281583e-05,1.62442445493659,0.016,0.005,0.905352460721239
"ENSG00000169251",8.09905999083279e-05,1.92825523502023,0.011,0.002,0.90814759677208
"ENSG00000205544",8.10621164922095e-05,0.716089694855094,0.027,0.012,0.908949512227145
"ENSG00000164209",8.1237385837664e-05,-1.28045619434095,0.018,0.033,0.910914807397727
"ENSG00000210194",8.13902272781209e-05,0.365141354994412,0.062,0.039,0.91262861846957
"ENSG00000173083",8.17789725701169e-05,1.8858110078889,0.016,0.005,0.916987619428721
"ENSG00000238083",8.36994483192869e-05,-1.1987383721245,0.018,0.033,0.938521914004164
"ENSG00000116521",8.69566979114486e-05,2.08770821017633,0.018,0.006,0.975045453681073
"ENSG00000171530",8.83675995059516e-05,0.419835510305304,0.041,0.022,0.990865893260236
"ENSG00000121691",8.83813255549497e-05,0.791633648935828,0.022,0.009,0.991019803447652
"ENSG00000090861",9.02916373899684e-05,1.00289944575904,0.017,0.006,1
"ENSG00000125107",9.18073749977592e-05,1.02102371779592,0.021,0.008,1
"ENSG00000155097",9.21986625208083e-05,1.40533913100523,0.025,0.011,1
"ENSG00000106609",9.32079692898798e-05,1.08988274735368,0.027,0.012,1
"ENSG00000114956",9.42108193719761e-05,2.07935239748362,0.014,0.004,1
"ENSG00000116731",9.63807661731562e-05,1.72056119070217,0.027,0.012,1
"ENSG00000159720",9.71020757639607e-05,1.63022540783023,0.014,0.004,1
"ENSG00000215450",9.71569080247135e-05,0.751635581003908,0.029,0.014,1
"ENSG00000136243",9.89010542332013e-05,2.39122337359644,0.018,0.006,1
"ENSG00000154781",0.000101335536246845,1.68884118343236,0.019,0.007,1
"ENSG00000135378",0.000102535732401499,-1.5885893426315,0.002,0.01,1
"ENSG00000162231",0.000106046518102475,0.161872094018932,0.018,0.006,1
"ENSG00000204463",0.000106682134661657,2.57835156747168,0.012,0.003,1
"ENSG00000124383",0.000107351900404091,3.13823572975169,0.01,0.002,1
"ENSG00000133048",0.000108312297416519,1.73071492937681,0.012,0.003,1
"ENSG00000165704",0.000108629468611211,2.63487966193511,0.012,0.003,1
"ENSG00000110446",0.000108712295599073,2.56156904716329,0.011,0.002,1
"ENSG00000237748",0.000109170911804363,0.553639813974928,0.029,0.014,1
"ENSG00000079691",0.000111743413476626,0.888127532641535,0.028,0.013,1
"ENSG00000172766",0.000112469192240141,-2.66238557794344,0.011,0.024,1
"ENSG00000241458",0.000112507359682917,1.62235256405894,0.024,0.011,1
"ENSG00000180229",0.000114600035846274,-1.17327610562779,0.018,0.033,1
"ENSG00000153879",0.000114642833770315,1.10820946875238,0.019,0.007,1
"ENSG00000178952",0.000114661014372587,1.1904412462157,0.019,0.007,1
"ENSG00000143815",0.000115639343057111,-0.964708402546212,0.018,0.034,1
"ENSG00000107341",0.000115824707104536,1.0750780893596,0.017,0.006,1
"ENSG00000116266",0.000115892342761334,0.310111090591885,0.061,0.038,1
"ENSG00000140350",0.000117441522331736,-0.772377016323249,0.083,0.111,1
"ENSG00000122008",0.000119984986767717,-1.11454134161606,0.02,0.036,1
"ENSG00000168002",0.000126443649015108,2.21666456685931,0.014,0.004,1
"ENSG00000164151",0.000128658427249848,1.12914733799017,0.014,0.004,1
"ENSG00000023318",0.000130065618624397,0.191321264649829,0.072,0.047,1
"ENSG00000184743",0.000131721332556189,-0.144857898693668,0.092,0.063,1
"ENSG00000169139",0.000132177245378027,1.71329647996341,0.019,0.007,1
"ENSG00000169249",0.000133863644078609,-1.07203547314975,0.027,0.044,1
"ENSG00000166432",0.000134177474628722,2.43112693775327,0.022,0.009,1
"ENSG00000167315",0.000135136404097097,1.4368791415188,0.019,0.007,1
"ENSG00000110057",0.000135176331790596,1.28857879493218,0.019,0.007,1
"ENSG00000055208",0.000137954938572584,-0.964987189584682,0.057,0.081,1
"ENSG00000032219",0.000139311050925691,-0.695624678236841,0.079,0.106,1
"ENSG00000171603",0.000141091919763556,-0.250602891192091,0.017,0.006,1
"ENSG00000025796",0.00014131513881654,0.467031975525402,0.053,0.032,1
"ENSG00000136167",0.000142787726698992,0.112240957672108,0.134,0.1,1
"ENSG00000177731",0.00014559663224323,1.27561779110471,0.012,0.003,1
"ENSG00000162600",0.000145802586677193,2.51948529331119,0.01,0.002,1
"ENSG00000161057",0.000145926674005446,2.44813071966544,0.01,0.002,1
"ENSG00000197976",0.000146556714681155,3.05984686844232,0.011,0.003,1
"ENSG00000129460",0.000147981519527295,2.02386227265338,0.01,0.002,1
"ENSG00000015568",0.000148383473076012,-0.310229516569498,0.151,0.112,1
"ENSG00000166197",0.000148617809561354,1.05329128086501,0.011,0.003,1
"ENSG00000163882",0.000148892852296172,1.54624701519088,0.01,0.002,1
"ENSG00000213860",0.000149555113122519,-0.148035282989248,0.228,0.18,1
"ENSG00000114744",0.000149600099803946,1.37075072980582,0.018,0.006,1
"ENSG00000162928",0.000150063049389977,0.809404418172186,0.011,0.003,1
"ENSG00000266338",0.000151036171394481,-0.957908084806155,0.029,0.047,1
"ENSG00000221914",0.000151044348415062,1.45228293878403,0.018,0.006,1
"ENSG00000182551",0.000151140733546724,1.34564322132807,0.011,0.002,1
"ENSG00000170315",0.000151649359026146,0.177752827542483,0.08,0.054,1
"ENSG00000166855",0.000152967822287396,0.970142722258271,0.011,0.003,1
"ENSG00000173726",0.000153204263266064,0.851198202935635,0.019,0.007,1
"ENSG00000141551",0.000153588179559029,1.25203908818985,0.029,0.014,1
"ENSG00000167088",0.000155153555948405,1.00743201512805,0.018,0.006,1
"ENSG00000205339",0.000156170322939213,0.864151225593669,0.032,0.016,1
"ENSG00000065000",0.000158025700474309,1.45137871121392,0.025,0.011,1
"ENSG00000188873",0.000158718849180985,0.195563478970957,0.06,0.038,1
"ENSG00000203705",0.000159208741787708,-1.05371569038088,0.003,0.011,1
"ENSG00000113749",0.00015999577727422,0.680824777429849,0.032,0.016,1
"ENSG00000165669",0.000162675351735824,0.564972537670482,0.05,0.03,1
"ENSG00000155307",0.000163306641516569,0.118205330620703,0.071,0.047,1
"ENSG00000117395",0.000166827110698293,2.16435735740853,0.014,0.004,1
"ENSG00000226252",0.000166944893144702,-1.69870330867705,0.004,0.012,1
"ENSG00000180376",0.00016717394496505,1.81847246882874,0.017,0.006,1
"ENSG00000134717",0.000168206361536945,0.397382071217199,0.064,0.041,1
"ENSG00000225830",0.000168443713254506,-2.25148662478229,0.004,0.012,1
"ENSG00000215817",0.000171975854252022,-1.33041301160904,0.004,0.012,1
"ENSG00000147535",0.000172440948855313,1.09347493227692,0.018,0.007,1
"ENSG00000277053",0.000172727268184448,-1.21467925254377,0.047,0.069,1
"ENSG00000134982",0.000172756081060761,1.24736831430054,0.017,0.006,1
"ENSG00000203879",0.000173400917080579,0.820135518051389,0.018,0.007,1
"ENSG00000148841",0.000177132508564378,1.11660608299614,0.028,0.013,1
"ENSG00000198840",0.000177556002751863,0.123595668634714,0.192,0.15,1
"ENSG00000261131",0.000178060786699586,0.381327232275826,0.021,0.008,1
"ENSG00000153774",0.000179952330918881,1.18401497705627,0.022,0.009,1
"ENSG00000135679",0.000181739005371108,-0.802605993142531,0.157,0.188,1
"ENSG00000173692",0.000182963846227123,0.828206560309406,0.023,0.01,1
"ENSG00000164105",0.000185020381643153,1.61859860893586,0.015,0.005,1
"ENSG00000109436",0.000185486021306824,-1.91687901337982,0.004,0.013,1
"ENSG00000242992",0.000186302409108681,1.09710183862869,0.028,0.014,1
"ENSG00000064933",0.000186420816317894,-1.30797213679024,0.014,0.027,1
"ENSG00000264940",0.000186781375529589,0.442184491284561,0.015,0.005,1
"ENSG00000233369",0.000187137860490003,-1.29738399825736,0.038,0.058,1
"ENSG00000182149",0.000188201495737289,-0.139326439888378,0.05,0.03,1
"ENSG00000107949",0.000190332078395964,1.50840081536749,0.024,0.011,1
"ENSG00000171298",0.000190469682183056,0.224379780529628,0.035,0.018,1
"ENSG00000130985",0.000190694225544951,0.679859782973335,0.031,0.016,1
"ENSG00000143612",0.000190776454297236,1.06387858527642,0.02,0.008,1
"ENSG00000023287",0.000191838823905386,-0.797693382745344,0.029,0.047,1
"ENSG00000105612",0.000194085965370852,1.0107352239808,0.022,0.009,1
"ENSG00000232368",0.000194608899718636,0.445553650695486,0.112,0.082,1
"ENSG00000121879",0.000195075309524765,-1.43607374394996,0.005,0.013,1
"ENSG00000239269",0.000196625709136257,0.761469941108484,0.028,0.014,1
"ENSG00000164056",0.000199503793267498,2.80918660356607,0.01,0.002,1
"ENSG00000109111",0.000200218527252761,3.65263236549221,0.01,0.002,1
"ENSG00000065548",0.000200288335135508,0.804709847907591,0.029,0.014,1
"ENSG00000009844",0.00020044215440002,1.68341834699583,0.011,0.003,1
"ENSG00000132570",0.000201820274229467,2.75535866704663,0.01,0.002,1
"ENSG00000071794",0.000201871502733744,-2.0398507793593,0.005,0.014,1
"ENSG00000221930",0.00020191192806881,1.9604568064488,0.01,0.002,1
"ENSG00000214756",0.000202640768599668,2.69248769495543,0.01,0.002,1
"ENSG00000137960",0.00020269037279342,1.59385966222771,0.011,0.003,1
"ENSG00000004864",0.000202849127226326,1.32537082630181,0.01,0.002,1
"ENSG00000220472",0.000203652795845843,-0.152377633573022,0.085,0.058,1
"ENSG00000143013",0.000205553830354738,1.02714699200572,0.014,0.004,1
"ENSG00000161813",0.000205666275791399,0.676480998791104,0.024,0.011,1
"ENSG00000090581",0.000206083893209857,0.488429108255857,0.01,0.002,1
"ENSG00000274536",0.000208168663241053,-0.955530000325497,0.013,0.026,1
"ENSG00000164167",0.00020878692191506,0.489942593249916,0.01,0.002,1
"ENSG00000234851",0.000210256429814873,0.164548031966751,0.081,0.056,1
"ENSG00000126247",0.000210718594338717,0.663977662335804,0.027,0.013,1
"ENSG00000122042",0.000217224647451044,1.38300945216976,0.019,0.008,1
"ENSG00000121067",0.000218913481781388,1.16203149902886,0.025,0.011,1
"ENSG00000011600",0.00021992332405895,-0.120565172804222,0.253,0.204,1
"ENSG00000261556",0.00022078222974108,-1.3537138517839,0.015,0.028,1
"ENSG00000165733",0.000225299575567452,1.41163789869721,0.017,0.006,1
"ENSG00000157259",0.000225724882459424,1.47825334375513,0.013,0.004,1
"ENSG00000160310",0.000226685541371154,-0.826770185506796,0.102,0.132,1
"ENSG00000140575",0.000229040312581295,1.3904658545237,0.025,0.012,1
"ENSG00000100592",0.000230001299568242,0.426353074464582,0.037,0.02,1
"ENSG00000218283",0.000230134026477734,0.230159899265042,0.074,0.05,1
"ENSG00000224877",0.000236585790198545,3.14153164573476,0.012,0.003,1
"ENSG00000058262",0.000237230352937604,0.497551801684491,0.031,0.016,1
"ENSG00000107372",0.000240769982646368,0.142347934511205,0.025,0.012,1
"ENSG00000126814",0.000242929105742481,0.560146972094091,0.028,0.014,1
"ENSG00000048649",0.000244481547406815,-0.683265741231958,0.032,0.05,1
"ENSG00000120860",0.000246031522228231,1.24178419602884,0.015,0.005,1
"ENSG00000072786",0.000246108148524466,0.192571943753913,0.012,0.003,1
"ENSG00000179454",0.000247685874293185,0.571023153907368,0.012,0.003,1
"ENSG00000108848",0.0002490293718802,-0.643022810865561,0.175,0.206,1
"ENSG00000213430",0.000251382534836855,0.444482038189487,0.028,0.014,1
"ENSG00000160299",0.000252201809609554,0.726081544081553,0.024,0.011,1
"ENSG00000178695",0.000252968879618139,-0.615182197949099,0.213,0.245,1
"ENSG00000056097",0.000252995923074936,0.394174621131589,0.043,0.025,1
"ENSG00000137628",0.000257698467843891,2.49164805072898,0.012,0.003,1
"ENSG00000204394",0.00025931297286911,1.62560385008985,0.012,0.003,1
"ENSG00000267534",0.000260506364127763,1.04826123525629,0.012,0.003,1
"ENSG00000228665",0.000264576954677444,-0.560458153778878,0.072,0.097,1
"ENSG00000213216",0.000265053235572142,0.171293404618902,0.21,0.167,1
"ENSG00000224858",0.000265899876308264,1.03906664114517,0.016,0.006,1
"ENSG00000119487",0.000269298085853697,1.80045570925059,0.019,0.008,1
"ENSG00000122068",0.000273277266250954,0.117118509912093,0.045,0.027,1
"ENSG00000179335",0.00027361526094554,3.6144675287218,0.01,0.002,1
"ENSG00000180764",0.000277988069127136,2.04157786030122,0.01,0.002,1
"ENSG00000100934",0.000280117109537937,0.625562991537879,0.019,0.008,1
"ENSG00000240392",0.000283344848885327,-0.73661606059389,0.042,0.063,1
"ENSG00000128989",0.000285651810225911,0.607530457204488,0.062,0.04,1
"ENSG00000160712",0.000298696159504145,-0.966190494248871,0.028,0.045,1
"ENSG00000185710",0.000304433874347936,-0.875641852924598,0.045,0.065,1
"ENSG00000230562",0.000305979966120217,0.114650203122709,0.078,0.053,1
"ENSG00000145782",0.000307972456460075,0.600118652699396,0.037,0.02,1
"ENSG00000178177",0.000312354629040064,-1.58523008864508,0.004,0.011,1
"ENSG00000163811",0.000312862934860018,-0.273324464909119,0.196,0.151,1
"ENSG00000105854",0.000313723462331848,0.546379367397001,0.031,0.016,1
"ENSG00000169253",0.000320368903204108,0.876385995099629,0.026,0.012,1
"ENSG00000119397",0.000321001143221439,-0.426701660254603,0.09,0.117,1
"ENSG00000128573",0.000326706176485109,-2.74946440662078,0.004,0.012,1
"ENSG00000197343",0.000328365981809581,0.518015904244207,0.022,0.009,1
"ENSG00000118418",0.000328802002674674,0.483812480185487,0.053,0.033,1
"ENSG00000113240",0.000329265213535404,-2.00413048829035,0.007,0.017,1
"ENSG00000249353",0.00032999456345359,1.10588413614077,0.018,0.007,1
"ENSG00000169398",0.000333083118869202,1.29948536597484,0.02,0.008,1
"ENSG00000102908",0.000333611730385637,-1.44408469921344,0.007,0.017,1
"ENSG00000227939",0.000339122216456211,0.108196114236383,0.09,0.064,1
"ENSG00000143155",0.000340696681394964,0.871233507334026,0.02,0.008,1
"ENSG00000164032",0.000341763258090936,0.300504097624647,0.039,0.022,1
"ENSG00000225071",0.000342066335700098,0.233531959236735,0.072,0.049,1
"ENSG00000149308",0.000342776631050259,-1.08966667297703,0.005,0.013,1
"ENSG00000149313",0.000344030420228349,-2.35789374803115,0.006,0.015,1
"ENSG00000214593",0.000346434761954143,2.24290866610984,0.011,0.003,1
"ENSG00000090863",0.000347012892090673,-0.115771075730587,0.076,0.052,1
"ENSG00000238172",0.000347415419222305,0.346432441829641,0.08,0.056,1
"ENSG00000012660",0.000350286997229698,0.608009790075116,0.022,0.01,1
"ENSG00000101782",0.000352872369711423,0.159261471201363,0.024,0.011,1
"ENSG00000134759",0.000353575497033196,1.32537082630181,0.019,0.008,1
"ENSG00000117153",0.000354108171159246,0.973659262391796,0.011,0.003,1
"ENSG00000102879",0.000355188652898407,0.242241600999866,0.093,0.067,1
"ENSG00000247627",0.000355191666581092,0.526655197392018,0.154,0.122,1
"ENSG00000204138",0.00036026045156197,-1.78732930644755,0.006,0.015,1
"ENSG00000197780",0.000361823408461321,1.31381379487941,0.014,0.004,1
"ENSG00000108010",0.000362567797223348,1.99405515292047,0.011,0.003,1
"ENSG00000224712",0.000363938443486784,-1.35270107881083,0.006,0.014,1
"ENSG00000011275",0.000366749772552563,0.631058280181962,0.034,0.019,1
"ENSG00000066044",0.000370938894261028,1.57022269817053,0.018,0.007,1
"ENSG00000177556",0.00037257482913349,1.22908717411519,0.018,0.007,1
"ENSG00000102900",0.000379335601700276,1.84893278235882,0.01,0.002,1
"ENSG00000164086",0.000379410412905296,2.14890567541485,0.01,0.002,1
"ENSG00000138430",0.000380236067628367,1.07771164635493,0.01,0.002,1
"ENSG00000178429",0.000382324194455538,-0.237428184136322,0.125,0.092,1
"ENSG00000102595",0.000386883528213255,1.3830863241581,0.015,0.005,1
"ENSG00000130770",0.000389800999371432,0.680971350871677,0.032,0.017,1
"ENSG00000043462",0.000392941681375136,0.123814694452019,0.056,0.036,1
"ENSG00000170242",0.000396712918362639,0.985059219308051,0.021,0.009,1
"ENSG00000270629",0.000398785248346125,-0.576591021228391,0.082,0.108,1
"ENSG00000140992",0.000404782860304849,-1.31595948881389,0.014,0.027,1
"ENSG00000115310",0.000417906832589838,-0.124282236553123,0.17,0.133,1
"ENSG00000185344",0.00042659249778078,1.03495998153671,0.014,0.005,1
"ENSG00000074071",0.000427737550450779,1.50916800232568,0.012,0.003,1
"ENSG00000163848",0.000428899241420947,0.322732553623465,0.039,0.022,1
"ENSG00000180917",0.000429326806854138,0.563964372872306,0.018,0.007,1
"ENSG00000166128",0.000431161433476479,0.935612735471325,0.014,0.005,1
"ENSG00000263464",0.000434925450469913,1.35090591840895,0.012,0.003,1
"ENSG00000127589",0.000437274075528205,0.588405232135605,0.015,0.006,1
"ENSG00000006125",0.000446314084863307,0.431735838242842,0.022,0.01,1
"ENSG00000134516",0.000449725800636303,0.20546449341183,0.067,0.045,1
"ENSG00000127951",0.000450402756837047,-0.509265336475249,0.14,0.171,1
"ENSG00000196656",0.000454091285698036,0.201840908534403,0.083,0.058,1
"ENSG00000164574",0.000455589606171339,0.864576503264635,0.027,0.014,1
"ENSG00000165209",0.00045878418393735,0.870532318964993,0.022,0.01,1
"ENSG00000067208",0.000459955067541759,0.373354362777731,0.044,0.027,1
"ENSG00000124126",0.000460020412549604,-0.489462881892597,0.049,0.071,1
"ENSG00000081665",0.000464381177135219,-2.48594210932448,0.003,0.01,1
"ENSG00000134744",0.000464423229602595,-0.632555855254812,0.065,0.089,1
"ENSG00000162825",0.000470099907955583,-1.1484306757488,0.032,0.05,1
"ENSG00000081237",0.000474865368760793,-0.110747178870977,0.306,0.255,1
"ENSG00000174437",0.000486296237094539,0.414028446122208,0.037,0.021,1
"ENSG00000276345",0.000489253640238403,2.04021360956988,0.01,0.003,1
"ENSG00000074842",0.000490564614662551,1.32307171021222,0.026,0.013,1
"ENSG00000158773",0.000491814838092614,3.39576015419321,0.01,0.003,1
"ENSG00000197386",0.000493490987083176,1.80970096391648,0.01,0.003,1
"ENSG00000164346",0.000496029699838003,1.13746678135065,0.026,0.013,1
"ENSG00000003400",0.000496143371685498,0.557441161540613,0.06,0.039,1
"ENSG00000148943",0.000497775389414667,0.589170790678848,0.029,0.015,1
"ENSG00000168259",0.000498130456422383,1.00727888310817,0.035,0.02,1
"ENSG00000058600",0.000498417925228853,1.34612938646861,0.01,0.003,1
"ENSG00000065150",0.000500757173919293,1.36684746227797,0.01,0.003,1
"ENSG00000139372",0.000501499557789203,0.376509675293612,0.021,0.009,1
"ENSG00000087470",0.000503135011281347,0.4448779207579,0.023,0.011,1
"ENSG00000228058",0.000507742141396994,-0.978409921875292,0.031,0.048,1
"ENSG00000242697",0.00050937385493225,-0.727578053647148,0.039,0.058,1
"ENSG00000101463",0.000510600533833948,0.633493121664143,0.016,0.006,1
"ENSG00000229503",0.000513831113107228,-0.119957138404714,0.084,0.059,1
"ENSG00000113013",0.00051914014915417,0.253787598717617,0.044,0.027,1
"ENSG00000139343",0.000520175377760092,1.08170174533495,0.01,0.002,1
"ENSG00000104408",0.0005212045834748,0.516857784807445,0.054,0.035,1
"ENSG00000233030",0.000525217927369277,1.33499952749959,0.022,0.01,1
"ENSG00000186566",0.000526179083942876,0.606307801186869,0.019,0.008,1
"ENSG00000243099",0.000527222579369951,0.272128805024831,0.026,0.013,1
"ENSG00000133789",0.000528661311598065,-0.147347895622388,0.074,0.05,1
"ENSG00000163584",0.000530491539708015,1.56786445369477,0.012,0.004,1
"ENSG00000125944",0.000533067968511641,0.192348480055655,0.058,0.038,1
"ENSG00000163513",0.000537092930712993,-1.14109491178404,0.043,0.062,1
"ENSG00000185989",0.000538993234375066,0.531045852693325,0.012,0.004,1
"ENSG00000067248",0.000541194651953489,0.449180601486611,0.03,0.016,1
"ENSG00000112531",0.000548527296911981,-0.702237319201276,0.247,0.274,1
"ENSG00000124209",0.000548651216628613,0.696526435959835,0.02,0.008,1
"ENSG00000140199",0.000551091260368452,-1.98778705895782,0.004,0.011,1
"ENSG00000010327",0.000551477948086156,-0.397912489923119,0.05,0.031,1
"ENSG00000236493",0.000553586985153017,-1.86445373257821,0.004,0.011,1
"ENSG00000239374",0.00056282475480826,0.19239696103239,0.058,0.038,1
"ENSG00000179978",0.000563333537997519,0.815493513646846,0.024,0.012,1
"ENSG00000113407",0.000566238473012816,0.939510698048682,0.028,0.014,1
"ENSG00000078369",0.000568432346933269,0.142686858409617,0.053,0.034,1
"ENSG00000168137",0.000570681341151209,0.264144027051365,0.091,0.065,1
"ENSG00000183431",0.000572358392914833,0.818215125034536,0.024,0.012,1
"ENSG00000138722",0.000575541081981546,-2.11383298410778,0.004,0.011,1
"ENSG00000046651",0.000586938956263331,-0.855548471312068,0.035,0.053,1
"ENSG00000132256",0.00058719894100038,-1.87944896558669,0.006,0.015,1
"ENSG00000196968",0.000589262761143023,0.228191757601282,0.018,0.008,1
"ENSG00000161618",0.000589345995259841,-0.227170196726967,0.063,0.042,1
"ENSG00000124380",0.00059733736495446,0.889596080280569,0.025,0.013,1
"ENSG00000223745",0.000598148641774106,-1.18920234652795,0.01,0.021,1
"ENSG00000146223",0.000598914780820132,0.622935481859662,0.041,0.025,1
"ENSG00000084112",0.000599240262901065,-1.23229181751614,0.04,0.058,1
"ENSG00000185950",0.000606460062540598,-0.735120934054557,0.023,0.039,1
"ENSG00000196576",0.000608371598459672,1.25546881307166,0.017,0.007,1
"ENSG00000140497",0.000608867483132151,0.423865641230933,0.074,0.051,1
"ENSG00000198856",0.000610929140230283,0.692153156973434,0.023,0.011,1
"ENSG00000199990",0.000619472851840043,0.917675302364135,0.038,0.022,1
"ENSG00000157106",0.000625261352728322,-0.808268884683576,0.127,0.155,1
"ENSG00000146731",0.000626329604160249,0.26101851113425,0.125,0.095,1
"ENSG00000149600",0.000627585820003939,1.54240006287117,0.011,0.003,1
"ENSG00000101161",0.000630396174648327,1.51387725348585,0.011,0.003,1
"ENSG00000144746",0.000631470140143162,-0.730440036666695,0.103,0.129,1
"ENSG00000092108",0.000633045390823138,1.7349331955145,0.014,0.005,1
"ENSG00000141279",0.00063323179496823,0.17373960939984,0.063,0.042,1
"ENSG00000135316",0.000634928659233906,0.246603741069468,0.056,0.036,1
"ENSG00000137500",0.000639914412913545,1.25983766626275,0.016,0.006,1
"ENSG00000114125",0.000639993623691487,0.75332421346594,0.023,0.011,1
"ENSG00000173141",0.000646430067756173,0.964673161249873,0.027,0.014,1
"ENSG00000184787",0.000650580725722484,0.364946338155601,0.039,0.023,1
"ENSG00000205302",0.000650851951057453,0.715766330926629,0.034,0.019,1
"ENSG00000101596",0.000670066396957069,0.442590078597391,0.035,0.02,1
"ENSG00000088766",0.000705298616773319,1.76359795295254,0.012,0.004,1
"ENSG00000215030",0.00071019101580057,-0.182021005455921,0.292,0.241,1
"ENSG00000147010",0.000711649987058342,0.161107549729238,0.407,0.366,1
"ENSG00000095015",0.000723951102144597,-0.870771695876812,0.041,0.059,1
"ENSG00000156261",0.000725021288005449,0.234667919617425,0.038,0.022,1
"ENSG00000189114",0.000725515906623601,1.69375823228183,0.014,0.005,1
"ENSG00000148843",0.000730652771135428,0.635638904016596,0.018,0.008,1
"ENSG00000205765",0.000731042130768659,-1.98462064881785,0.018,0.031,1
"ENSG00000139168",0.0007425328865697,1.02773371074532,0.014,0.005,1
"ENSG00000140749",0.000742958384549119,-0.52600008954047,0.121,0.148,1
"ENSG00000149346",0.000753105152205285,0.782954020546739,0.014,0.005,1
"ENSG00000182180",0.000754403322446897,2.74162630373733,0.011,0.003,1
"ENSG00000179889",0.000757722461423102,0.267183412232854,0.037,0.022,1
"ENSG00000200879",0.000760221283582543,-1.16108871031903,0.061,0.082,1
"ENSG00000105379",0.000768070345560423,1.3444291621175,0.011,0.003,1
"ENSG00000134108",0.000770085963604455,0.141287761862839,0.039,0.023,1
"ENSG00000040341",0.000771354414408536,1.86905705144445,0.011,0.003,1
"ENSG00000142541",0.000780595538871619,-0.14167097264916,0.308,0.261,1
"ENSG00000272150",0.000791691989261679,-1.37823617091796,0.014,0.026,1
"ENSG00000120733",0.000800115361546753,-0.540243493728188,0.052,0.073,1
"ENSG00000140299",0.000809125654495619,0.52279751910346,0.041,0.025,1
"ENSG00000228331",0.000812854604501299,-0.561918111399542,0.12,0.147,1
"ENSG00000251230",0.000830370754045849,-0.317077169080106,0.011,0.003,1
"ENSG00000018510",0.000832018004005371,1.7772883912818,0.014,0.005,1
"ENSG00000189007",0.000837044566350548,1.59007405249622,0.014,0.005,1
"ENSG00000131100",0.000837654252774829,1.98010360532714,0.017,0.007,1
"ENSG00000169087",0.000863537777863939,-1.34586544856134,0.007,0.017,1
"ENSG00000163468",0.000870535043165844,0.339802707644397,0.035,0.02,1
"ENSG00000108861",0.000882234639029014,0.817223922631486,0.017,0.007,1
"ENSG00000279159",0.00088469702991832,2.65449442259338,0.01,0.003,1
"ENSG00000248334",0.000888362605081776,-0.544045063888044,0.007,0.016,1
"ENSG00000141298",0.000897223027222299,-0.463742151537303,0.235,0.264,1
"ENSG00000115935",0.000902760849202969,-1.03800455315454,0.042,0.06,1
"ENSG00000100028",0.000904700057671327,1.45876995171901,0.02,0.009,1
"ENSG00000231721",0.000916142243648186,1.19983994421795,0.012,0.004,1
"ENSG00000196365",0.000919189454674515,1.04157786030122,0.018,0.008,1
"ENSG00000066427",0.000923541901429526,-0.720090987946215,0.036,0.053,1
"ENSG00000144136",0.000930767559779085,0.669802419678085,0.032,0.018,1
"ENSG00000103528",0.000932450980161329,1.15134142652676,0.016,0.006,1
"ENSG00000125991",0.000935102180300459,1.40716491746546,0.012,0.004,1
"ENSG00000130826",0.000939878020443408,0.53745823924652,0.016,0.006,1
"ENSG00000124766",0.000943208742305808,0.47658225545496,0.028,0.015,1
"ENSG00000171204",0.000958831429578309,0.228818092331571,0.044,0.027,1
"ENSG00000196205",0.000959064128669769,-0.12519787600789,0.34,0.28,1
"ENSG00000107829",0.000983632556324273,0.751635581003909,0.013,0.005,1
"ENSG00000138279",0.000993740565929254,0.359373339813669,0.042,0.026,1
"ENSG00000145780",0.00101389360706963,1.20934702996233,0.018,0.008,1
"ENSG00000198743",0.00101921029782637,-1.56597211017873,0.004,0.011,1
"ENSG00000103018",0.00102153087691311,2.00986900057388,0.011,0.003,1
"ENSG00000163682",0.00102637046210532,-0.130215191435612,0.268,0.225,1
"ENSG00000152804",0.00102819049435931,-1.45753105203125,0.006,0.014,1
"ENSG00000104447",0.00102822171218762,1.3071470676829,0.021,0.01,1
"ENSG00000089041",0.00103349381033363,-1.23546713697255,0.046,0.064,1
"ENSG00000160352",0.00103381173758319,-1.65024501507123,0.004,0.011,1
"ENSG00000163931",0.00103428605280203,1.37529605163349,0.015,0.006,1
"ENSG00000230590",0.00105121589719139,-1.07352398178137,0.089,0.112,1
"ENSG00000115084",0.00105224664021894,-1.5820756140606,0.009,0.019,1
"ENSG00000156052",0.00106974491887335,-0.948535753722608,0.084,0.108,1
"ENSG00000281344",0.00107587581960839,-0.969220183964906,0.031,0.047,1
"ENSG00000257621",0.00107661416363792,0.373158725256076,0.236,0.2,1
"ENSG00000123983",0.00108933394568672,1.48477064788141,0.012,0.004,1
"ENSG00000198498",0.00109530457811282,1.22761077764075,0.014,0.005,1
"ENSG00000152242",0.00110229780428289,2.63586402612689,0.01,0.003,1
"ENSG00000108854",0.00110579762004167,-0.835709928810717,0.056,0.076,1
"ENSG00000163359",0.00110771642531591,0.376009030046178,0.535,0.597,1
"ENSG00000145685",0.00111029424090786,-0.889707536069332,0.115,0.14,1
"ENSG00000092201",0.00111317927083652,0.310104069648501,0.024,0.012,1
"ENSG00000244245",0.00111778938424831,-0.139758325995134,0.151,0.118,1
"ENSG00000085871",0.00112185368220213,0.557733536393187,0.033,0.019,1
"ENSG00000133872",0.0011249421639752,-0.799988173367966,0.106,0.132,1
"ENSG00000273590",0.0011250995427646,1.40337333830308,0.01,0.003,1
"ENSG00000214026",0.00113895222321753,0.437081213798828,0.01,0.003,1
"ENSG00000149231",0.00114219307604403,0.72810006654312,0.021,0.01,1
"ENSG00000066654",0.00115636468035742,0.21624544188273,0.061,0.041,1
"ENSG00000226259",0.00116608205428761,-1.34138576558299,0.014,0.026,1
"ENSG00000141867",0.00118749269400147,-0.429016580340274,0.241,0.269,1
"ENSG00000160818",0.00119327685707378,2.84594273975301,0.01,0.003,1
"ENSG00000038382",0.00119902207523187,-1.37387510191524,0.035,0.051,1
"ENSG00000215319",0.00119913514920792,2.00344273141445,0.01,0.003,1
"ENSG00000087302",0.0012011502558303,1.94227621952572,0.012,0.004,1
"ENSG00000079459",0.00121077883735142,0.969957309709386,0.01,0.003,1
"ENSG00000115415",0.00121292905505536,0.651573576289499,0.019,0.009,1
"ENSG00000175265",0.0012160030756892,0.611160751769518,0.029,0.016,1
"ENSG00000231609",0.00123438874693729,1.10424337220194,0.031,0.018,1
"ENSG00000129625",0.00126286614485109,0.423694660183917,0.03,0.017,1
"ENSG00000111348",0.00126345768702353,0.118218830622275,0.24,0.204,1
"ENSG00000108298",0.00126817499142475,-0.35650064656112,0.245,0.201,1
"ENSG00000260314",0.00126990795569416,-0.947919490063184,0.026,0.041,1
"ENSG00000232346",0.00127573944080459,0.169719955841616,0.044,0.028,1
"ENSG00000139278",0.00127689262849303,-1.73726016196859,0.012,0.022,1
"ENSG00000163960",0.00127718557646188,0.122962779419518,0.014,0.006,1
"ENSG00000196922",0.00130233775402805,0.511237371613145,0.026,0.014,1
"ENSG00000150753",0.00133215580002121,0.325370826301811,0.016,0.007,1
"ENSG00000092148",0.00133866728615207,0.280719059824021,0.032,0.018,1
"ENSG00000253846",0.0013454429751996,2.09674645125385,0.011,0.003,1
"ENSG00000114120",0.00134708215353668,0.822219974293526,0.038,0.023,1
"ENSG00000125676",0.00135138026068791,0.169681830155091,0.091,0.067,1
"ENSG00000131051",0.0013522097153877,-0.108337579022211,0.264,0.22,1
"ENSG00000176871",0.0013764063368651,-0.247023000916289,0.047,0.03,1
"ENSG00000105968",0.00139238445545845,0.340129983574225,0.023,0.012,1
"ENSG00000109794",0.00139407640314547,-1.25793815556683,0.022,0.036,1
"ENSG00000136240",0.00140297456623108,0.887381919641143,0.042,0.026,1
"ENSG00000119596",0.00141182974409939,-1.64399755504453,0.007,0.016,1
"ENSG00000159592",0.00142829246987014,-0.917468492031584,0.086,0.109,1
"ENSG00000255112",0.0014338270589114,-0.20712425452521,0.023,0.011,1
"ENSG00000006715",0.00144866392944242,-1.59662666169692,0.01,0.019,1
"ENSG00000234335",0.0014514856687561,-1.16005600086843,0.018,0.03,1
"ENSG00000151883",0.00145154563251212,-1.04358428249549,0.014,0.025,1
"ENSG00000218175",0.00146406324851347,-0.124730322671772,0.194,0.157,1
"ENSG00000136044",0.00147245746338977,-0.794923407415901,0.019,0.032,1
"ENSG00000238137",0.00149141681106966,1.49529582774412,0.01,0.003,1
"ENSG00000184014",0.00150920921082092,0.204064530079678,0.041,0.026,1
"ENSG00000133606",0.00151280508981644,0.958831844714157,0.01,0.003,1
"ENSG00000205413",0.00155110735378627,3.46560414280732,0.011,0.004,1
"ENSG00000138185",0.00156134858850731,-0.704024238441313,0.125,0.149,1
"ENSG00000223803",0.00158715380841924,-0.131512659247483,0.141,0.111,1
"ENSG00000181555",0.00162664060002714,-1.09540831090336,0.033,0.048,1
"ENSG00000126882",0.00164204491072826,-0.70915685682646,0.015,0.026,1
"ENSG00000132676",0.00164873922467003,0.20654526489101,0.034,0.02,1
"ENSG00000214046",0.0016599135631121,0.521435965207913,0.013,0.005,1
"ENSG00000143799",0.00166667706926439,0.625800638096166,0.023,0.012,1
"ENSG00000239830",0.00168981956461731,0.138602314696084,0.02,0.009,1
"ENSG00000171988",0.0016923501591485,-0.652050357611943,0.097,0.121,1
"ENSG00000145388",0.00170393267810294,-1.52425256863386,0.003,0.01,1
"ENSG00000181404",0.00170902202831319,-1.99088851849886,0.005,0.012,1
"ENSG00000276997",0.00171010691477749,-1.93242693116584,0.003,0.01,1
"ENSG00000115548",0.00172096450742244,1.28060095618179,0.021,0.011,1
"ENSG00000138385",0.0017336834776368,0.401524267796565,0.084,0.062,1
"ENSG00000230291",0.00173438659067769,-1.72525524676816,0.005,0.011,1
"ENSG00000123684",0.00173680391307287,-0.860579599066577,0.003,0.01,1
"ENSG00000065526",0.00174158139375396,-0.994423629979912,0.033,0.049,1
"ENSG00000242086",0.00174354027556645,1.19884976227044,0.032,0.019,1
"ENSG00000175155",0.00174969777595741,-1.85485918353224,0.004,0.011,1
"ENSG00000074603",0.00175208938150597,-1.40530850501696,0.012,0.023,1
"ENSG00000141367",0.00175625920915872,0.108664419294367,0.1,0.076,1
"ENSG00000213467",0.00176418060769555,-1.00836657087518,0.011,0.021,1
"ENSG00000220749",0.00178186443246787,-0.242001001652763,0.228,0.184,1
"ENSG00000185862",0.00178255408162632,-0.90461234726615,0.037,0.054,1
"ENSG00000136709",0.00180190665918344,-0.664021074132208,0.011,0.003,1
"ENSG00000207523",0.00180506498539219,1.87185917920833,0.013,0.005,1
"ENSG00000113282",0.00182667675576989,0.550337191302085,0.038,0.023,1
"ENSG00000135164",0.00186267265270097,-0.674629173698189,0.042,0.059,1
"ENSG00000070785",0.00186476775572952,0.402128025285849,0.013,0.005,1
"ENSG00000013275",0.00187018422285229,0.633891307887073,0.037,0.022,1
"ENSG00000214027",0.00189490468838209,0.65978986537237,0.022,0.011,1
"ENSG00000120675",0.00190168109685465,0.75511482439568,0.015,0.006,1
"ENSG00000196218",0.00192940907473621,-0.940303461404687,0.008,0.017,1
"ENSG00000243646",0.00194185370686868,0.64064202377557,0.031,0.018,1
"ENSG00000112249",0.00194464584922813,0.68010957188545,0.033,0.019,1
"ENSG00000232176",0.00195947807871266,0.3493762893126,0.039,0.024,1
"ENSG00000085231",0.00198363747983642,0.668404554200825,0.01,0.003,1
"ENSG00000172663",0.00199998125855985,1.5777579879361,0.01,0.003,1
"ENSG00000124226",0.00200469036756207,0.818195107481954,0.023,0.012,1
"ENSG00000107625",0.00200476863612998,1.29910517160801,0.01,0.003,1
"ENSG00000197601",0.00201537158369449,0.33458935633119,0.026,0.014,1
"ENSG00000057252",0.00202634792527461,-0.124802016106844,0.071,0.051,1
"ENSG00000064115",0.00202956211104932,0.624424454936586,0.01,0.003,1
"ENSG00000177409",0.00203749929110434,0.530385471653719,0.038,0.023,1
"ENSG00000121933",0.00209106142264005,0.20190359074474,0.154,0.125,1
"ENSG00000148516",0.00209212387582075,-2.10159762488163,0.007,0.016,1
"ENSG00000172366",0.00209747720597619,1.64087265202974,0.011,0.004,1
"ENSG00000179583",0.00210000615665966,0.362683984769867,0.018,0.008,1
"ENSG00000160131",0.00210025514065856,1.51519538518183,0.012,0.005,1
"ENSG00000028116",0.00212121104868058,1.33944601151353,0.012,0.005,1
"ENSG00000133639",0.00213968569242669,-0.274698566809554,0.063,0.044,1
"ENSG00000146457",0.00217065222883214,-0.316290310557974,0.42,0.344,1
"ENSG00000229605",0.00218499675198891,-0.254745532674499,0.203,0.163,1
"ENSG00000232385",0.00218668151549419,-0.183778296957891,0.116,0.089,1
"ENSG00000104219",0.00218942276332977,-0.912603319455007,0.06,0.08,1
"ENSG00000109756",0.00219148646146216,0.714846619166624,0.032,0.019,1
"ENSG00000168172",0.00219277589387142,0.385867528184926,0.082,0.061,1
"ENSG00000183426",0.00219873606313826,-0.97948375522661,0.01,0.019,1
"ENSG00000117222",0.00225414101574125,0.510266404639272,0.032,0.019,1
"ENSG00000197746",0.00228757879186106,-0.118001856084364,0.439,0.384,1
"ENSG00000140044",0.0022877373095373,-0.372335337417168,0.116,0.089,1
"ENSG00000136111",0.00230480040168008,-2.07287143043405,0.007,0.015,1
"ENSG00000165322",0.00230907872929974,-0.691664286358665,0.048,0.066,1
"ENSG00000024048",0.0023137377439828,0.252979635811526,0.037,0.023,1
"ENSG00000130640",0.00233008431015631,1.36315548876128,0.013,0.005,1
"ENSG00000143614",0.00233321190436718,0.824176683273253,0.019,0.009,1
"ENSG00000180228",0.0023381651748478,0.689183002225481,0.019,0.009,1
"ENSG00000175215",0.00234113742371741,-1.10989448120473,0.007,0.015,1
"ENSG00000157933",0.00234182305428363,-0.845218063165142,0.11,0.133,1
"ENSG00000153250",0.00234723352179175,0.68154611957744,0.04,0.025,1
"ENSG00000138182",0.00235848783620881,-2.2709964376916,0.007,0.014,1
"ENSG00000243964",0.00236714067518153,0.113463846198782,0.104,0.079,1
"ENSG00000272807",0.00236766162697506,-0.817062115692468,0.059,0.078,1
"ENSG00000151465",0.00238886827319495,1.49282757215337,0.01,0.003,1
"ENSG00000227207",0.00240227595662215,-0.50623164200247,0.015,0.025,1
"ENSG00000184110",0.00240583853324873,0.312102225146299,0.053,0.036,1
"ENSG00000169155",0.00243246919897947,-0.393058816426967,0.025,0.014,1
"ENSG00000183793",0.00244936452515756,-1.50904310798021,0.007,0.014,1
"ENSG00000227525",0.00245457853070828,0.156394654253048,0.058,0.04,1
"ENSG00000183474",0.00247082867912618,-1.57468773582428,0.015,0.026,1
"ENSG00000172716",0.00247412434902533,0.793757750173589,0.012,0.004,1
"ENSG00000124151",0.00248842442677552,-0.644900986420863,0.076,0.097,1
"ENSG00000107560",0.0025075793655722,0.528187709301498,0.015,0.006,1
"ENSG00000198053",0.00251484702805356,0.109809892434541,0.073,0.053,1
"ENSG00000140332",0.00254027451278392,-0.29736419274101,0.122,0.094,1
"ENSG00000283050",0.00260000507598847,-0.634828165640214,0.031,0.046,1
"ENSG00000104131",0.00260743709661386,0.1241402180861,0.034,0.021,1
"ENSG00000071054",0.00261964975995696,-0.445210378295048,0.048,0.065,1
"ENSG00000196655",0.00262913192733984,0.924512262192729,0.014,0.006,1
"ENSG00000234771",0.0026413694955772,0.79822296070143,0.02,0.01,1
"ENSG00000279010",0.00264211644080291,-1.35876707951018,0.012,0.022,1
"ENSG00000260335",0.00264839313185632,0.197068860454322,0.063,0.045,1
"ENSG00000102316",0.00267471782725372,1.12287796240307,0.01,0.003,1
"ENSG00000107581",0.00267628761876967,0.482632592478371,0.102,0.079,1
"ENSG00000235225",0.00268111703198877,-1.0371992530829,0.006,0.013,1
"ENSG00000114354",0.00268827945565612,0.152903630297045,0.01,0.003,1
"ENSG00000278487",0.0027184328525312,-0.77172786180327,0.025,0.039,1
"ENSG00000177853",0.00271959777482764,0.400877914227857,0.058,0.041,1
"ENSG00000219133",0.00272454467421276,-0.128070185278379,0.2,0.164,1
"ENSG00000085063",0.00272670918115869,0.850162177440368,0.018,0.008,1
"ENSG00000114686",0.00276386211918413,1.59497788605909,0.011,0.004,1
"ENSG00000169896",0.00278487706084357,0.141596522715994,0.047,0.031,1
"ENSG00000185219",0.00278504934688194,1.1626413262637,0.011,0.004,1
"ENSG00000074590",0.0027901665525121,0.752677162913919,0.012,0.005,1
"ENSG00000164924",0.00279600888435383,-0.27542030458698,0.19,0.155,1
"ENSG00000092847",0.00280896736655808,0.83994399913157,0.012,0.005,1
"ENSG00000153814",0.00283149693457728,0.249421973068513,0.018,0.008,1
"ENSG00000109790",0.00285039918471153,-0.169897285870423,0.02,0.01,1
"ENSG00000241058",0.00285396688041235,0.398127168737125,0.043,0.028,1
"ENSG00000049245",0.00286182575735371,1.17430485211081,0.016,0.007,1
"ENSG00000137504",0.00286684373675044,1.15736302785379,0.014,0.006,1
"ENSG00000142188",0.00287257779787021,0.485660530931821,0.018,0.009,1
"ENSG00000137364",0.00288889036519366,0.608063757906073,0.016,0.007,1
"ENSG00000229022",0.00291243135435957,1.04021360956988,0.018,0.009,1
"ENSG00000106603",0.0029552362379781,-1.54067471702932,0.005,0.011,1
"ENSG00000167986",0.00296000954576342,0.819108566976429,0.014,0.006,1
"ENSG00000085982",0.00303712261900815,1.91247859885452,0.013,0.005,1
"ENSG00000077254",0.00304178773002955,-1.52145124709303,0.019,0.031,1
"ENSG00000106617",0.00304873322146065,1.85738444707401,0.013,0.005,1
"ENSG00000272330",0.00307122238369253,-0.128140820791669,0.057,0.039,1
"ENSG00000106066",0.00308405661095262,-0.538000275643965,0.09,0.112,1
"ENSG00000128872",0.00310043900427545,-0.732993336212177,0.01,0.019,1
"ENSG00000135363",0.00310335870142932,0.232121415598328,0.038,0.025,1
"ENSG00000172340",0.0031118279460283,0.255881171551677,0.045,0.03,1
"ENSG00000148672",0.0031197292559022,-0.123369976645241,0.212,0.175,1
"ENSG00000183684",0.00312339078383801,-0.288631347370699,0.175,0.14,1
"ENSG00000220842",0.0031463018891265,-0.10336127784781,0.302,0.261,1
"ENSG00000113312",0.00318756377331426,0.308497007737415,0.029,0.017,1
"ENSG00000168765",0.00318960871612048,0.635710946913962,0.011,0.004,1
"ENSG00000130254",0.00321607988642467,-0.726226254954428,0.065,0.084,1
"ENSG00000163798",0.00322608220617516,0.398687503944732,0.011,0.004,1
"ENSG00000204252",0.00324279564362587,0.403373338303084,0.019,0.01,1
"ENSG00000110696",0.00328853947083784,-0.163973504169869,0.085,0.064,1
"ENSG00000105810",0.00329673779246995,-1.56917987511446,0.007,0.015,1
"ENSG00000101577",0.0033357257712053,0.307172609718275,0.02,0.01,1
"ENSG00000177426",0.00340281990671069,0.286200229021133,0.024,0.013,1
"ENSG00000141480",0.0034068189715811,-0.388600649186474,0.099,0.076,1
"ENSG00000170759",0.00340750064434506,-0.856640271711832,0.062,0.081,1
"ENSG00000174574",0.00341595684305406,0.388635719759827,0.013,0.006,1
"ENSG00000001461",0.00348577559427298,2.07372733025488,0.012,0.005,1
"ENSG00000068366",0.00351807409968255,0.303705374161009,0.025,0.014,1
"ENSG00000280138",0.00357390504046881,1.00081407285383,0.012,0.005,1
"ENSG00000144381",0.00361307292175926,-0.10395787430361,0.097,0.075,1
"ENSG00000140395",0.00361954586624506,1.56394317469369,0.014,0.006,1
"ENSG00000162745",0.0036321463735401,2.24964350013857,0.011,0.004,1
"ENSG00000120688",0.00364220520992275,0.888756248484513,0.018,0.009,1
"ENSG00000164219",0.0036455677553179,-0.223623250782115,0.178,0.144,1
"ENSG00000168612",0.00365882197287794,0.666927727938106,0.012,0.005,1
"ENSG00000233024",0.00367043884408103,-1.72525524676816,0.007,0.014,1
"ENSG00000123329",0.00368912219324672,0.306412668597927,0.029,0.017,1
"ENSG00000111912",0.00368967301924397,0.233177128092065,0.016,0.007,1
"ENSG00000163875",0.00376040228577345,0.660504459988441,0.014,0.006,1
"ENSG00000224557",0.00377609331541836,-1.42087258145241,0.007,0.014,1
"ENSG00000162191",0.003777121828072,0.89706096992993,0.016,0.008,1
"ENSG00000181192",0.00380106756065244,1.09606727778057,0.019,0.009,1
"ENSG00000162367",0.00380204426304052,-0.950470754252343,0.043,0.059,1
"ENSG00000099250",0.00382287111371159,0.682254170767205,0.032,0.019,1
"ENSG00000102898",0.00384064571394908,-0.157363406214494,0.369,0.313,1
"ENSG00000188459",0.0038501254624788,-1.57244877889171,0.012,0.022,1
"ENSG00000181722",0.00388035784459375,-0.794468943704192,0.02,0.032,1
"ENSG00000165102",0.00388138208455414,1.40154250678721,0.012,0.005,1
"ENSG00000169403",0.00394609724901272,-0.641384583234957,0.063,0.082,1
"ENSG00000124224",0.00400233751859579,-2.09529122217091,0.009,0.017,1
"ENSG00000086065",0.00400307997192645,0.973991964245285,0.014,0.006,1
"ENSG00000136205",0.00402166466782072,0.445401530008581,0.012,0.005,1
"ENSG00000071073",0.00402483579445733,-0.506996336142587,0.184,0.211,1
"ENSG00000163156",0.00404264751411708,0.199571160790833,0.048,0.033,1
"ENSG00000055332",0.00407484617849669,0.179488216325568,0.053,0.036,1
"ENSG00000256618",0.00408422997032527,0.826022742438626,0.113,0.09,1
"ENSG00000100380",0.00409895213036705,-0.928946362430874,0.063,0.082,1
"ENSG00000111231",0.00412316402383036,0.468124098999879,0.024,0.014,1
"ENSG00000170275",0.00412981497350868,0.102046130269988,0.017,0.008,1
"ENSG00000257599",0.00414922297961881,-0.791924532557104,0.045,0.061,1
"ENSG00000125863",0.00416632585891383,0.20705085911305,0.01,0.003,1
"ENSG00000084093",0.00418610939570274,0.221262422961073,0.025,0.014,1
"ENSG00000135976",0.0042027070493531,-0.490524208997954,0.211,0.233,1
"ENSG00000254634",0.00420373083404473,-1.28446634305837,0.015,0.025,1
"ENSG00000196912",0.00422143563052161,-0.495451458281059,0.181,0.206,1
"ENSG00000168264",0.00423153245295712,-1.03773384198029,0.086,0.106,1
"ENSG00000110958",0.00424932881769557,-0.570645176010937,0.158,0.184,1
"ENSG00000072849",0.00429091895510005,0.708554609681611,0.034,0.021,1
"ENSG00000196199",0.00430720304837817,-0.577496512321806,0.105,0.128,1
"ENSG00000075151",0.00430835096170147,0.121914875720959,0.177,0.147,1
"ENSG00000234354",0.00431077287787285,0.169546021904353,0.067,0.049,1
"ENSG00000268034",0.00432838603461561,1.21050686926981,0.013,0.006,1
"ENSG00000115875",0.00434562648414492,0.122686076382849,0.052,0.036,1
"ENSG00000140406",0.00434986324136573,-1.07852611537183,0.008,0.016,1
"ENSG00000084070",0.00443581516448871,-0.498578069459035,0.121,0.146,1
"ENSG00000267305",0.00451286899278586,-0.762092014948529,0.018,0.028,1
"ENSG00000108599",0.00451410877648768,-0.431358022685825,0.05,0.034,1
"ENSG00000115053",0.00457696595609448,0.119732790956772,0.169,0.139,1
"ENSG00000218227",0.00458680764578155,-0.778840168686323,0.048,0.064,1
"ENSG00000170873",0.00465635909595249,0.3751413774802,0.028,0.017,1
"ENSG00000138674",0.00470717584177196,0.347376134385077,0.059,0.043,1
"ENSG00000185278",0.00472981330764653,0.874367829735095,0.014,0.006,1
"ENSG00000154237",0.00474283692514962,-0.429733741392835,0.132,0.155,1
"ENSG00000196305",0.00477074310528554,1.11978669265192,0.01,0.004,1
"ENSG00000117614",0.00477168337288071,0.401052026392963,0.029,0.018,1
"ENSG00000117592",0.00479323549533923,1.02728947336882,0.016,0.008,1
"ENSG00000229806",0.00479519515480356,-0.270176425060511,0.097,0.073,1
"ENSG00000204183",0.00482191848071139,0.57633239983503,0.102,0.127,1
"ENSG00000231747",0.0048839381876594,-0.304911676415746,0.134,0.106,1
"ENSG00000239532",0.00490264111127511,-1.27870049736705,0.005,0.011,1
"ENSG00000146729",0.00490265165123013,0.735110137323873,0.025,0.014,1
"ENSG00000100353",0.00491096234424602,0.221725558148016,0.022,0.012,1
"ENSG00000144744",0.00491740291056671,0.745895951219086,0.016,0.008,1
"ENSG00000104894",0.00493318271477375,0.118010018157176,0.048,0.033,1
"ENSG00000101974",0.0049487718085149,1.61105977775785,0.014,0.006,1
"ENSG00000054282",0.00500040135663912,-0.563286300073509,0.092,0.113,1
"ENSG00000123338",0.00501304484219504,0.230118981888188,0.064,0.047,1
"ENSG00000258477",0.0050167262810972,0.423934660785401,0.039,0.025,1
"ENSG00000118217",0.00505260946628152,0.156710388903153,0.073,0.055,1
"ENSG00000265936",0.00505276316377022,0.271789786096967,0.034,0.021,1
"ENSG00000152270",0.00506384323336053,-0.149346357713834,0.033,0.021,1
"ENSG00000134318",0.00509105094637091,-1.22456788008431,0.018,0.028,1
"ENSG00000078043",0.00512307266822596,-1.27388707470955,0.04,0.055,1
"ENSG00000174780",0.00513792838690079,0.118919948834385,0.026,0.015,1
"ENSG00000114013",0.0051392647830135,-0.156549849551658,0.074,0.055,1
"ENSG00000163939",0.00516222850466832,-0.611287348129937,0.068,0.087,1
"ENSG00000139746",0.00519262530121172,-0.399983031050008,0.094,0.116,1
"ENSG00000089009",0.00526757175501864,-0.133638107130777,0.185,0.154,1
"ENSG00000077420",0.00529432192982792,-0.447079147914177,0.139,0.163,1
"ENSG00000106052",0.00533602166703427,-0.109427405716771,0.122,0.097,1
"ENSG00000143442",0.00534679869589517,-0.455562435211576,0.092,0.07,1
"ENSG00000037241",0.00535546521435859,0.832772343729315,0.011,0.004,1
"ENSG00000245958",0.00537730958049928,1.503934746018,0.011,0.004,1
"ENSG00000100225",0.00546544149917633,0.605478745494547,0.01,0.003,1
"ENSG00000086589",0.00548511480733709,0.592851137166797,0.01,0.003,1
"ENSG00000183055",0.00551792295771362,0.507962239580284,0.048,0.033,1
"ENSG00000090447",0.00552088077789157,-2.09277258384485,0.009,0.017,1
"ENSG00000159256",0.00553577404243712,-0.596356468786511,0.019,0.03,1
"ENSG00000102081",0.00556722606739636,1.45026207412962,0.013,0.006,1
"ENSG00000233476",0.00561120689906727,-0.16364308037376,0.32,0.269,1
"ENSG00000099999",0.0056147939046308,-1.32504473590796,0.009,0.017,1
"ENSG00000243071",0.00563479852031218,-0.253985530586742,0.186,0.15,1
"ENSG00000163932",0.00564538370636899,-0.913944134573356,0.026,0.038,1
"ENSG00000181163",0.00565754517701437,0.226240802982977,0.104,0.082,1
"ENSG00000185246",0.0056607119065687,-0.276001108900139,0.26,0.216,1
"ENSG00000083312",0.00569947602271976,-0.927200980960527,0.033,0.047,1
"ENSG00000136717",0.00574462344082123,-0.105823505670188,0.214,0.181,1
"ENSG00000162961",0.00583991962658687,1.58633090389775,0.011,0.005,1
"ENSG00000133106",0.00585502412455051,0.938438664703321,0.027,0.016,1
"ENSG00000083937",0.00590221059462707,1.24614413515124,0.013,0.006,1
"ENSG00000115839",0.00592736795374134,0.153787363887245,0.015,0.007,1
"ENSG00000232653",0.0059287771702208,-1.11793052519575,0.007,0.014,1
"ENSG00000163605",0.00596650143113833,0.780092027053137,0.025,0.014,1
"ENSG00000122566",0.00596680834387588,-0.512739731936026,0.249,0.271,1
"ENSG00000156136",0.00596970959681695,1.20420513677935,0.011,0.005,1
"ENSG00000138594",0.00598833348872269,0.70388244955554,0.024,0.014,1
"ENSG00000100354",0.00600525251216284,-0.373932762335056,0.366,0.383,1
"ENSG00000135930",0.00601579046931345,0.129820017184004,0.011,0.005,1
"ENSG00000151702",0.00607919313542424,-0.511403912184945,0.031,0.044,1
"ENSG00000205534",0.00610237246902225,-0.800160055782048,0.034,0.048,1
"ENSG00000154803",0.00610605789972641,-0.361347828163708,0.363,0.301,1
"ENSG00000185596",0.00615768925309853,0.278065111523454,0.013,0.006,1
"ENSG00000067829",0.00617730543187407,0.999517028200649,0.01,0.004,1
"ENSG00000117758",0.00621152361530752,0.456157433837165,0.01,0.004,1
"ENSG00000234571",0.00622390603847613,0.578466208104337,0.037,0.024,1
"ENSG00000214016",0.00625848074487317,0.500942390885265,0.035,0.022,1
"ENSG00000102531",0.0062910169366986,0.44602456538916,0.041,0.028,1
"ENSG00000132912",0.00629231659906225,0.182006651130633,0.026,0.016,1
"ENSG00000257790",0.00630029410555154,0.211414637004726,0.024,0.014,1
"ENSG00000197579",0.00633014543332596,-0.842034183161986,0.023,0.035,1
"ENSG00000077063",0.00635553216118418,-0.979782604537029,0.033,0.046,1
"ENSG00000269713",0.00637867712684137,-1.00891447510553,0.027,0.039,1
"ENSG00000177311",0.0064015899138579,-0.914438648112047,0.019,0.01,1
"ENSG00000106344",0.00641670169494966,1.0401012019933,0.02,0.011,1
"ENSG00000228502",0.0064286013515003,-0.177659346361877,0.303,0.255,1
"ENSG00000197912",0.00643576959155362,0.788267964359247,0.016,0.008,1
"ENSG00000100906",0.00644506974808214,-1.25341970761192,0.059,0.076,1
"ENSG00000159788",0.00649185534342941,0.153805466478243,0.029,0.018,1
"ENSG00000214940",0.00654083678129411,-1.57509350014727,0.008,0.016,1
"ENSG00000213051",0.00656822466684604,-0.495305474253627,0.013,0.022,1
"ENSG00000215193",0.00657660369456522,0.263970281637667,0.02,0.011,1
"ENSG00000164463",0.00663425835214765,-0.995359514227929,0.036,0.05,1
"ENSG00000250568",0.00664764142193821,0.175475395818752,0.021,0.011,1
"ENSG00000136628",0.00669680454092106,0.554396339970706,0.021,0.011,1
"ENSG00000188554",0.00670692083793832,-1.08594358693432,0.008,0.016,1
"ENSG00000119655",0.00683527813395726,-0.58769208530804,0.172,0.196,1
"ENSG00000143252",0.00687048881484451,0.810797653472053,0.017,0.009,1
"ENSG00000171791",0.00692882922719284,0.199352300123099,0.017,0.008,1
"ENSG00000140391",0.00693725100209343,-1.73407445711554,0.018,0.028,1
"ENSG00000167635",0.00704364281954064,1.18760965543254,0.012,0.006,1
"ENSG00000131042",0.00705339623414006,0.397939452252456,0.011,0.004,1
"ENSG00000134440",0.0070574808905063,-0.26330517721841,0.044,0.03,1
"ENSG00000197756",0.0070686377917133,-0.146399126898729,0.226,0.193,1
"ENSG00000171700",0.00710106981325327,0.818318235441847,0.018,0.009,1
"ENSG00000122033",0.00719405526471944,1.25290857275309,0.012,0.006,1
"ENSG00000229567",0.00720952776545926,0.768977477777426,0.015,0.007,1
"ENSG00000100596",0.00727702367481181,-0.469744243263218,0.099,0.12,1
"ENSG00000221823",0.00733315868557196,-0.586401990686454,0.03,0.043,1
"ENSG00000104972",0.0073361337928543,0.189943289058943,0.071,0.053,1
"ENSG00000124097",0.00733850644156833,-0.258102056278859,0.086,0.065,1
"ENSG00000140931",0.00737360764545294,0.118353630852279,0.023,0.014,1
"ENSG00000139291",0.00738611175046941,-0.712048857471915,0.091,0.11,1
"ENSG00000123096",0.00740381476772478,-1.04659795108515,0.005,0.011,1
"ENSG00000162896",0.00740711195281533,1.9715334834597,0.015,0.008,1
"ENSG00000182899",0.00741974277548998,0.104573865499422,0.129,0.105,1
"ENSG00000213315",0.00742348095693578,-0.130898398854589,0.15,0.123,1
"ENSG00000100106",0.00744946353145903,1.17769365825955,0.015,0.008,1
"ENSG00000128512",0.00750513770092203,-0.421385399904056,0.165,0.189,1
"ENSG00000171488",0.00754286029760259,-0.960680232256955,0.01,0.017,1
"ENSG00000215093",0.00755306772439206,-0.488837766796856,0.092,0.112,1
"ENSG00000188612",0.0075787305253002,-0.117888926192237,0.173,0.142,1
"ENSG00000148153",0.0076284800157249,0.429349245405964,0.019,0.01,1
"ENSG00000197712",0.0076356469580903,1.02413656045209,0.015,0.008,1
"ENSG00000135486",0.00763924006135527,-0.172037288701137,0.186,0.155,1
"ENSG00000122642",0.00764473160348815,1.21155092674465,0.011,0.005,1
"ENSG00000205609",0.00768586645782507,0.273055629572247,0.049,0.035,1
"ENSG00000094975",0.00774317798149572,0.61782172011234,0.011,0.005,1
"ENSG00000244086",0.0077748207690828,-0.158512805063166,0.166,0.137,1
"ENSG00000197992",0.00780478540209915,-1.08966667297703,0.012,0.021,1
"ENSG00000116754",0.00787630470521645,-0.290150314360549,0.129,0.152,1
"ENSG00000128881",0.00792762902918797,-1.91528380142737,0.005,0.011,1
"ENSG00000104164",0.00794835814857373,-1.17955217649423,0.007,0.014,1
"ENSG00000108219",0.00799521383782512,-0.382786527442163,0.207,0.231,1
"ENSG00000136381",0.00804287912173044,1.39752061205765,0.01,0.004,1
"ENSG00000180357",0.00808670546276609,1.27055794167243,0.01,0.004,1
"ENSG00000225591",0.00809067077233632,-0.649538192735358,0.049,0.064,1
"ENSG00000204186",0.00816281541854999,0.562093955019758,0.044,0.031,1
"ENSG00000129351",0.00817976173596895,0.298253587925996,0.048,0.033,1
"ENSG00000072501",0.00826092889178447,-0.137439031258579,0.02,0.011,1
"ENSG00000250138",0.0082656188402016,0.170485224323639,0.045,0.031,1
"ENSG00000134375",0.00833668106520217,1.23911509295139,0.012,0.005,1
"ENSG00000170266",0.00837858098881276,0.576432590469529,0.017,0.009,1
"ENSG00000136731",0.00846271168810602,-0.191530710416359,0.083,0.063,1
"ENSG00000276550",0.00853661102945018,-0.708510066373967,0.059,0.076,1
"ENSG00000196323",0.00858481702860123,-0.432098172883852,0.011,0.019,1
"ENSG00000170540",0.00873255152708536,-0.342920058018241,0.072,0.054,1
"ENSG00000100055",0.00878603288283107,0.281385933018947,0.042,0.029,1
"ENSG00000104613",0.00880830082289942,0.645505639366122,0.027,0.017,1
"ENSG00000120899",0.00883754993129088,1.44084804372175,0.012,0.006,1
"ENSG00000283498",0.00884236079650691,-0.157942419671127,0.128,0.103,1
"ENSG00000166377",0.00889909533458183,1.32537082630181,0.012,0.006,1
"ENSG00000128923",0.00891516404231399,-1.19439340851157,0.023,0.034,1
"ENSG00000134308",0.00895528743253749,0.800455709250594,0.012,0.006,1
"ENSG00000134152",0.00900297846357041,0.425686651306582,0.024,0.014,1
"ENSG00000173517",0.00901253656890568,0.796500036382635,0.018,0.01,1
"ENSG00000129824",0.00906744284658695,0.745121479203684,0.012,0.006,1
"ENSG00000139697",0.00909654217798982,-0.540778889720538,0.152,0.173,1
"ENSG00000115211",0.00912463757049864,0.703882449555541,0.01,0.004,1
"ENSG00000169375",0.00924593674892781,0.866133523112432,0.019,0.01,1
"ENSG00000156642",0.00924892593627137,-0.241476879859741,0.018,0.009,1
"ENSG00000229097",0.009254359462927,-1.32315680319681,0.008,0.016,1
"ENSG00000184863",0.00933068457719016,-1.17904645369457,0.029,0.041,1
"ENSG00000136603",0.00940003585410514,-0.251464365884644,0.416,0.354,1
"ENSG00000166902",0.00942116275354359,1.59359790135593,0.013,0.006,1
"ENSG00000118971",0.00947897025710477,-0.7141864417894,0.075,0.093,1
"ENSG00000111269",0.00958801639784527,-1.08007151619585,0.022,0.032,1
"ENSG00000171466",0.00967329957076214,0.685773069003809,0.032,0.021,1
"ENSG00000144747",0.00970624738749897,-1.21719797653832,0.032,0.045,1
"ENSG00000008869",0.00978611289227205,-0.636478764533912,0.023,0.033,1
"ENSG00000214784",0.00980514543451116,-0.141930423069053,0.205,0.173,1
"ENSG00000100796",0.00982981207533226,-0.544140571818363,0.033,0.046,1
"ENSG00000144567",0.00991475311946525,0.133390860648586,0.071,0.054,1
"ENSG00000075539",0.0102054890277921,-0.861817130432732,0.039,0.053,1
"ENSG00000065883",0.0102117674826578,-0.738298701856328,0.017,0.026,1
"ENSG00000147065",0.0102194583769321,-0.133615669320372,0.111,0.089,1
"ENSG00000162599",0.0102462657851766,-0.135848774406331,0.05,0.036,1
"ENSG00000084733",0.0102716948146871,-0.491152293797959,0.058,0.042,1
"ENSG00000235605",0.0102766516910613,-0.427616785588738,0.067,0.05,1
"ENSG00000135723",0.0103480894497799,1.46163651639289,0.01,0.004,1
"ENSG00000274422",0.0103567031948433,-1.86018482685427,0.008,0.015,1
"ENSG00000109445",0.0104759074853238,1.40038418071866,0.011,0.005,1
"ENSG00000067066",0.0105374110198036,-0.282625073765896,0.318,0.35,1
"ENSG00000151491",0.0105511550923674,-0.107271838291503,0.036,0.024,1
"ENSG00000055211",0.010633020776521,1.23226142191033,0.011,0.005,1
"ENSG00000254852",0.0107047614826486,-0.590564908909714,0.008,0.015,1
"ENSG00000003402",0.0107798958320897,-0.726081263058599,0.065,0.081,1
"ENSG00000111639",0.010884257083551,1.47888493436636,0.019,0.011,1
"ENSG00000259394",0.0109345743565698,0.104080961412521,0.089,0.07,1
"ENSG00000196914",0.0110880171697625,-1.19636091304804,0.015,0.024,1
"ENSG00000169813",0.0112112635236697,0.61518673603542,0.04,0.028,1
"ENSG00000230207",0.0112175410472159,0.25218211603359,0.075,0.057,1
"ENSG00000087074",0.0113747664603014,-0.432700400876046,0.03,0.019,1
"ENSG00000175029",0.0114641274764457,-1.11773059139491,0.02,0.03,1
"ENSG00000197006",0.0114692612768845,-0.465106552612783,0.028,0.04,1
"ENSG00000148450",0.0115073217457023,1.22659267182364,0.01,0.004,1
"ENSG00000236334",0.0115193798768609,1.09796033019874,0.01,0.004,1
"ENSG00000146414",0.0116959116732006,-0.678095803417968,0.021,0.031,1
"ENSG00000103811",0.011785362488247,0.259999767841187,0.104,0.084,1
"ENSG00000028528",0.0119421370802466,0.541067041414539,0.042,0.029,1
"ENSG00000206149",0.0119626112365997,-0.775181946248043,0.056,0.071,1
"ENSG00000104365",0.0120643810433922,1.27173286269974,0.012,0.006,1
"ENSG00000163166",0.0120803566949695,-1.38469954080133,0.011,0.018,1
"ENSG00000022277",0.0121049438263455,0.636740729490597,0.022,0.013,1
"ENSG00000140750",0.0121634722735047,-0.655435608464878,0.045,0.059,1
"ENSG00000283429",0.0122830510414182,-0.136898632225561,0.127,0.103,1
"ENSG00000132485",0.0124032190042277,-0.83190267500209,0.061,0.077,1
"ENSG00000134243",0.0124300969341027,-0.656588203430352,0.066,0.083,1
"ENSG00000215769",0.0124966674890158,0.843990832194271,0.011,0.005,1
"ENSG00000129667",0.0125451606388217,-0.2128747481819,0.263,0.225,1
"ENSG00000179362",0.0126121393249291,0.339726119278881,0.023,0.014,1
"ENSG00000124155",0.012629735756978,0.514526918164327,0.016,0.008,1
"ENSG00000161533",0.0127918289267426,0.201329562358439,0.023,0.014,1
"ENSG00000135387",0.0129586622778385,1.10673053982647,0.013,0.006,1
"ENSG00000137841",0.0129814448514049,0.461698186630653,0.047,0.034,1
"ENSG00000112514",0.0130088691538815,1.74957997147891,0.014,0.007,1
"ENSG00000119729",0.0130927675176103,-0.205004989415694,0.027,0.017,1
"ENSG00000128789",0.0132279636061301,1.80797160939329,0.011,0.005,1
"ENSG00000047346",0.0132282574790838,-1.62216175380405,0.005,0.01,1
"ENSG00000243181",0.0132871842287176,-0.265595407764823,0.172,0.143,1
"ENSG00000155465",0.0133872815857715,0.16408991926875,0.017,0.009,1
"ENSG00000166848",0.0134251255465277,0.638528711561442,0.018,0.01,1
"ENSG00000123933",0.0134573568643735,1.0885679620412,0.011,0.005,1
"ENSG00000171940",0.01394170550671,-0.512795991027981,0.038,0.051,1
"ENSG00000169554",0.0139509547306115,-0.612167889649526,0.221,0.239,1
"ENSG00000243802",0.0139617296408708,-0.362740750787393,0.114,0.092,1
"ENSG00000124782",0.0140004818697582,-0.551635835873006,0.199,0.218,1
"ENSG00000151650",0.0141343261563948,0.189309276725783,0.018,0.01,1
"ENSG00000174197",0.0142155118202266,-0.493058868493292,0.085,0.103,1
"ENSG00000167642",0.0143444451593156,1.04121312890226,0.015,0.008,1
"ENSG00000100664",0.0143496057353897,0.345017453670964,0.089,0.072,1
"ENSG00000145287",0.0144689603078473,-1.0091893352418,0.042,0.055,1
"ENSG00000120800",0.0145018994042896,0.584807079165212,0.021,0.013,1
"ENSG00000093000",0.0145479606695513,-0.335467712793975,0.102,0.081,1
"ENSG00000157540",0.0145919067471962,-1.43562203851084,0.01,0.017,1
"ENSG00000007168",0.0146103981080574,-0.19006254433196,0.035,0.023,1
"ENSG00000173039",0.0147231881535849,1.48975764420269,0.01,0.004,1
"ENSG00000104043",0.0147341929039151,-0.234056582312208,0.084,0.066,1
"ENSG00000112759",0.0147792994801845,0.970705945002449,0.01,0.004,1
"ENSG00000143748",0.0149325796232434,1.13604610665103,0.01,0.004,1
"ENSG00000180530",0.0149716071942465,-0.583879574462742,0.028,0.039,1
"ENSG00000153006",0.0151574896714912,1.27879557322923,0.012,0.006,1
"ENSG00000228340",0.015225989008236,-1.16876269621933,0.016,0.025,1
"ENSG00000173372",0.0153152312477954,-0.151461468705332,0.428,0.379,1
"ENSG00000279800",0.0153648714809464,-0.249896607935643,0.022,0.014,1
"ENSG00000067900",0.0153751107089261,-0.71074646172121,0.09,0.108,1
"ENSG00000152133",0.0154579526333579,0.674705078529825,0.016,0.008,1
"ENSG00000183054",0.0154592828484538,-0.364858693237063,0.098,0.078,1
"ENSG00000075407",0.0157009497615397,-1.13155248389566,0.008,0.014,1
"ENSG00000041802",0.0157407984572904,1.26759449502261,0.01,0.005,1
"ENSG00000174373",0.0158093221830055,0.434569597203445,0.016,0.009,1
"ENSG00000251442",0.0159091262824186,-0.45053229126181,0.047,0.034,1
"ENSG00000128908",0.0161045730902184,1.13935884069186,0.01,0.005,1
"ENSG00000220875",0.0161197125631549,0.222801092661263,0.017,0.009,1
"ENSG00000236735",0.0161415622357621,-0.420056346612591,0.029,0.019,1
"ENSG00000153561",0.016294526882917,0.497273477184566,0.01,0.005,1
"ENSG00000104763",0.0163641764443755,-0.116273969047105,0.176,0.15,1
"ENSG00000080546",0.0164829383013991,-1.85389522183939,0.012,0.019,1
"ENSG00000204406",0.0164842464491386,-1.527671733803,0.006,0.011,1
"ENSG00000128585",0.0165731261314075,0.410286594471406,0.04,0.028,1
"ENSG00000270986",0.016678424489009,-1.32254358004727,0.012,0.019,1
"ENSG00000158201",0.0170670247279982,0.502149498785186,0.017,0.01,1
"ENSG00000198837",0.0170698505863521,1.18217619047402,0.011,0.005,1
"ENSG00000143933",0.0170759243439701,-0.194197828062525,0.418,0.363,1
"ENSG00000166233",0.017135120404165,-1.69929122793246,0.011,0.018,1
"ENSG00000135250",0.0171710137663073,1.3639240670712,0.011,0.005,1
"ENSG00000100485",0.01722543686902,-1.075860873452,0.006,0.011,1
"ENSG00000080371",0.0176583621046487,-0.426144269280282,0.038,0.027,1
"ENSG00000224321",0.0176683505978068,-0.754799522382172,0.017,0.025,1
"ENSG00000116641",0.0177739164628091,-1.41283793471503,0.007,0.014,1
"ENSG00000176542",0.0178588857651937,0.423218149699955,0.022,0.013,1
"ENSG00000126773",0.0179876333668733,0.418326351429013,0.014,0.008,1
"ENSG00000114302",0.0179934166789474,0.371863411544262,0.014,0.008,1
"ENSG00000213079",0.0180356448966042,-0.739813342458326,0.014,0.007,1
"ENSG00000089737",0.0181431526590079,0.287568793589426,0.057,0.043,1
"ENSG00000135870",0.0182717629867343,-0.15046115844266,0.095,0.075,1
"ENSG00000258227",0.0183787071869976,-0.105942212689863,0.024,0.015,1
"ENSG00000120253",0.0184473740648522,0.245998363536797,0.023,0.014,1
"ENSG00000109971",0.0184769769841426,-0.711229184254338,0.237,0.201,1
"ENSG00000196235",0.0185246562050059,0.915207301391439,0.015,0.008,1
"ENSG00000164104",0.0185732522255348,-1.10526352802805,0.01,0.017,1
"ENSG00000155957",0.01859141662014,-0.254350635951301,0.128,0.105,1
"ENSG00000126070",0.0186233515536835,-0.139591898308715,0.054,0.04,1
"ENSG00000171681",0.0186527177945866,-0.585667739770369,0.037,0.049,1
"ENSG00000154978",0.0187664546107614,0.84444539136651,0.01,0.004,1
"ENSG00000212829",0.0189518123931507,0.199193720224666,0.066,0.051,1
"ENSG00000144028",0.0190176678630483,-1.11504773796174,0.015,0.023,1
"ENSG00000114857",0.0192107932887617,-0.203108413957542,0.136,0.112,1
"ENSG00000111843",0.0192799267421729,0.323202989619101,0.03,0.02,1
"ENSG00000135905",0.0193055433161042,-0.908356664577693,0.062,0.076,1
"ENSG00000113593",0.0193721530368055,-0.776910223987921,0.009,0.015,1
"ENSG00000064547",0.0194702158865393,0.120551034413313,0.012,0.006,1
"ENSG00000226210",0.0195702845161175,-2.1427780094366,0.008,0.015,1
"ENSG00000171055",0.0197142678662429,-1.37254449042373,0.022,0.031,1
"ENSG00000021776",0.0197328510409114,0.691323545081171,0.016,0.009,1
"ENSG00000179295",0.0199997347365731,-0.117900353705977,0.012,0.006,1
"ENSG00000085415",0.0200865816343391,0.514032390325709,0.012,0.006,1
"ENSG00000163814",0.0201186422215522,0.48886955858469,0.012,0.006,1
"ENSG00000102189",0.0203134808848198,0.101752807683502,0.09,0.072,1
"ENSG00000164609",0.02033083774196,-1.2106820739384,0.008,0.015,1
"ENSG00000159579",0.02044025493158,1.00906728060833,0.01,0.005,1
"ENSG00000082805",0.0206223380558773,0.857272083271553,0.013,0.007,1
"ENSG00000173230",0.0208219619637276,-0.456175316208079,0.103,0.121,1
"ENSG00000151914",0.0210828623595904,-0.673489829085458,0.11,0.128,1
"ENSG00000137145",0.0210859866621595,0.592654705136963,0.014,0.007,1
"ENSG00000134852",0.0212256753667077,1.11014790038421,0.014,0.007,1
"ENSG00000111321",0.0212451862477495,0.524199775867579,0.022,0.014,1
"ENSG00000114439",0.0214341720473948,-0.670521854081555,0.062,0.077,1
"ENSG00000135749",0.0216029492176023,-0.929050449227275,0.012,0.019,1
"ENSG00000273749",0.0217701530154008,-0.52977760194599,0.112,0.13,1
"ENSG00000179933",0.0219217049376644,0.529729324807997,0.011,0.005,1
"ENSG00000117500",0.0219669523149764,0.293859853556593,0.034,0.024,1
"ENSG00000213885",0.0220410645086742,-0.490951017188547,0.136,0.111,1
"ENSG00000242814",0.0221119500051581,-1.71415753788483,0.008,0.014,1
"ENSG00000149531",0.0226216858712456,-1.02693091762907,0.008,0.014,1
"ENSG00000184203",0.0226524578558208,1.13491662963223,0.015,0.008,1
"ENSG00000110395",0.0226625018332054,0.12507217581598,0.03,0.02,1
"ENSG00000243711",0.0228582161341751,-0.135470362590157,0.052,0.039,1
"ENSG00000102910",0.0229232347625041,0.435093741206794,0.038,0.027,1
"ENSG00000146373",0.0229716191850701,0.587076171663085,0.011,0.006,1
"ENSG00000117616",0.0230282320735756,0.171106454900257,0.062,0.047,1
"ENSG00000248333",0.0232910973558303,0.56007650907711,0.037,0.026,1
"ENSG00000198019",0.0237628989130654,-0.152562613453992,0.257,0.221,1
"ENSG00000116679",0.0238512711261036,0.197655696956076,0.033,0.023,1
"ENSG00000177479",0.0242146877575862,0.831962263470095,0.025,0.016,1
"ENSG00000162521",0.0242153247696592,0.185472219519583,0.016,0.009,1
"ENSG00000196862",0.0242171252689142,-0.196045857923645,0.068,0.053,1
"ENSG00000166986",0.0242199377548349,0.221715951548886,0.017,0.01,1
"ENSG00000104714",0.0249501479148951,-0.141082860210769,0.046,0.034,1
"ENSG00000118495",0.025118165082351,-0.647094642506014,0.047,0.059,1
"ENSG00000234106",0.0252167762701042,0.205789210549138,0.017,0.01,1
"ENSG00000001629",0.0253832808556797,-0.166834533499492,0.013,0.007,1
"ENSG00000088247",0.025546540363241,-0.361876967187352,0.019,0.028,1
"ENSG00000237296",0.0256369829688639,-0.901137703506869,0.024,0.033,1
"ENSG00000080503",0.0256512597422668,-0.920164368534007,0.038,0.049,1
"ENSG00000196743",0.0257794984148823,-0.205143890396969,0.019,0.012,1
"ENSG00000005175",0.0258809343852193,0.461872826206673,0.01,0.005,1
"ENSG00000160208",0.0260629355769914,0.333983956606519,0.01,0.005,1
"ENSG00000125810",0.0261518372979967,0.2558215933744,0.051,0.039,1
"ENSG00000091592",0.0262395902420092,-1.46663613142236,0.009,0.015,1
"ENSG00000219481",0.0262911500128002,0.475733561365606,0.027,0.018,1
"ENSG00000243742",0.0264675830859818,0.612251974089973,0.013,0.007,1
"ENSG00000227304",0.0265709043277043,-1.11941401637108,0.009,0.015,1
"ENSG00000076108",0.0269520503489774,-1.46736206139095,0.01,0.017,1
"ENSG00000168710",0.0269974208799905,2.19790991711955,0.015,0.008,1
"ENSG00000244585",0.0270900028999522,-0.751250455301101,0.013,0.02,1
"ENSG00000153187",0.0273820115669173,-0.573178713959403,0.291,0.303,1
"ENSG00000051620",0.0273841026966138,0.462874350051746,0.01,0.005,1
"ENSG00000136936",0.0274193380797837,0.177220058352368,0.014,0.008,1
"ENSG00000205571",0.0274248746592521,-1.2106820739384,0.007,0.013,1
"ENSG00000165934",0.0276035163392242,-1.16172723770854,0.015,0.022,1
"ENSG00000026297",0.0276579125869045,-0.37874284723545,0.511,0.511,1
"ENSG00000156304",0.0281061343126927,-0.73747004726842,0.024,0.034,1
"ENSG00000048740",0.0281533589282554,-0.684899432797984,0.135,0.152,1
"ENSG00000196126",0.0282024867993091,-0.233995692403959,0.406,0.356,1
"ENSG00000164933",0.0282965914748294,-0.589793395463691,0.022,0.031,1
"ENSG00000139644",0.0283081863055545,-0.298251969726451,0.256,0.221,1
"ENSG00000084754",0.0285104212623895,0.542468947968746,0.023,0.015,1
"ENSG00000143079",0.0286136933218822,-0.553215755557712,0.07,0.084,1
"ENSG00000164134",0.0287006496604586,0.155192609406301,0.162,0.141,1
"ENSG00000133835",0.0290180564461578,-1.77159090358528,0.007,0.012,1
"ENSG00000112406",0.029125174335925,0.212002879571327,0.035,0.025,1
"ENSG00000124486",0.0293008789861817,-0.212025991167289,0.047,0.035,1
"ENSG00000100201",0.0293516014914373,-0.453278691589762,0.269,0.286,1
"ENSG00000132153",0.0295620408439749,-0.342309472964231,0.011,0.006,1
"ENSG00000121931",0.0295849605223374,0.739308291184326,0.019,0.011,1
"ENSG00000146842",0.0298491309345907,0.406395323155193,0.019,0.012,1
"ENSG00000166340",0.0299709976938494,-0.201219949473057,0.071,0.056,1
"ENSG00000167613",0.0299840065765092,-0.249579011686929,0.143,0.121,1
"ENSG00000230629",0.0307954977096062,-0.143198169232254,0.152,0.13,1
"ENSG00000152689",0.0310889330631927,0.638310137961919,0.012,0.006,1
"ENSG00000114374",0.0312554528123359,-0.450068915679031,0.018,0.026,1
"ENSG00000243680",0.0314273520041421,-0.878162567783321,0.007,0.012,1
"ENSG00000182389",0.0314526552703853,-1.31153188983442,0.012,0.019,1
"ENSG00000164091",0.0317254466668224,0.458182654727024,0.012,0.007,1
"ENSG00000263956",0.031779579004827,-0.65132180020612,0.046,0.058,1
"ENSG00000106211",0.0323656734571741,-0.629382548824834,0.126,0.142,1
"ENSG00000254612",0.032383118913457,-1.44355450926194,0.009,0.015,1
"ENSG00000146872",0.0324953549927176,-0.585997874425859,0.012,0.019,1
"ENSG00000108256",0.0327065814263964,-0.678341311488285,0.062,0.075,1
"ENSG00000170234",0.0327684293942088,0.984333908466744,0.01,0.005,1
"ENSG00000166783",0.0328244387971742,-0.875093756099884,0.011,0.017,1
"ENSG00000136161",0.0328782178660016,-1.84127904310764,0.006,0.011,1
"ENSG00000235552",0.0331423869952088,-0.169483264374176,0.17,0.146,1
"ENSG00000130429",0.0331580979903391,-0.22140773245071,0.126,0.106,1
"ENSG00000178974",0.0332177683148679,0.15994721709444,0.014,0.008,1
"ENSG00000134419",0.0338032202244254,0.133106657943381,0.09,0.074,1
"ENSG00000047365",0.0350652333703616,0.352170885645526,0.016,0.01,1
"ENSG00000141458",0.0351130016816961,-1.23321625899505,0.006,0.011,1
"ENSG00000134851",0.0353000063400561,-0.370736589315403,0.063,0.049,1
"ENSG00000084234",0.0353364761507509,-0.226555761010317,0.209,0.182,1
"ENSG00000139624",0.0354305047947408,-0.30981102990708,0.016,0.009,1
"ENSG00000129128",0.0354423035865344,-0.113530754078212,0.186,0.163,1
"ENSG00000151474",0.0354461475371102,0.423666350321446,0.054,0.042,1
"ENSG00000122482",0.0356955796453056,0.386221937304831,0.019,0.012,1
"ENSG00000102699",0.036036293172401,-1.20725618219581,0.032,0.042,1
"ENSG00000213366",0.0361053702199969,-1.87279547935475,0.012,0.019,1
"ENSG00000147274",0.0362378875292043,-0.658852537532483,0.109,0.124,1
"ENSG00000136819",0.03638163606961,-0.476332427979204,0.018,0.011,1
"ENSG00000084090",0.0366910184313101,0.250408768620589,0.039,0.029,1
"ENSG00000099624",0.0367024372322841,0.771435221201279,0.011,0.006,1
"ENSG00000283390",0.0368706647603444,-0.234056582312207,0.019,0.012,1
"ENSG00000184922",0.036897599129908,-0.282311750919429,0.018,0.011,1
"ENSG00000251562",0.0373624688295567,0.205086185239455,1,0.997,1
"ENSG00000136940",0.0374357454525079,-0.144738055470709,0.028,0.019,1
"ENSG00000131002",0.037502210127738,-1.48809290533844,0.006,0.011,1
"ENSG00000187257",0.0377582378104986,-0.674629173698189,0.021,0.03,1
"ENSG00000205937",0.0378057318239369,0.142063612938752,0.066,0.053,1
"ENSG00000123095",0.0378289836162725,-0.349702233929201,0.471,0.46,1
"ENSG00000128791",0.0378728955654576,-1.00346563792773,0.006,0.011,1
"ENSG00000119318",0.0380287826241028,0.395289531112575,0.024,0.016,1
"ENSG00000180354",0.0380445968927018,-0.794780204771395,0.01,0.016,1
"ENSG00000169062",0.0384669218092208,-0.399429386887463,0.01,0.016,1
"ENSG00000171766",0.0385159029351644,-0.21847582063185,0.054,0.042,1
"ENSG00000197713",0.0387102570941653,0.415757062758916,0.012,0.006,1
"ENSG00000152404",0.0388954786892155,-1.16931320712773,0.025,0.034,1
"ENSG00000141664",0.0395024284876831,0.305022180910008,0.021,0.014,1
"ENSG00000176343",0.0395779945619296,-0.84127904310764,0.011,0.017,1
"ENSG00000108021",0.0396574723151764,-0.560612913406533,0.021,0.029,1
"ENSG00000011114",0.0397230393969931,0.282485013448635,0.023,0.016,1
"ENSG00000110880",0.039805383354739,-0.178985729403282,0.264,0.228,1
"ENSG00000153165",0.0400304991724266,-0.262815575293631,0.073,0.059,1
"ENSG00000272568",0.0404952774219364,-1.0332028653726,0.006,0.01,1
"ENSG00000119711",0.0407799974355414,0.372613307969295,0.039,0.029,1
"ENSG00000166747",0.0407875842329478,-0.198309500416332,0.204,0.178,1
"ENSG00000116017",0.041282304451479,0.530889429073862,0.015,0.009,1
"ENSG00000198218",0.0412942368355785,-0.223386636649051,0.087,0.071,1
"ENSG00000127947",0.0415791233197661,0.720055263624487,0.014,0.008,1
"ENSG00000204217",0.0416017749153673,0.511237371613145,0.016,0.01,1
"ENSG00000169045",0.0417435744767357,-0.100458906813744,0.942,0.87,1
"ENSG00000163320",0.0420816289051957,-1.12038269319035,0.015,0.022,1
"ENSG00000198301",0.0421272120219638,-0.993495304137487,0.015,0.022,1
"ENSG00000161929",0.042140701623323,0.334212703053618,0.016,0.01,1
"ENSG00000167232",0.0421606567340426,-1.69319693373746,0.007,0.012,1
"ENSG00000234782",0.0424356006849366,-0.623251814332594,0.057,0.069,1
"ENSG00000164329",0.0424701113838871,0.694106278492234,0.033,0.024,1
"ENSG00000115419",0.0425305477642859,-0.732061441767881,0.192,0.204,1
"ENSG00000186166",0.0426943106934486,-0.175257541632109,0.018,0.011,1
"ENSG00000100804",0.0430462090336436,-1.01817108169161,0.005,0.01,1
"ENSG00000109184",0.0432349153584842,0.51427350255839,0.01,0.005,1
"ENSG00000178691",0.043494666402817,-0.345548631271725,0.049,0.061,1
"ENSG00000089916",0.0437342499775352,-0.758248811442106,0.085,0.099,1
"ENSG00000242405",0.0440304137231922,-0.86225617687396,0.008,0.014,1
"ENSG00000230592",0.0440991142612085,0.940080670417019,0.01,0.006,1
"ENSG00000009950",0.0441137834890229,-0.339302239945498,0.042,0.032,1
"ENSG00000228974",0.0442231877375432,0.162596277941553,0.085,0.07,1
"ENSG00000218265",0.0446088239886476,-1.07317855018846,0.011,0.017,1
"ENSG00000223482",0.0448148573689754,-0.814806831746449,0.014,0.021,1
"ENSG00000234009",0.0448311459474961,-0.254573599652721,0.183,0.157,1
"ENSG00000166794",0.045147232514765,1.62198783265999,0.011,0.006,1
"ENSG00000102893",0.045287034850707,-0.901165288761812,0.027,0.036,1
"ENSG00000064607",0.045352386233064,1.20814896579352,0.022,0.015,1
"ENSG00000115677",0.0453629522766396,0.100632940230116,0.024,0.016,1
"ENSG00000234080",0.0456961906185127,0.221535015317271,0.033,0.024,1
"ENSG00000182158",0.0459864879592511,-0.659222672921215,0.022,0.031,1
"ENSG00000197020",0.0460361967114094,-0.663545674569173,0.009,0.015,1
"ENSG00000008311",0.0460608250426787,1.06484327607859,0.011,0.006,1
"ENSG00000215252",0.0473353274057221,0.447558265311299,0.011,0.006,1
"ENSG00000081791",0.0474481208942031,0.647298921189174,0.012,0.007,1
"ENSG00000274265",0.0476365613204956,-1.05397496583372,0.012,0.018,1
"ENSG00000165178",0.0477537190783185,0.923879858860915,0.018,0.012,1
"ENSG00000211455",0.0483818501706797,-0.971069664012886,0.028,0.036,1
"ENSG00000180747",0.0484698364943445,-0.891907916518536,0.06,0.072,1
"ENSG00000100266",0.0486969332429284,1.24097863901144,0.014,0.008,1
"ENSG00000116350",0.0489924280908522,0.328761415502585,0.043,0.033,1
"ENSG00000244716",0.0492854159342951,-0.252174202856862,0.138,0.119,1
"ENSG00000176390",0.0494808397786671,-1.06971441531318,0.059,0.07,1
"ENSG00000176463",0.0496607036367347,-0.136209258914063,0.013,0.008,1
"ENSG00000243007",0.04984345526079,-0.4307035908121,0.028,0.037,1
"ENSG00000112282",0.0498462534895369,0.803276383651521,0.015,0.009,1
"ENSG00000066336",0.0501699692639431,-0.524882054193507,0.014,0.008,1
"ENSG00000138639",0.0501719283548365,-0.242322675131221,0.077,0.063,1
"ENSG00000165632",0.0504099126524909,-0.527287457623002,0.013,0.008,1
"ENSG00000155463",0.0505243539852415,-0.131486848671659,0.017,0.011,1
"ENSG00000232037",0.050777626993262,0.38251473340542,0.041,0.031,1
"ENSG00000071626",0.0508512627173784,-0.497024674108579,0.014,0.008,1
"ENSG00000070882",0.0511248035882522,-0.131573624710956,0.017,0.011,1
"ENSG00000205336",0.0515572961632643,-0.418113905665912,0.228,0.245,1
"ENSG00000234742",0.0516460450162159,-0.640934127347041,0.124,0.139,1
"ENSG00000047849",0.0517394832976622,-0.21719620932775,0.017,0.011,1
"ENSG00000130544",0.0518659693120998,1.13356672479879,0.026,0.019,1
"ENSG00000139436",0.0520619326335611,-2.15267647050283,0.011,0.017,1
"ENSG00000153310",0.0536050200281943,-0.122694595799697,0.143,0.124,1
"ENSG00000189180",0.0543826272162628,-0.370419804631725,0.007,0.012,1
"ENSG00000118689",0.0544462482289593,-0.766127528183685,0.011,0.017,1
"ENSG00000163346",0.0548499552200161,-0.586047183341313,0.011,0.017,1
"ENSG00000163636",0.0548936593165558,1.90415475209384,0.011,0.006,1
"ENSG00000236552",0.055075504752531,-0.256269131320216,0.227,0.2,1
"ENSG00000168216",0.0553062615239717,0.424906499852725,0.021,0.014,1
"ENSG00000160633",0.0559462227488339,0.496303648281712,0.037,0.028,1
"ENSG00000204790",0.0563780256215612,-1.0694887910394,0.014,0.02,1
"ENSG00000104324",0.0565061433900024,0.748771798515282,0.011,0.006,1
"ENSG00000131375",0.0571949621943491,-1.40066520770614,0.011,0.017,1
"ENSG00000115464",0.0578790534113578,-0.653091890816242,0.066,0.078,1
"ENSG00000005339",0.0586581835942506,-0.504951187929948,0.019,0.027,1
"ENSG00000128815",0.0587506631880192,-1.4477575567821,0.016,0.023,1
"ENSG00000119396",0.058777300573365,-0.272767063167078,0.036,0.027,1
"ENSG00000158411",0.0589286652030439,-2.11575590184569,0.006,0.01,1
"ENSG00000182372",0.0589390951413246,0.520224224039977,0.013,0.008,1
"ENSG00000178996",0.0589996857847467,-0.1156193686535,0.029,0.021,1
"ENSG00000057704",0.0590225929933249,-0.604239845806791,0.013,0.008,1
"ENSG00000174282",0.0590245412908213,-1.77243395916999,0.01,0.015,1
"ENSG00000135932",0.0593584802196827,0.141531645734756,0.037,0.028,1
"ENSG00000151422",0.0594147715266248,-1.39040054559527,0.014,0.02,1
"ENSG00000066136",0.0597254622828726,0.130932466536365,0.015,0.009,1
"ENSG00000106443",0.0597754967327512,0.651395549708651,0.028,0.02,1
"ENSG00000011295",0.0605024982876437,0.63044700295253,0.014,0.008,1
"ENSG00000083896",0.0611077562415307,-0.261152188406962,0.055,0.044,1
"ENSG00000180398",0.0613670614878359,-0.145587045716514,0.015,0.01,1
"ENSG00000243280",0.0613870516217977,-0.833326919717248,0.011,0.016,1
"ENSG00000133858",0.0617445640558755,-0.512755739621763,0.075,0.088,1
"ENSG00000196531",0.0617453309892605,-0.172508954194494,0.159,0.139,1
"ENSG00000126698",0.063929465384489,-0.222199054576699,0.055,0.044,1
"ENSG00000109861",0.0640835757884849,-0.170571743208618,0.162,0.142,1
"ENSG00000116698",0.0641305123986921,0.415717328398065,0.025,0.018,1
"ENSG00000153815",0.0642330744676963,0.43499531747631,0.035,0.026,1
"ENSG00000196865",0.0644187046515686,-0.326266180619105,0.016,0.022,1
"ENSG00000232134",0.064509654709333,-0.449755762857986,0.016,0.022,1
"ENSG00000147408",0.0645719721052682,-0.952462846982749,0.028,0.036,1
"ENSG00000075790",0.0655479491922665,-0.85675772482091,0.008,0.013,1
"ENSG00000213864",0.0656052908423101,-0.900905029521865,0.037,0.046,1
"ENSG00000035681",0.0656845755792575,-0.339370748398343,0.025,0.018,1
"ENSG00000162923",0.0656918624186492,-0.28775520489674,0.026,0.019,1
"ENSG00000138434",0.066225979929473,-0.481487385459652,0.008,0.013,1
"ENSG00000077097",0.0665460306152635,0.116586045704162,0.04,0.031,1
"ENSG00000269028",0.0671613955887903,0.176824380019978,0.846,0.782,1
"ENSG00000181744",0.0672277594044783,-0.165861164493118,0.056,0.045,1
"ENSG00000126860",0.0675977506593186,0.151341426526762,0.058,0.047,1
"ENSG00000142185",0.0676533796904809,0.766714088133944,0.017,0.011,1
"ENSG00000239470",0.0676827524630042,-0.184623640977416,0.147,0.127,1
"ENSG00000213516",0.0679844002553593,0.329395082860606,0.02,0.014,1
"ENSG00000161970",0.0679969715066939,-0.460320052024417,0.163,0.176,1
"ENSG00000075568",0.0682270500747945,-1.03581669903278,0.018,0.024,1
"ENSG00000101337",0.0686309855132646,-0.114726522124084,0.025,0.018,1
"ENSG00000197442",0.0689297379153475,-0.536182403729044,0.012,0.018,1
"ENSG00000115524",0.0693374776598295,-0.428127348983067,0.1,0.113,1
"ENSG00000231167",0.0700664313920389,0.186900888510454,0.068,0.056,1
"ENSG00000226439",0.0700869597898646,0.12373696513216,0.023,0.016,1
"ENSG00000174606",0.0701618583154782,0.247787885349268,0.01,0.006,1
"ENSG00000022840",0.0701663306411652,0.509333661144406,0.011,0.006,1
"ENSG00000241411",0.0703103608559512,0.196786620240398,0.051,0.041,1
"ENSG00000169018",0.0704385532419069,0.311498651720253,0.011,0.006,1
"ENSG00000198001",0.0709101157135335,-0.197000717088355,0.01,0.006,1
"ENSG00000145416",0.0718198609547438,-0.741688629747538,0.084,0.096,1
"ENSG00000172845",0.0724393452668708,-0.190394164060319,0.048,0.038,1
"ENSG00000111885",0.0726832959100264,-0.732449828086531,0.016,0.023,1
"ENSG00000224892",0.0727135590654889,-1.39452125450545,0.015,0.01,1
"ENSG00000103978",0.0729916232446367,-0.478338162450985,0.011,0.007,1
"ENSG00000198382",0.0731164190988912,-0.433621074194394,0.013,0.008,1
"ENSG00000140386",0.073355429233568,-0.434001180912675,0.014,0.008,1
"ENSG00000163389",0.0734523536614262,-0.205592081470638,0.046,0.036,1
"ENSG00000105397",0.0736495019803266,-0.53543068788814,0.023,0.031,1
"ENSG00000121741",0.073794027352342,-0.245618731866741,0.044,0.035,1
"ENSG00000108107",0.0741734190681447,-0.476504931063227,0.142,0.122,1
"ENSG00000198604",0.0742033969142663,-0.127419372174105,0.059,0.048,1
"ENSG00000228253",0.0744416500542028,-0.198359364265437,0.351,0.311,1
"ENSG00000070214",0.0756595282845897,-0.428041121228364,0.026,0.019,1
"ENSG00000267679",0.0756792488656166,0.127204520645252,0.074,0.062,1
"ENSG00000083168",0.0759490370227111,-0.555509442066922,0.017,0.024,1
"ENSG00000060688",0.0760815627518388,-0.469556228561767,0.051,0.061,1
"ENSG00000121858",0.0767104979303592,-0.707846950591624,0.012,0.017,1
"ENSG00000101126",0.0770659917132466,-0.447185883481553,0.058,0.069,1
"ENSG00000181666",0.0772377578183821,-0.11714740939914,0.007,0.012,1
"ENSG00000074657",0.0772616909041652,0.281781557754128,0.024,0.017,1
"ENSG00000186063",0.077762036053155,-0.829100522733988,0.043,0.052,1
"ENSG00000255642",0.07800347184717,0.270923042279435,0.051,0.041,1
"ENSG00000121481",0.0787422782656231,-0.326021985547192,0.103,0.088,1
"ENSG00000112200",0.0793099761257469,0.355401989554772,0.051,0.042,1
"ENSG00000076641",0.0794996390724151,-0.124067025175707,0.107,0.092,1
"ENSG00000237749",0.0810420443531135,-0.452236752361741,0.156,0.134,1
"ENSG00000114331",0.0814220583111808,-0.420916089633884,0.084,0.097,1
"ENSG00000214765",0.0827793312969124,0.261104430501187,0.016,0.011,1
"ENSG00000183160",0.0831102108481204,-0.740217515325766,0.041,0.05,1
"ENSG00000241352",0.0831391834082476,-0.28696811335065,0.031,0.023,1
"ENSG00000213309",0.0833951453306025,-0.519111596076902,0.05,0.06,1
"ENSG00000154001",0.0836563686775771,-1.1939480581786,0.024,0.031,1
"ENSG00000224631",0.083742201640332,-0.184532092864638,0.166,0.146,1
"ENSG00000108654",0.0837466685732424,-0.452978792704931,0.273,0.285,1
"ENSG00000172775",0.0838277858419079,0.35388054841306,0.022,0.015,1
"ENSG00000230383",0.0838953911576485,-0.190161266497374,0.101,0.086,1
"ENSG00000226221",0.0843000167512095,-0.763661560829841,0.074,0.084,1
"ENSG00000205758",0.0843062404273831,0.260186657541674,0.01,0.006,1
"ENSG00000143119",0.0844942836748805,-0.378186509292828,0.139,0.153,1
"ENSG00000106829",0.0846030511827847,0.45090170838567,0.015,0.01,1
"ENSG00000089280",0.0850395637701708,-0.275089524085711,0.087,0.073,1
"ENSG00000109381",0.0852854992179877,-0.439818198746095,0.061,0.072,1
"ENSG00000166398",0.0853550264404238,0.201578340669871,0.02,0.014,1
"ENSG00000081019",0.0854962410177352,0.618729768992402,0.012,0.007,1
"ENSG00000116138",0.085877267094311,0.610304713706972,0.011,0.006,1
"ENSG00000175931",0.0861834460286792,-0.416631956111202,0.023,0.03,1
"ENSG00000126705",0.0864546380736426,0.142206801370301,0.013,0.008,1
"ENSG00000231884",0.0870430172962794,-0.259591674419345,0.011,0.006,1
"ENSG00000109180",0.0875371488212152,0.199839944217952,0.02,0.014,1
"ENSG00000185304",0.08787845691918,-0.614124434738635,0.062,0.05,1
"ENSG00000135968",0.0883182396882666,-0.696099214289946,0.085,0.097,1
"ENSG00000107679",0.0906105372993806,-1.13427473094949,0.025,0.033,1
"ENSG00000204120",0.0913024944404184,0.370514706944434,0.039,0.031,1
"ENSG00000120802",0.0913174743107314,-0.235693961946473,0.018,0.013,1
"ENSG00000103671",0.0914191085993319,0.94501516640768,0.018,0.012,1
"ENSG00000145736",0.0916252846474974,-1.20845282542754,0.024,0.031,1
"ENSG00000151694",0.0919011621128909,-0.128962231766862,0.023,0.017,1
"ENSG00000149269",0.0923176015445214,0.124421116941992,0.035,0.027,1
"ENSG00000236992",0.0923467428531272,-0.451801090259415,0.1,0.111,1
"ENSG00000153208",0.092516783822973,-0.151685062171838,0.046,0.037,1
"ENSG00000116161",0.0926583169473185,0.131170617195695,0.032,0.025,1
"ENSG00000060749",0.0928301355515294,-1.19179168920489,0.013,0.019,1
"ENSG00000126945",0.0931629670130552,-0.659522281307981,0.098,0.111,1
"ENSG00000236060",0.0932871069077003,-1.30401158589624,0.059,0.068,1
"ENSG00000163728",0.0934884227354732,-0.556317874832662,0.058,0.068,1
"ENSG00000277147",0.0938522533759144,-1.28506236193546,0.011,0.016,1
"ENSG00000178567",0.0939004015539699,0.121398589615306,0.04,0.031,1
"ENSG00000243517",0.0942950332558938,-0.512523676715176,0.078,0.089,1
"ENSG00000166822",0.0948345497764711,-0.288647707703428,0.021,0.015,1
"ENSG00000164938",0.0955038405328213,-0.188143099020092,0.022,0.016,1
"ENSG00000198399",0.0955379526083373,-0.296373118810786,0.102,0.115,1
"ENSG00000213261",0.0955516420342935,-0.455110075440357,0.08,0.067,1
"ENSG00000175899",0.0965365529596108,-0.284728675096717,0.308,0.275,1
"ENSG00000149782",0.0969816428658482,0.597949004806476,0.016,0.011,1
"ENSG00000133226",0.0976506765974495,-0.193651554205228,0.228,0.204,1
"ENSG00000116984",0.0980985642394402,-0.257594864355398,0.017,0.011,1
"ENSG00000281087",0.0990667767953678,0.345643221328072,0.036,0.028,1
"ENSG00000227409",0.0995945928879598,-0.230529208816883,0.008,0.012,1
"ENSG00000158517",0.101818683888754,0.282043394637711,0.02,0.014,1
"ENSG00000156482",0.101882972344334,-0.450588899480259,0.057,0.046,1
"ENSG00000132842",0.102031834248949,0.516126323042989,0.013,0.008,1
"ENSG00000062194",0.103041807659243,-0.801624233975084,0.061,0.07,1
"ENSG00000064393",0.103524688347434,0.641211591310258,0.01,0.006,1
"ENSG00000117054",0.103680282418924,0.258256630443275,0.01,0.006,1
"ENSG00000166923",0.103891874543903,0.46730841267816,0.467,0.497,1
"ENSG00000253738",0.104423022376598,0.398350271658916,0.012,0.008,1
"ENSG00000225733",0.104524699272612,-0.738054553839823,0.042,0.05,1
"ENSG00000114861",0.104691615211379,-0.634647488206678,0.099,0.111,1
"ENSG00000261557",0.104729468059782,-0.882434058811591,0.015,0.02,1
"ENSG00000232083",0.104743767889421,0.270923042279435,0.01,0.006,1
"ENSG00000118873",0.104778730408909,-0.379173290172017,0.01,0.006,1
"ENSG00000215482",0.106063061194038,-0.910257422191331,0.033,0.04,1
"ENSG00000182247",0.106424773806238,-0.151934656312998,0.029,0.022,1
"ENSG00000198961",0.106494188186366,0.287331465282637,0.099,0.087,1
"ENSG00000012983",0.106700546958817,-1.4051863395998,0.012,0.017,1
"ENSG00000122965",0.10731820901654,0.271649946808977,0.027,0.021,1
"ENSG00000141968",0.107607150343157,-0.746227970745981,0.018,0.013,1
"ENSG00000074054",0.107621279876298,-1.28580155374219,0.012,0.017,1
"ENSG00000149187",0.108054297971923,-0.761468386526051,0.029,0.037,1
"ENSG00000185684",0.108245501739357,-0.376724308017343,0.012,0.017,1
"ENSG00000082212",0.108263941273012,-0.765282570581202,0.065,0.054,1
"ENSG00000126777",0.108291629676861,-0.111179483204674,0.229,0.206,1
"ENSG00000215302",0.108387699703478,-0.582600035205844,0.032,0.039,1
"ENSG00000132669",0.10906592249143,-0.327777499623722,0.419,0.366,1
"ENSG00000138398",0.109235251148494,-0.586655057707474,0.088,0.099,1
"ENSG00000213979",0.110350641127824,-0.530239264363014,0.01,0.014,1
"ENSG00000235045",0.110587581362228,0.26788533164105,0.024,0.018,1
"ENSG00000140612",0.110639028608837,0.448183231906004,0.017,0.012,1
"ENSG00000162402",0.110725298482866,-0.521203654660081,0.026,0.033,1
"ENSG00000267541",0.110979567996807,-0.503168573344651,0.264,0.265,1
"ENSG00000138433",0.111113521773933,-0.362271230261598,0.018,0.012,1
"ENSG00000138592",0.111594656825441,0.584032689516552,0.067,0.057,1
"ENSG00000113269",0.111865335749541,-0.26100955663754,0.105,0.091,1
"ENSG00000242747",0.112663606600858,0.15183457130712,0.03,0.023,1
"ENSG00000048707",0.113056653700626,-0.40286537863819,0.029,0.022,1
"ENSG00000232472",0.113064132531287,-0.212215341415326,0.085,0.073,1
"ENSG00000165219",0.113090745043182,-0.139865660478195,0.067,0.078,1
"ENSG00000257103",0.113254317442663,-0.290199660349741,0.072,0.061,1
"ENSG00000096968",0.11351461671981,-0.81515948269929,0.016,0.022,1
"ENSG00000104517",0.114053870453591,-0.984908931763903,0.023,0.029,1
"ENSG00000148400",0.114117163834559,-0.974896485730958,0.007,0.011,1
"ENSG00000163644",0.114819649327591,-0.297499662995532,0.024,0.018,1
"ENSG00000213923",0.116148309432817,-0.989831405397238,0.008,0.012,1
"ENSG00000109536",0.116318059422332,0.374926650776044,0.028,0.021,1
"ENSG00000112343",0.116723186808853,-0.371180499418487,0.15,0.131,1
"ENSG00000257093",0.116979041445259,-0.917713990187738,0.009,0.014,1
"ENSG00000106799",0.117020884531879,-0.599213028731958,0.202,0.21,1
"ENSG00000204130",0.117413886393582,-0.95296889906144,0.062,0.071,1
"ENSG00000066294",0.118960837867094,-0.646307183663176,0.079,0.089,1
"ENSG00000236058",0.119302012303028,-0.448089584458494,0.103,0.115,1
"ENSG00000122557",0.120117282597667,-0.149853679052122,0.023,0.017,1
"ENSG00000237550",0.120262891190881,-0.228317254556732,0.269,0.241,1
"ENSG00000183340",0.120435346289621,-0.852490435064265,0.024,0.031,1
"ENSG00000104824",0.120528914192284,-0.239522234839779,0.78,0.696,1
"ENSG00000143337",0.120776960731801,0.172418903463212,0.014,0.009,1
"ENSG00000188820",0.120944190680535,0.854190248985433,0.013,0.008,1
"ENSG00000204977",0.121479481633699,-0.648571360420463,0.076,0.086,1
"ENSG00000130177",0.121563051973374,-0.194003332791768,0.013,0.008,1
"ENSG00000075292",0.12166999171621,-0.569931795031496,0.087,0.098,1
"ENSG00000138600",0.121693584911409,0.345153438492349,0.034,0.027,1
"ENSG00000143443",0.121939176836635,0.542369988868041,0.021,0.016,1
"ENSG00000198586",0.122486502642625,-0.393744729883358,0.117,0.102,1
"ENSG00000256045",0.122694504888235,1.47737391974686,0.011,0.007,1
"ENSG00000228071",0.123032484152507,0.732546207807684,0.011,0.007,1
"ENSG00000180957",0.123215434553029,0.148493064217732,0.013,0.008,1
"ENSG00000141380",0.123452968628368,-0.341473823387572,0.025,0.019,1
"ENSG00000160991",0.123462154252132,1.3310844774962,0.01,0.006,1
"ENSG00000137876",0.123482967518141,1.08618316242238,0.011,0.007,1
"ENSG00000196505",0.123722733792577,1.26397028163767,0.01,0.006,1
"ENSG00000134987",0.123836249456326,0.117314022726568,0.011,0.007,1
"ENSG00000145241",0.124168084950461,-0.379750437453743,0.018,0.013,1
"ENSG00000102738",0.12451078773417,-0.831354677385642,0.008,0.012,1
"ENSG00000108587",0.124519660667284,0.804024424876627,0.017,0.012,1
"ENSG00000133800",0.12457257137096,-0.608956318140657,0.062,0.052,1
"ENSG00000111011",0.125052919979554,-0.419738731002066,0.089,0.077,1
"ENSG00000100852",0.125157742496491,0.442807428840108,0.012,0.008,1
"ENSG00000158615",0.125223602541663,-0.139135349241332,0.01,0.006,1
"ENSG00000107201",0.125387902743018,-0.370030957348744,0.01,0.006,1
"ENSG00000177868",0.125540632545785,0.486525618116391,0.01,0.006,1
"ENSG00000196664",0.126117314496427,-0.339952586068838,0.052,0.043,1
"ENSG00000082068",0.126838892340208,-0.286226800922812,0.037,0.03,1
"ENSG00000235776",0.129201673430915,-0.204674568648884,0.105,0.091,1
"ENSG00000198730",0.129363314549334,-0.136342134349652,0.034,0.027,1
"ENSG00000174579",0.130176954768709,-0.368557384722842,0.068,0.078,1
"ENSG00000080608",0.130838317751746,-1.04829866958561,0.027,0.034,1
"ENSG00000189403",0.13086352209682,-0.293178927898959,0.291,0.261,1
"ENSG00000165801",0.131163795112406,-0.72288434230541,0.024,0.018,1
"ENSG00000214199",0.131225664985812,-0.328969710925127,0.165,0.177,1
"ENSG00000090376",0.131235659434405,-0.487377354526012,0.028,0.035,1
"ENSG00000169629",0.131837814201928,-0.428031657675069,0.075,0.064,1
"ENSG00000162819",0.133369947412741,-0.278085495624321,0.191,0.172,1
"ENSG00000171914",0.134349282560085,-0.587273714445956,0.05,0.058,1
"ENSG00000180573",0.134626665822865,-0.171439043511644,0.027,0.033,1
"ENSG00000138468",0.135198525466148,-0.183067666398932,0.063,0.072,1
"ENSG00000106261",0.135275454571714,-0.389756015328462,0.023,0.029,1
"ENSG00000240828",0.135650004893274,-0.54909829161433,0.009,0.013,1
"ENSG00000242970",0.137428763384605,0.260275798079927,0.038,0.031,1
"ENSG00000034677",0.137929489463048,-0.248744292182353,0.019,0.014,1
"ENSG00000183604",0.138987044523993,-0.547324849423111,0.04,0.048,1
"ENSG00000143970",0.139365160885488,0.387492538209609,0.018,0.013,1
"ENSG00000216480",0.139460652969932,0.126270726222115,0.045,0.037,1
"ENSG00000228861",0.139750792828479,0.406290821685379,0.014,0.009,1
"ENSG00000182179",0.141262373949425,-0.439098282902617,0.014,0.01,1
"ENSG00000111605",0.141944987105245,-0.758329940440371,0.164,0.172,1
"ENSG00000112739",0.142243188936237,-0.621669494244474,0.119,0.13,1
"ENSG00000182022",0.142739129336902,0.36176506356221,0.012,0.008,1
"ENSG00000116209",0.142812375667267,-0.148071726957043,0.072,0.062,1
"ENSG00000174444",0.142847047281836,-0.176544123657,0.207,0.187,1
"ENSG00000113649",0.142853398754533,-0.18870460802348,0.073,0.063,1
"ENSG00000189319",0.14402982240713,-1.20256072938297,0.008,0.012,1
"ENSG00000173209",0.144664818358224,0.615135597750126,0.03,0.024,1
"ENSG00000198771",0.144697156431813,-0.838673826813526,0.028,0.034,1
"ENSG00000101193",0.144841435792294,0.337825824874739,0.012,0.008,1
"ENSG00000163625",0.144864182557787,-0.529443118964029,0.046,0.038,1
"ENSG00000048471",0.145420619942005,-0.207089534711938,0.012,0.008,1
"ENSG00000104660",0.14665066649048,-0.621241960951164,0.022,0.016,1
"ENSG00000241739",0.146792626262128,0.456615359580064,0.011,0.008,1
"ENSG00000152601",0.147564933604853,-0.280132452860182,0.121,0.133,1
"ENSG00000236189",0.14783740189729,-0.507519187862931,0.027,0.033,1
"ENSG00000240674",0.148690416969912,-0.259989384977588,0.155,0.137,1
"ENSG00000090060",0.14926010897521,-0.73607938340669,0.099,0.108,1
"ENSG00000139921",0.149522176563751,-0.655435608464878,0.109,0.119,1
"ENSG00000164323",0.149746831170151,0.224036654648599,0.031,0.025,1
"ENSG00000110651",0.150025198878158,-0.568033649109564,0.181,0.191,1
"ENSG00000243859",0.150687830956868,-0.27392396542671,0.129,0.113,1
"ENSG00000085719",0.151008927519125,-0.245424342492751,0.01,0.007,1
"ENSG00000163867",0.151045840635912,-1.07957785535345,0.009,0.013,1
"ENSG00000103994",0.152196241945073,-0.584353490130067,0.097,0.107,1
"ENSG00000182484",0.152384609943757,-1.70565606931881,0.009,0.013,1
"ENSG00000241061",0.152427778585876,-0.533383248262437,0.029,0.036,1
"ENSG00000085224",0.152471212592426,-0.459020114057132,0.156,0.167,1
"ENSG00000124177",0.153619828755194,-1.15339227058742,0.01,0.014,1
"ENSG00000157450",0.15419343381182,-0.272405360147109,0.022,0.017,1
"ENSG00000272888",0.15429537691328,-0.293413341516081,0.104,0.091,1
"ENSG00000239344",0.154444102287529,-0.48429796159404,0.041,0.034,1
"ENSG00000078747",0.154466092665745,-0.685229478851936,0.062,0.071,1
"ENSG00000103653",0.155420186798855,-0.32126857097417,0.007,0.011,1
"ENSG00000118412",0.155488162311711,-1.22889487719643,0.007,0.011,1
"ENSG00000176853",0.155515255523374,-0.277558220948794,0.007,0.011,1
"ENSG00000233750",0.155630030476835,1.04157786030122,0.014,0.01,1
"ENSG00000213316",0.156497252365121,-0.219060194693291,0.008,0.012,1
"ENSG00000177663",0.156839291795303,-0.525885488679099,0.112,0.122,1
"ENSG00000181381",0.157171210118357,0.37215058590085,0.021,0.016,1
"ENSG00000137845",0.158551032508667,-0.644227994670777,0.155,0.164,1
"ENSG00000139675",0.158718522760668,-0.842506346491642,0.025,0.031,1
"ENSG00000271254",0.158969244965447,0.459418791415527,0.02,0.015,1
"ENSG00000010404",0.159737832500046,-0.329627443911501,0.021,0.016,1
"ENSG00000108061",0.159798962897555,-0.198887915589026,0.057,0.048,1
"ENSG00000237307",0.160025133080116,0.143923954964279,0.018,0.013,1
"ENSG00000230837",0.160068233993778,-0.199501224583016,0.047,0.055,1
"ENSG00000129675",0.16204511574158,-0.714910078218456,0.02,0.026,1
"ENSG00000119878",0.162225635662945,-0.371294945386091,0.033,0.027,1
"ENSG00000188846",0.162272057909621,-0.245743749951515,0.238,0.217,1
"ENSG00000043093",0.162781755937712,-0.367240141396567,0.126,0.111,1
"ENSG00000185088",0.163182521010031,-0.147084799907628,0.074,0.064,1
"ENSG00000154144",0.163867557979179,-1.57575392361538,0.008,0.011,1
"ENSG00000259471",0.164839294761918,0.84474498539539,0.016,0.012,1
"ENSG00000114942",0.166251552717666,-0.274736847420091,0.123,0.11,1
"ENSG00000139679",0.166357089868685,-0.151705109384987,0.259,0.269,1
"ENSG00000253506",0.16871828882316,-0.738170968279045,0.07,0.078,1
"ENSG00000205531",0.169393845360501,-0.932374573291766,0.029,0.036,1
"ENSG00000216412",0.169400884422405,-0.302660396311231,0.022,0.028,1
"ENSG00000130305",0.169591684091663,-0.164305473869789,0.016,0.012,1
"ENSG00000126746",0.170433102673853,-0.786089604186732,0.011,0.015,1
"ENSG00000120254",0.17074809712218,-0.364820008759414,0.03,0.024,1
"ENSG00000232341",0.172421148080767,-0.487408552047002,0.078,0.086,1
"ENSG00000104067",0.172589803953685,0.742928317559171,0.016,0.011,1
"ENSG00000277443",0.172712930917097,-0.161799395304365,0.667,0.638,1
"ENSG00000166974",0.174551718845019,-0.233402150438482,0.089,0.078,1
"ENSG00000198189",0.175229028843274,-0.416940563849913,0.02,0.015,1
"ENSG00000130779",0.175269528126085,0.439737851253811,0.033,0.027,1
"ENSG00000196776",0.175929731811558,-0.287606050588942,0.084,0.074,1
"ENSG00000137710",0.176115728545661,0.139917539132998,0.038,0.031,1
"ENSG00000249437",0.176209370378923,0.142600496294531,0.112,0.101,1
"ENSG00000213228",0.176479958560201,-0.212178731944563,0.046,0.053,1
"ENSG00000236824",0.176929669600146,0.837269864833244,0.01,0.007,1
"ENSG00000154608",0.177233965189393,-1.33530872845214,0.02,0.025,1
"ENSG00000080345",0.178188639618612,-0.331191138278336,0.06,0.068,1
"ENSG00000198561",0.178881047697997,-0.293498436186443,0.04,0.047,1
"ENSG00000169871",0.179972505034605,-0.853450575628898,0.017,0.022,1
"ENSG00000137161",0.180158871550026,-0.465398272086735,0.091,0.101,1
"ENSG00000128191",0.181022360526626,0.269559963333305,0.01,0.007,1
"ENSG00000107521",0.181681496043117,-0.233632447356664,0.01,0.006,1
"ENSG00000143207",0.182055959241884,-0.536215145001094,0.012,0.016,1
"ENSG00000255836",0.18248438744098,-0.620836356337486,0.038,0.031,1
"ENSG00000087253",0.182729590316135,-0.480645836319039,0.154,0.164,1
"ENSG00000104093",0.182867726179361,-0.760612291462502,0.028,0.034,1
"ENSG00000104133",0.183205270639123,-0.424214254395509,0.04,0.033,1
"ENSG00000089022",0.183884767986209,-0.910048275330877,0.025,0.02,1
"ENSG00000168303",0.185786941842701,-0.247717574131054,0.018,0.013,1
"ENSG00000112335",0.185890377006677,-0.147721789792075,0.092,0.082,1
"ENSG00000111596",0.186234541074186,-0.571109986228777,0.084,0.092,1
"ENSG00000198502",0.187046940032154,-0.223400730564926,0.202,0.186,1
"ENSG00000178715",0.187291756258679,-0.124942147724564,0.023,0.018,1
"ENSG00000140262",0.187351759512631,-0.980541643479979,0.024,0.029,1
"ENSG00000272645",0.188185749353197,-0.498340266741015,0.052,0.059,1
"ENSG00000035928",0.189130165198581,1.0054450843256,0.013,0.009,1
"ENSG00000079246",0.189528616120101,-0.127064175257619,0.07,0.061,1
"ENSG00000168675",0.189638913830215,-0.274194845065343,0.02,0.015,1
"ENSG00000068650",0.189681847602822,-0.140617860423788,0.017,0.013,1
"ENSG00000214089",0.190515693736236,-0.434366075523053,0.035,0.041,1
"ENSG00000100836",0.190667645351726,-0.352701078810827,0.115,0.125,1
"ENSG00000095787",0.191486157786888,-0.431729324976097,0.067,0.058,1
"ENSG00000203880",0.191679284987815,-0.288497550865723,0.032,0.026,1
"ENSG00000188647",0.191735008328881,-1.49050676928946,0.007,0.011,1
"ENSG00000110077",0.19193510648809,-0.229088921149269,0.24,0.22,1
"ENSG00000047188",0.191946593671593,-0.857896732116539,0.034,0.04,1
"ENSG00000110092",0.191992586590232,-0.103472472502063,0.046,0.039,1
"ENSG00000103707",0.192566122977515,0.382812718543501,0.028,0.022,1
"ENSG00000261218",0.192792038326554,-0.772041675356133,0.007,0.011,1
"ENSG00000151461",0.193141707223334,-0.429400809855559,0.112,0.099,1
"ENSG00000155903",0.193947143641168,-0.609105600978607,0.012,0.009,1
"ENSG00000198898",0.194946877920711,-0.24055734080281,0.172,0.156,1
"ENSG00000104290",0.195092020167398,-0.441968416907914,0.007,0.011,1
"ENSG00000187109",0.196855320566263,-0.582851121019129,0.158,0.166,1
"ENSG00000148158",0.197258064278991,-0.657656095094476,0.01,0.014,1
"ENSG00000196628",0.198507756496077,-0.282413364666232,0.207,0.187,1
"ENSG00000175893",0.199219932375965,-0.335328873636328,0.025,0.031,1
"ENSG00000082269",0.199235489050293,-0.354742468251028,0.034,0.04,1
"ENSG00000088854",0.199589686287289,-0.239292112808815,0.012,0.008,1
"ENSG00000115020",0.200170555895852,-0.917805427731953,0.08,0.088,1
"ENSG00000152492",0.200530400064295,-0.738219027962016,0.035,0.042,1
"ENSG00000225912",0.200981291357815,-0.440353760845819,0.052,0.059,1
"ENSG00000198064",0.202246273534713,-0.17650993292479,0.133,0.144,1
"ENSG00000260528",0.202292676824553,0.116612291353764,0.087,0.078,1
"ENSG00000282961",0.203033909625539,-0.102582560862318,0.049,0.056,1
"ENSG00000178105",0.203974403990799,-0.158764613307144,0.018,0.014,1
"ENSG00000140632",0.204507960901081,0.668515407098869,0.018,0.014,1
"ENSG00000128928",0.204519840532673,-0.185881988236336,0.018,0.014,1
"ENSG00000126804",0.204974464866744,-0.901838611332413,0.008,0.011,1
"ENSG00000156508",0.2065685284984,-0.130523258593779,0.541,0.488,1
"ENSG00000009335",0.208280652408308,-0.944517250573046,0.007,0.01,1
"ENSG00000136560",0.208427560875319,1.06153913111869,0.01,0.007,1
"ENSG00000178950",0.209128214105371,0.14071451553801,0.014,0.01,1
"ENSG00000139726",0.209129519622201,-0.129724924898788,0.014,0.011,1
"ENSG00000137942",0.210115734546338,-1.25826627695278,0.012,0.016,1
"ENSG00000123106",0.211148316898454,-1.09795328416199,0.012,0.016,1
"ENSG00000086061",0.211590865599584,-0.429739606410025,0.082,0.073,1
"ENSG00000146247",0.212049982812847,-0.555849795949177,0.09,0.098,1
"ENSG00000090989",0.212084355678552,-0.895538103859306,0.016,0.021,1
"ENSG00000198763",0.212236855942667,-0.340039232039133,0.388,0.339,1
"ENSG00000055130",0.217687842940344,-0.333236649491864,0.017,0.013,1
"ENSG00000219932",0.218018736279308,-0.704173449312204,0.025,0.03,1
"ENSG00000100376",0.218440955435591,-0.220911206255285,0.019,0.014,1
"ENSG00000120948",0.219099637352587,0.193082578042644,0.019,0.014,1
"ENSG00000275834",0.220997049922257,-0.586498263419524,0.058,0.065,1
"ENSG00000275023",0.221088933439436,-0.782601684397743,0.025,0.03,1
"ENSG00000087274",0.22138081433921,-0.233276676874228,0.025,0.02,1
"ENSG00000187627",0.224086585799478,-0.480618553731563,0.058,0.05,1
"ENSG00000229344",0.224878088059814,-0.352478800859399,0.396,0.344,1
"ENSG00000129003",0.225300466079652,-0.33350406887444,0.187,0.195,1
"ENSG00000120616",0.227085013249329,0.549411100519741,0.019,0.015,1
"ENSG00000138814",0.227339299969691,-0.403901202233009,0.349,0.311,1
"ENSG00000172992",0.227695205746863,-0.480424461943566,0.097,0.086,1
"ENSG00000136149",0.227969029641068,-0.335499065298792,0.224,0.202,1
"ENSG00000136448",0.228793109387931,-0.24485804405313,0.035,0.029,1
"ENSG00000100591",0.230335053748843,-0.515639649937032,0.055,0.048,1
"ENSG00000225405",0.23267459273696,-0.478904702823821,0.039,0.045,1
"ENSG00000101439",0.232953728876232,-0.441706869166957,0.238,0.243,1
"ENSG00000109220",0.233743778200349,-0.212053285655985,0.034,0.028,1
"ENSG00000197093",0.235307083105241,-0.102722825802479,0.042,0.048,1
"ENSG00000081087",0.236248244506317,0.106128395389013,0.017,0.013,1
"ENSG00000129422",0.237313879250939,-0.495697752846135,0.018,0.022,1
"ENSG00000082153",0.239144363368836,-0.317609262412422,0.041,0.035,1
"ENSG00000148634",0.239283348233189,-0.665453639011422,0.058,0.065,1
"ENSG00000170144",0.239525017574057,-0.481527408736346,0.138,0.147,1
"ENSG00000138668",0.239841246522629,-0.255890872798147,0.069,0.061,1
"ENSG00000107890",0.240189141183035,-0.600628592254412,0.015,0.019,1
"ENSG00000113456",0.241095480465103,-0.664212557752851,0.011,0.008,1
"ENSG00000009954",0.242024977088244,-0.286604626057065,0.036,0.042,1
"ENSG00000274561",0.242233238866835,0.468000783088698,0.016,0.013,1
"ENSG00000243199",0.242312907783183,-0.308237383361072,0.092,0.082,1
"ENSG00000234498",0.242588628353172,-0.253934039557419,0.195,0.178,1
"ENSG00000235264",0.243183730281084,-0.302660396311231,0.019,0.015,1
"ENSG00000105483",0.243524092063159,-0.350172252500088,0.113,0.101,1
"ENSG00000071189",0.24361664409574,-0.641433510293169,0.067,0.074,1
"ENSG00000070501",0.243628254374425,-0.469310265720683,0.011,0.008,1
"ENSG00000185834",0.24517788874209,-0.141041155384909,0.184,0.167,1
"ENSG00000261371",0.245293905113903,-0.374217158050365,0.058,0.051,1
"ENSG00000054965",0.246322297726788,0.446491845700274,0.011,0.015,1
"ENSG00000164125",0.247998310616563,0.684057471199291,0.01,0.007,1
"ENSG00000077147",0.249857494625858,-0.221175520121077,0.056,0.049,1
"ENSG00000108651",0.250599381526349,-0.12909681780557,0.034,0.039,1
"ENSG00000167258",0.251340914941464,-1.30927127694186,0.007,0.01,1
"ENSG00000165280",0.252882636021617,-0.11159255154319,0.038,0.033,1
"ENSG00000179818",0.253659739159138,-0.230821435729687,0.018,0.014,1
"ENSG00000166295",0.253902869179549,-0.457112074334058,0.079,0.086,1
"ENSG00000241343",0.254030947789369,-0.141578761619503,0.049,0.042,1
"ENSG00000173889",0.255117875594153,-0.317077169080105,0.045,0.052,1
"ENSG00000180370",0.255945051756531,0.36046594271508,0.063,0.056,1
"ENSG00000087266",0.256191475104626,-0.730191083911947,0.026,0.022,1
"ENSG00000164022",0.256374836469613,1.14921387114798,0.015,0.011,1
"ENSG00000054267",0.257055588671928,-0.537485267334272,0.07,0.078,1
"ENSG00000198408",0.257316658812701,-0.208499400285612,0.053,0.046,1
"ENSG00000172890",0.259008246672295,0.388906483152146,0.015,0.011,1
"ENSG00000200075",0.259026078347013,-0.538859528370298,0.085,0.092,1
"ENSG00000175886",0.260046711675654,0.481490028219093,0.012,0.009,1
"ENSG00000100393",0.260165575917185,-0.954366458324752,0.045,0.05,1
"ENSG00000135090",0.260223730878179,-0.3578496263531,0.071,0.063,1
"ENSG00000132967",0.261406532273666,-0.318552024776441,0.231,0.208,1
"ENSG00000147202",0.262179443977656,-0.108431355254186,0.068,0.06,1
"ENSG00000073331",0.262363681048121,0.615377944816955,0.021,0.017,1
"ENSG00000146826",0.262680022367405,-0.206076165092344,0.009,0.012,1
"ENSG00000171867",0.263703603959324,-0.353503542004347,0.029,0.025,1
"ENSG00000164985",0.264770468552539,-0.420945470607218,0.082,0.089,1
"ENSG00000110330",0.265690602925589,-0.325497189232737,0.027,0.022,1
"ENSG00000151490",0.265909785641514,0.66765198314534,0.011,0.008,1
"ENSG00000099797",0.266183573336698,-0.772163504416045,0.024,0.019,1
"ENSG00000137770",0.266315186337505,-1.1742001831887,0.013,0.016,1
"ENSG00000168255",0.266583178761207,-0.405512021141572,0.146,0.153,1
"ENSG00000128604",0.266776032255743,-1.23776531196617,0.01,0.013,1
"ENSG00000165525",0.267165184034146,-0.125579972148449,0.071,0.063,1
"ENSG00000185896",0.268725030728966,-0.47316859882277,0.067,0.074,1
"ENSG00000129566",0.268756740735885,-1.31964679789031,0.01,0.013,1
"ENSG00000218739",0.268991931418359,0.140318157677321,0.047,0.053,1
"ENSG00000107771",0.269625140970168,-0.542091902841603,0.027,0.032,1
"ENSG00000173875",0.270080813421965,-0.988585262051705,0.018,0.022,1
"ENSG00000163902",0.270703069054671,-0.145109468151341,0.158,0.148,1
"ENSG00000175387",0.271357202966508,-0.719717063226727,0.035,0.04,1
"ENSG00000215548",0.274329879839763,-0.962205763794774,0.007,0.01,1
"ENSG00000171862",0.2759700034709,-0.480873187042035,0.195,0.2,1
"ENSG00000055609",0.276264740875932,-0.433429159812374,0.126,0.133,1
"ENSG00000198677",0.276296263359179,0.128178959090506,0.019,0.015,1
"ENSG00000260793",0.27670302250034,0.276166828301041,0.016,0.013,1
"ENSG00000167193",0.276802313652567,-0.902703741178183,0.011,0.014,1
"ENSG00000237676",0.27693790718315,-0.800160055782048,0.009,0.012,1
"ENSG00000241860",0.277378279515655,-0.100325154475755,0.083,0.074,1
"ENSG00000174720",0.277728515698203,-0.255922614816647,0.056,0.062,1
"ENSG00000225918",0.277861796968615,0.250269371061091,0.026,0.022,1
"ENSG00000100888",0.277924582088877,0.28837661881961,0.016,0.013,1
"ENSG00000164163",0.278911438963459,-0.121066153431284,0.019,0.015,1
"ENSG00000144802",0.279000420719239,0.29229342905238,0.038,0.033,1
"ENSG00000136485",0.280893674072302,-1.25188906647523,0.012,0.015,1
"ENSG00000223960",0.28119129201607,-0.171196558473631,0.013,0.01,1
"ENSG00000144426",0.282027473463978,-0.15555460863349,0.01,0.008,1
"ENSG00000168010",0.282680445719977,0.765943417687792,0.01,0.007,1
"ENSG00000142599",0.283114920321624,-0.466824288584788,0.018,0.022,1
"ENSG00000198034",0.283180400479847,-0.11899954161647,0.155,0.144,1
"ENSG00000257267",0.28412925379107,-0.585077588719897,0.01,0.013,1
"ENSG00000139613",0.284183804340684,-0.567368207038047,0.014,0.017,1
"ENSG00000174123",0.284192168209403,-0.659722966867976,0.019,0.022,1
"ENSG00000116095",0.285501191938197,0.273201053415311,0.024,0.02,1
"ENSG00000108306",0.287243885517316,-0.178395591571364,0.01,0.007,1
"ENSG00000031003",0.288380272778717,-0.463964507062404,0.015,0.019,1
"ENSG00000078140",0.288644853470285,-0.481522949822224,0.018,0.014,1
"ENSG00000122299",0.289067837219611,-0.331375420002637,0.037,0.031,1
"ENSG00000226972",0.289840509673321,-0.181589162418072,0.008,0.011,1
"ENSG00000163106",0.290550636020439,-0.750745024852833,0.013,0.01,1
"ENSG00000138029",0.291716445799014,-0.22417355529462,0.024,0.019,1
"ENSG00000145687",0.291897863854921,-1.19241368906902,0.013,0.017,1
"ENSG00000112697",0.291905603328422,-0.208206288152434,0.028,0.023,1
"ENSG00000187555",0.292837502451916,-0.693865392561106,0.038,0.032,1
"ENSG00000074695",0.295389812804258,-0.448455111819315,0.094,0.101,1
"ENSG00000234589",0.295840665094514,-0.238530058891516,0.06,0.053,1
"ENSG00000276141",0.298135334167577,0.17186178800093,0.014,0.017,1
"ENSG00000156273",0.298412010476055,-0.242668371382877,0.062,0.055,1
"ENSG00000150991",0.29901067487602,-0.242440552357585,0.265,0.249,1
"ENSG00000250687",0.299092542084001,-0.483232641953052,0.071,0.078,1
"ENSG00000213757",0.299438736967545,-0.143094008789712,0.15,0.139,1
"ENSG00000183530",0.300285471652697,-0.839900316134285,0.011,0.014,1
"ENSG00000182670",0.302108453558919,-0.200483192372565,0.114,0.122,1
"ENSG00000131558",0.302239954782936,-0.163502553805198,0.014,0.011,1
"ENSG00000073849",0.302250643043635,-0.117826123815251,0.158,0.147,1
"ENSG00000110315",0.302348034926469,-0.244875944217106,0.015,0.011,1
"ENSG00000166441",0.3025672180765,-0.255194866424104,0.259,0.238,1
"ENSG00000068878",0.30331969842739,-0.55727222306003,0.036,0.031,1
"ENSG00000100299",0.303358507036944,0.479176162380846,0.012,0.016,1
"ENSG00000107290",0.305059549539001,-0.272250003572626,0.114,0.122,1
"ENSG00000115760",0.305424951169038,-0.213209423561485,0.1,0.091,1
"ENSG00000125304",0.305517679923757,-0.420623733665521,0.059,0.065,1
"ENSG00000196233",0.305623011167,-0.435713331777342,0.15,0.137,1
"ENSG00000205871",0.305955622479851,-0.125270825310299,0.207,0.192,1
"ENSG00000168439",0.306551985196665,-1.09070123382516,0.037,0.042,1
"ENSG00000236976",0.309546550090378,-0.317077169080106,0.008,0.01,1
"ENSG00000111670",0.309620808773609,-1.22342779504115,0.018,0.022,1
"ENSG00000213064",0.310062114596607,-0.11391421922371,0.049,0.043,1
"ENSG00000065413",0.311386578085965,-0.261700828336355,0.167,0.153,1
"ENSG00000205730",0.311821588419975,-0.696588426274329,0.034,0.039,1
"ENSG00000003756",0.313533980699404,-0.263068049693939,0.102,0.093,1
"ENSG00000113580",0.31473183345355,-1.13644344364648,0.016,0.02,1
"ENSG00000091039",0.315524680848139,-0.294486464865531,0.023,0.027,1
"ENSG00000141562",0.316101872693685,0.962094754712709,0.011,0.008,1
"ENSG00000204652",0.316443677031421,-0.41768393294016,0.059,0.053,1
"ENSG00000137478",0.317769648569637,-0.285473823507783,0.051,0.045,1
"ENSG00000145431",0.320280242366988,0.122709038447499,0.01,0.013,1
"ENSG00000071246",0.320324372416742,0.173367732856761,0.025,0.021,1
"ENSG00000241612",0.321460184726209,-0.403876244484418,0.153,0.139,1
"ENSG00000123700",0.323361091651051,-0.528455302231483,0.205,0.206,1
"ENSG00000054611",0.324151337554393,-0.592760348921073,0.038,0.033,1
"ENSG00000069493",0.324156558267943,-0.387774570192802,0.056,0.05,1
"ENSG00000214182",0.325037314337534,-0.185204965078539,0.425,0.389,1
"ENSG00000166037",0.325602731438576,-0.171271871432559,0.01,0.008,1
"ENSG00000100813",0.326349705440268,-0.478514359953717,0.07,0.063,1
"ENSG00000115091",0.326759183099203,-0.210847340567927,0.067,0.061,1
"ENSG00000103769",0.326837828453817,-0.45418239667671,0.015,0.012,1
"ENSG00000075884",0.32721924502463,-0.774066801441129,0.022,0.026,1
"ENSG00000197183",0.327367004667672,-1.08009334627023,0.017,0.02,1
"ENSG00000162783",0.32795555159832,-0.29985160190075,0.032,0.028,1
"ENSG00000023902",0.328922089656703,-0.127337090943088,0.043,0.038,1
"ENSG00000143507",0.329509892743375,-0.90301203287702,0.026,0.03,1
"ENSG00000234118",0.329746076054369,-1.10347247250206,0.012,0.015,1
"ENSG00000166928",0.330546316724391,-0.869939493560415,0.007,0.01,1
"ENSG00000254012",0.330953360511767,-0.120040322020552,0.021,0.017,1
"ENSG00000101109",0.333416454746668,-0.110715659927073,0.113,0.104,1
"ENSG00000229638",0.333606700725667,-0.295012282118514,0.149,0.137,1
"ENSG00000169967",0.333647575749749,-0.828696322470447,0.082,0.088,1
"ENSG00000138035",0.335878167207317,-0.22066068182364,0.022,0.019,1
"ENSG00000272556",0.338239194747038,-0.661805133340605,0.021,0.025,1
"ENSG00000137776",0.33974186009776,-0.540252569959107,0.087,0.078,1
"ENSG00000136100",0.339844231825444,-0.416872466609434,0.02,0.017,1
"ENSG00000171608",0.34059379647908,-0.792775129026995,0.014,0.017,1
"ENSG00000152457",0.342711656933644,0.885242346060137,0.011,0.009,1
"ENSG00000104064",0.345966501198275,-1.08423278692641,0.016,0.019,1
"ENSG00000215105",0.34652605050263,-0.216169394128217,0.015,0.018,1
"ENSG00000115355",0.350488956167861,-0.158606570116226,0.166,0.172,1
"ENSG00000136250",0.353880201642259,-1.11653753770178,0.023,0.027,1
"ENSG00000244879",0.355282708480527,0.206049202447642,0.019,0.022,1
"ENSG00000110075",0.355346563249231,-0.75324706254148,0.081,0.073,1
"ENSG00000282608",0.356579835991535,-0.543087888361113,0.095,0.101,1
"ENSG00000002933",0.356603871240832,0.231491779298911,0.024,0.021,1
"ENSG00000113569",0.358982841976837,-1.02347639328257,0.01,0.012,1
"ENSG00000162869",0.359439572842193,-0.623875873233555,0.01,0.012,1
"ENSG00000182578",0.359652876223217,-0.315607206720047,0.363,0.331,1
"ENSG00000144357",0.360893107484692,-0.520301027306895,0.013,0.011,1
"ENSG00000242067",0.361172884012574,-0.407592837306899,0.065,0.069,1
"ENSG00000237170",0.362706917359603,-0.522626080253139,0.01,0.012,1
"ENSG00000005889",0.364063044169526,-0.75363071578722,0.125,0.129,1
"ENSG00000114127",0.367277235732558,-0.983764597642107,0.02,0.023,1
"ENSG00000039123",0.369546713548738,0.187867302551876,0.012,0.01,1
"ENSG00000113658",0.370031987688379,-0.486233568757151,0.014,0.017,1
"ENSG00000087460",0.371416858253787,-0.434490150167477,0.291,0.289,1
"ENSG00000143164",0.371525804112643,-0.881629544617655,0.035,0.03,1
"ENSG00000197943",0.37219730919947,0.251546408853721,0.018,0.015,1
"ENSG00000074706",0.372215294617007,-0.379524866886537,0.045,0.04,1
"ENSG00000146463",0.372701030010396,-0.690465721748898,0.017,0.02,1
"ENSG00000167766",0.373057749489553,-1.36354263845825,0.009,0.011,1
"ENSG00000120137",0.374212495895087,-0.412659094759505,0.009,0.011,1
"ENSG00000186088",0.37451177464358,0.178847021785976,0.028,0.025,1
"ENSG00000077232",0.374873589061224,-0.22950109309039,0.038,0.043,1
"ENSG00000197563",0.376000197843412,0.112927335438314,0.025,0.021,1
"ENSG00000282826",0.37721706000507,-0.11923978836038,0.01,0.008,1
"ENSG00000164327",0.378261157175476,-0.792105642768421,0.064,0.069,1
"ENSG00000198900",0.378845519668065,0.316968385306114,0.036,0.031,1
"ENSG00000115446",0.380416581604664,0.447086734701503,0.02,0.017,1
"ENSG00000196295",0.382238841193646,-0.896590360525108,0.029,0.033,1
"ENSG00000152291",0.382246291590092,-0.470494128435232,0.09,0.095,1
"ENSG00000153827",0.38290688394673,-0.737183554932591,0.034,0.038,1
"ENSG00000134444",0.383052268838332,-0.732344671554476,0.013,0.016,1
"ENSG00000196428",0.383081665385474,-0.346124756246001,0.167,0.154,1
"ENSG00000100815",0.384651220964917,-0.563914500861151,0.047,0.052,1
"ENSG00000214748",0.387153420519863,0.249643500138566,0.042,0.038,1
"ENSG00000136869",0.389357504223211,-0.479673935068592,0.016,0.019,1
"ENSG00000165457",0.390301788588057,0.339159032950342,0.043,0.039,1
"ENSG00000142166",0.39208191469941,-0.12131632821319,0.051,0.046,1
"ENSG00000082701",0.393008191832035,-0.463698742728044,0.014,0.017,1
"ENSG00000180172",0.393207894349667,-0.545895859575986,0.017,0.02,1
"ENSG00000113851",0.394106906172889,0.444266175388808,0.011,0.009,1
"ENSG00000103365",0.394431300225532,-0.576235927321309,0.047,0.052,1
"ENSG00000119638",0.394484051767477,0.560587287995843,0.011,0.009,1
"ENSG00000182944",0.395643672562238,-0.805695091502728,0.059,0.064,1
"ENSG00000213970",0.39582503530777,0.13895770207093,0.011,0.009,1
"ENSG00000120594",0.396046658147977,-0.448289874913811,0.303,0.282,1
"ENSG00000148908",0.3968146415096,-0.299939452420556,0.101,0.093,1
"ENSG00000119314",0.399036121445396,-0.590279903961951,0.022,0.025,1
"ENSG00000213614",0.400135886099534,-0.115833334958499,0.049,0.044,1
"ENSG00000241464",0.400855132129438,0.293661966574472,0.017,0.014,1
"ENSG00000119906",0.40088812816384,0.211550926744649,0.064,0.069,1
"ENSG00000138119",0.401576433170889,-0.844554175140501,0.023,0.026,1
"ENSG00000174839",0.402354462006823,-0.238530058891515,0.008,0.011,1
"ENSG00000138768",0.402607298919329,-0.219163248510338,0.024,0.02,1
"ENSG00000219274",0.40318336588434,-0.261982221844339,0.067,0.061,1
"ENSG00000152332",0.403774250356754,-0.419858078895535,0.013,0.015,1
"ENSG00000105568",0.40383699697161,-0.7949234074159,0.013,0.011,1
"ENSG00000177189",0.406853323082227,-0.651476098391009,0.031,0.035,1
"ENSG00000185404",0.407132477350735,0.339556732545122,0.011,0.008,1
"ENSG00000225338",0.409075733347801,-0.271273479466981,0.029,0.025,1
"ENSG00000159314",0.412212718765208,-0.775323173317662,0.025,0.029,1
"ENSG00000270228",0.413419488896768,-1.19991198968254,0.028,0.032,1
"ENSG00000142168",0.414196977119921,-0.794430695714665,0.025,0.028,1
"ENSG00000065243",0.417403451241704,-0.196079661383377,0.064,0.069,1
"ENSG00000237441",0.418080753583763,-0.450156441920694,0.015,0.018,1
"ENSG00000162946",0.418097696205074,-0.187342604032726,0.02,0.017,1
"ENSG00000197102",0.419508829549578,-0.927775295167535,0.034,0.038,1
"ENSG00000163444",0.420547050137546,-0.475320365474782,0.014,0.012,1
"ENSG00000234545",0.424337198749072,-0.13735215310362,0.127,0.119,1
"ENSG00000159346",0.42438285124769,-0.307049396984018,0.188,0.176,1
"ENSG00000168283",0.425481719878454,-0.62751657786007,0.01,0.008,1
"ENSG00000183666",0.428480426178488,-0.891936305874854,0.016,0.018,1
"ENSG00000134900",0.429275968389508,-0.403537044227261,0.146,0.134,1
"ENSG00000169413",0.430153086188007,-0.423236880639189,0.054,0.059,1
"ENSG00000275066",0.430282480534692,-0.693620606882132,0.025,0.028,1
"ENSG00000088888",0.430643556194137,-0.570917824176081,0.027,0.031,1
"ENSG00000166130",0.431057483998898,-0.789564940542849,0.014,0.011,1
"ENSG00000116497",0.433593187332857,-0.475123181706159,0.008,0.01,1
"ENSG00000267733",0.435010295213726,-0.337594186420618,0.016,0.013,1
"ENSG00000130338",0.43515938033558,-0.322686098825545,0.042,0.037,1
"ENSG00000186818",0.43544140543181,-0.527369333922735,0.07,0.075,1
"ENSG00000179820",0.436425560082773,-0.245785874894315,0.028,0.025,1
"ENSG00000224578",0.437316637538708,-0.348859012516432,0.029,0.025,1
"ENSG00000269888",0.437409051615042,-0.23969211698164,0.028,0.031,1
"ENSG00000163131",0.438158281175776,-0.425335846907869,0.145,0.149,1
"ENSG00000144401",0.441120365094734,-0.259591674419346,0.009,0.011,1
"ENSG00000213270",0.444142468983849,0.187867302551876,0.009,0.011,1
"ENSG00000213609",0.444259450297522,-0.455411000156885,0.069,0.073,1
"ENSG00000011405",0.44465202158162,-1.71507009972669,0.011,0.014,1
"ENSG00000047648",0.445807643917823,-0.498236636554659,0.031,0.035,1
"ENSG00000223877",0.446796147267698,0.200923455377323,0.037,0.033,1
"ENSG00000182487",0.448423778327098,0.466095851295549,0.015,0.012,1
"ENSG00000119844",0.453416685529882,-0.221740400927664,0.032,0.028,1
"ENSG00000139239",0.457042172833571,-0.328435098629328,0.199,0.186,1
"ENSG00000163510",0.461654750848259,-0.807767504886722,0.008,0.01,1
"ENSG00000224839",0.462866975218993,-0.248451116814145,0.088,0.092,1
"ENSG00000150995",0.462916675346295,0.180599302087837,0.01,0.008,1
"ENSG00000112624",0.464138400501718,-0.638649876592622,0.021,0.018,1
"ENSG00000150782",0.466067309110571,-0.178648026552547,0.086,0.081,1
"ENSG00000234031",0.467170939949543,-0.238530058891516,0.036,0.039,1
"ENSG00000173575",0.467239507980593,-0.580418237693434,0.056,0.051,1
"ENSG00000064652",0.469385168005877,-0.555047557945516,0.01,0.008,1
"ENSG00000156113",0.471627580840801,-0.47122212677265,0.02,0.018,1
"ENSG00000163823",0.472557053436222,-0.323032167905521,0.049,0.045,1
"ENSG00000089248",0.473283588844684,-0.316890343917533,0.019,0.022,1
"ENSG00000198252",0.475228904935945,-0.643434552094595,0.01,0.011,1
"ENSG00000158092",0.47581716713656,-0.549874142690242,0.01,0.012,1
"ENSG00000182054",0.47595454064556,-0.173485132075789,0.016,0.019,1
"ENSG00000198087",0.478306855156179,0.140570765193698,0.01,0.011,1
"ENSG00000005020",0.478420855365521,-0.350657030797023,0.142,0.147,1
"ENSG00000113441",0.479653963568688,-0.520483806575221,0.03,0.033,1
"ENSG00000101191",0.480803008507857,-0.287606050588942,0.01,0.008,1
"ENSG00000149084",0.480835449327438,-1.06319446161584,0.014,0.016,1
"ENSG00000105281",0.482670218724994,-1.17886040230649,0.013,0.015,1
"ENSG00000010244",0.48555594067531,-0.606704611564967,0.077,0.081,1
"ENSG00000128829",0.489987644244201,-1.26954133482695,0.019,0.016,1
"ENSG00000070367",0.490231813692863,-0.799922906929555,0.017,0.014,1
"ENSG00000228224",0.490301725216223,-0.248258583611757,0.063,0.058,1
"ENSG00000123505",0.490380047543546,-0.663872776874472,0.033,0.03,1
"ENSG00000166801",0.494774603620795,-0.137953691617721,0.026,0.023,1
"ENSG00000196705",0.497172377208535,-1.00310011445232,0.008,0.01,1
"ENSG00000242445",0.500878621482384,-0.153797010396749,0.021,0.018,1
"ENSG00000214760",0.501124593680862,-0.334351768931934,0.103,0.107,1
"ENSG00000213432",0.501767396882902,-0.555439818488157,0.039,0.042,1
"ENSG00000187742",0.502752686552277,0.419346974510824,0.012,0.011,1
"ENSG00000142676",0.50282867951045,-0.312595711407594,0.195,0.197,1
"ENSG00000143702",0.504336395688055,-0.450771640992919,0.084,0.078,1
"ENSG00000242951",0.50434513652508,0.39354232894339,0.012,0.011,1
"ENSG00000105851",0.506295026406684,0.186707113473759,0.016,0.014,1
"ENSG00000154229",0.507195365312026,-0.350757182211917,0.014,0.012,1
"ENSG00000204622",0.510699140577018,-0.979483755226609,0.01,0.012,1
"ENSG00000145833",0.510793778906313,-0.12437089646353,0.048,0.044,1
"ENSG00000242100",0.511252939713098,-0.420274523556809,0.079,0.083,1
"ENSG00000241494",0.513445147817953,-0.592990704673832,0.035,0.037,1
"ENSG00000004897",0.514829078178973,-0.332709603623361,0.016,0.014,1
"ENSG00000164031",0.514867436501618,-0.426531038169266,0.037,0.033,1
"ENSG00000234585",0.517741932078173,-0.187383632084896,0.031,0.028,1
"ENSG00000127914",0.518421380058986,-0.173799762068587,0.16,0.15,1
"ENSG00000113141",0.51897173419649,-0.53090371804932,0.051,0.055,1
"ENSG00000142347",0.521659793176049,-0.166628654791917,0.033,0.03,1
"ENSG00000236287",0.522837213271574,-0.243076587636328,0.012,0.01,1
"ENSG00000111275",0.524818883238574,0.124217201339702,0.032,0.029,1
"ENSG00000169203",0.525909675932947,-0.176774389292437,0.134,0.138,1
"ENSG00000065615",0.526646478207467,-0.518509971780907,0.01,0.008,1
"ENSG00000261997",0.528346970330123,-0.602769266189002,0.015,0.013,1
"ENSG00000134250",0.530046794670801,-1.05127443829462,0.012,0.01,1
"ENSG00000132155",0.530408940187157,-0.726261942113511,0.01,0.008,1
"ENSG00000227337",0.532181889670881,-0.411594767864395,0.02,0.022,1
"ENSG00000118260",0.535645408397336,0.29392777865093,0.028,0.025,1
"ENSG00000118007",0.535744778596981,-0.757973770177316,0.014,0.016,1
"ENSG00000248477",0.536028524712613,-0.956143000139643,0.017,0.019,1
"ENSG00000139370",0.53620858592366,-0.638187177730128,0.024,0.022,1
"ENSG00000173473",0.536595613252635,-1.41886800277657,0.009,0.011,1
"ENSG00000151657",0.537999596010467,-0.116851502303263,0.008,0.01,1
"ENSG00000129636",0.538223903466002,-0.230327079914151,0.013,0.011,1
"ENSG00000240919",0.538645108455159,0.367191001996438,0.015,0.013,1
"ENSG00000116560",0.540409795246632,-0.473721958024632,0.176,0.178,1
"ENSG00000115816",0.540729325187417,-0.352157793155418,0.018,0.016,1
"ENSG00000268027",0.541699192507363,-0.591487938397943,0.011,0.013,1
"ENSG00000122545",0.543910509631494,-0.47073309597913,0.087,0.081,1
"ENSG00000109323",0.546177130233055,-0.985082156224753,0.039,0.042,1
"ENSG00000120008",0.54758571912221,0.233448336860771,0.013,0.011,1
"ENSG00000023228",0.547875888572759,-0.273463849000902,0.018,0.02,1
"ENSG00000146278",0.548755162158149,-0.216327628889645,0.109,0.113,1
"ENSG00000079215",0.549760947896793,-0.285342228963557,0.424,0.393,1
"ENSG00000279175",0.550907296513379,1.02097739070696,0.011,0.009,1
"ENSG00000163349",0.551656812435002,0.167962928415957,0.015,0.017,1
"ENSG00000125249",0.556925195523273,-0.42785509133497,0.086,0.08,1
"ENSG00000125753",0.560896187763663,-0.474991508614254,0.014,0.012,1
"ENSG00000100345",0.560973908785546,-0.457024617311508,0.06,0.063,1
"ENSG00000196498",0.567017843839871,-0.661031570297467,0.019,0.017,1
"ENSG00000121892",0.569196124384403,-1.18133875104486,0.04,0.043,1
"ENSG00000274525",0.570127245770906,-0.46145528239112,0.027,0.029,1
"ENSG00000156531",0.57035037954541,-0.674629173698189,0.023,0.021,1
"ENSG00000134453",0.571955523604432,-0.501231980349072,0.032,0.029,1
"ENSG00000223705",0.572182397722637,-0.757770408998435,0.01,0.011,1
"ENSG00000232858",0.572208999398205,-0.138416320573411,0.132,0.124,1
"ENSG00000099290",0.575056268285771,-0.784952588604188,0.014,0.015,1
"ENSG00000095303",0.576893471266055,-0.581190724935139,0.03,0.032,1
"ENSG00000141429",0.576906026993984,-0.670481509008452,0.036,0.039,1
"ENSG00000153914",0.577551071044967,-0.320458804827512,0.061,0.057,1
"ENSG00000090686",0.578459665258854,-0.917485697594353,0.013,0.014,1
"ENSG00000172062",0.578817006858976,-0.19787588993293,0.01,0.009,1
"ENSG00000086758",0.580900372479669,-0.511493337918516,0.022,0.024,1
"ENSG00000135956",0.582512279450905,-0.239947145273075,0.01,0.009,1
"ENSG00000163635",0.58286129229244,-0.321284559526483,0.234,0.218,1
"ENSG00000039319",0.585328111376702,-0.46856191520288,0.031,0.028,1
"ENSG00000231940",0.588834596676344,-0.266544435061112,0.033,0.036,1
"ENSG00000105819",0.589985302407314,0.171719879975278,0.013,0.011,1
"ENSG00000243777",0.590774481420718,0.386771370965953,0.01,0.008,1
"ENSG00000273409",0.590839270192632,0.552050606041357,0.01,0.008,1
"ENSG00000115825",0.591084596995506,-0.465274027427339,0.075,0.078,1
"ENSG00000254206",0.591840239492869,-0.203960105863756,0.12,0.123,1
"ENSG00000244538",0.591989229337027,-0.292758538354545,0.136,0.128,1
"ENSG00000143437",0.592586309364738,-0.470732116117379,0.045,0.042,1
"ENSG00000156171",0.5939791158847,-0.224970107156763,0.073,0.069,1
"ENSG00000227028",0.595129795644157,-0.204345277013227,0.01,0.008,1
"ENSG00000134371",0.595530230967773,-0.191381096059914,0.019,0.017,1
"ENSG00000093072",0.596344107179769,0.515522910638051,0.011,0.01,1
"ENSG00000087502",0.596862568105494,-1.23542536328859,0.013,0.015,1
"ENSG00000059377",0.597200444872367,-0.329479457010754,0.068,0.064,1
"ENSG00000101290",0.597651853636856,-0.26933403157252,0.068,0.064,1
"ENSG00000124795",0.597832872711817,-0.335590550018062,0.098,0.093,1
"ENSG00000178927",0.598490221400597,-0.632936225398229,0.023,0.021,1
"ENSG00000141905",0.598627788311645,-0.214154768574661,0.071,0.067,1
"ENSG00000134313",0.599261321116944,-0.250256381032892,0.056,0.059,1
"ENSG00000167522",0.610376685050987,-0.433524260394577,0.095,0.089,1
"ENSG00000005844",0.614434356941074,-0.529857649484215,0.011,0.012,1
"ENSG00000013374",0.617749695111516,-1.36884078146608,0.025,0.027,1
"ENSG00000226084",0.618823122640781,-0.377015988774318,0.181,0.183,1
"ENSG00000156931",0.618999943347522,-0.663269311533641,0.014,0.012,1
"ENSG00000231767",0.619487773591219,-0.312545669374042,0.109,0.112,1
"ENSG00000092439",0.620231833676876,-0.626821782816059,0.03,0.032,1
"ENSG00000259020",0.623653517361714,-0.696002824490756,0.017,0.019,1
"ENSG00000198265",0.624249383888156,-0.362953636414734,0.07,0.073,1
"ENSG00000165416",0.62487625986302,-0.514164501504943,0.032,0.029,1
"ENSG00000048828",0.625016534265751,-0.324792448814472,0.067,0.07,1
"ENSG00000233864",0.626857017478285,-0.570832698607427,0.057,0.053,1
"ENSG00000137752",0.627079867084506,-0.312231192016284,0.092,0.096,1
"ENSG00000042980",0.627296547791099,-0.300290173223127,0.248,0.245,1
"ENSG00000170871",0.628255201061801,0.585371172045972,0.013,0.012,1
"ENSG00000135535",0.628861211943789,-0.26516745996875,0.089,0.085,1
"ENSG00000166479",0.629988612387408,-0.384114031442288,0.022,0.02,1
"ENSG00000218582",0.631353389943445,-0.356099655272692,0.022,0.023,1
"ENSG00000212664",0.635501323300001,-0.385567970227301,0.18,0.18,1
"ENSG00000162664",0.636261587783288,-0.298626387603428,0.015,0.017,1
"ENSG00000239323",0.637023874155113,-0.116633720577302,0.032,0.034,1
"ENSG00000172661",0.637722641495686,-1.34860998217173,0.012,0.014,1
"ENSG00000204256",0.638406107531986,-0.747205126860684,0.092,0.086,1
"ENSG00000158985",0.640743760137281,-0.587424302057994,0.145,0.145,1
"ENSG00000236312",0.645225932127778,-0.293121297984539,0.087,0.082,1
"ENSG00000213293",0.645314399859086,-1.0391177308136,0.03,0.032,1
"ENSG00000143033",0.645731619911966,-0.657070802313884,0.017,0.018,1
"ENSG00000066084",0.645755294166491,-0.900737010533626,0.017,0.018,1
"ENSG00000213700",0.64604710561266,-0.439476231873882,0.22,0.218,1
"ENSG00000138593",0.646279951612571,-0.135077132666979,0.01,0.009,1
"ENSG00000165671",0.646850459409034,-0.536682130436367,0.024,0.022,1
"ENSG00000122257",0.647360648210878,-0.23401573764137,0.048,0.051,1
"ENSG00000250321",0.648408164038871,-0.144114456999409,0.038,0.036,1
"ENSG00000210077",0.654622570550167,-0.381847424470343,0.011,0.01,1
"ENSG00000134698",0.655189408298508,0.558235752496992,0.019,0.018,1
"ENSG00000067182",0.655559143141995,-0.363724227204277,0.118,0.12,1
"ENSG00000173821",0.661540869900674,-0.373320895210754,0.144,0.136,1
"ENSG00000104756",0.66217946355296,0.803734260949484,0.011,0.01,1
"ENSG00000282508",0.666239055738762,-0.118593858440535,0.083,0.079,1
"ENSG00000167978",0.667199535375734,-0.113507864407141,0.176,0.179,1
"ENSG00000164808",0.667983070160175,-0.340868715723391,0.019,0.018,1
"ENSG00000100941",0.669554393415632,0.125241354458509,0.046,0.049,1
"ENSG00000101347",0.672888326648702,-0.15375914339129,0.088,0.084,1
"ENSG00000147526",0.673032229019271,-0.654218249448054,0.091,0.092,1
"ENSG00000096401",0.673089851582803,-1.18319249966637,0.013,0.014,1
"ENSG00000153029",0.673418589148556,-0.457037738625563,0.013,0.014,1
"ENSG00000241431",0.673452162880046,-0.189202346527948,0.039,0.041,1
"ENSG00000134283",0.676035580993853,-0.510321570350018,0.053,0.055,1
"ENSG00000127603",0.676627300820008,-0.24346992254965,0.141,0.143,1
"ENSG00000119688",0.678249649968649,-0.571153053748448,0.012,0.011,1
"ENSG00000119820",0.678653809842142,-0.963465798292599,0.037,0.039,1
"ENSG00000198887",0.679725104852857,-0.487979275226811,0.035,0.037,1
"ENSG00000053254",0.681493400159251,-0.291004627050807,0.086,0.083,1
"ENSG00000233029",0.681860004555911,-0.758978443434427,0.025,0.026,1
"ENSG00000139668",0.682475056342272,-0.318198231410887,0.012,0.011,1
"ENSG00000091317",0.682619030798051,-0.360286968874617,0.15,0.144,1
"ENSG00000279865",0.684477678584361,-0.248029319817399,0.263,0.245,1
"ENSG00000015479",0.685485741973807,-0.190724176880969,0.01,0.011,1
"ENSG00000240622",0.685880177877082,-0.135763087566486,0.017,0.019,1
"ENSG00000138760",0.686030064658931,-0.146651403709223,0.041,0.039,1
"ENSG00000112799",0.691261618677976,-0.152688353582881,0.07,0.067,1
"ENSG00000234745",0.692490837648656,-0.111547268868742,0.395,0.391,1
"ENSG00000138767",0.693462899887322,0.262974289163944,0.01,0.009,1
"ENSG00000150527",0.695378843908016,-0.753645678942291,0.028,0.03,1
"ENSG00000165181",0.695585182380594,0.117954612538154,0.021,0.022,1
"ENSG00000181090",0.6961408443494,0.407832986493784,0.01,0.011,1
"ENSG00000162434",0.696391095454246,-0.670329036264564,0.041,0.039,1
"ENSG00000117676",0.700426497595275,-0.202194597974501,0.037,0.035,1
"ENSG00000243824",0.700575633734832,-0.183642821186047,0.043,0.045,1
"ENSG00000108510",0.705740630017303,-0.673610680863168,0.043,0.044,1
"ENSG00000029363",0.70723979642457,-0.288277554237919,0.088,0.085,1
"ENSG00000249264",0.709723304430844,-0.281688475737622,0.199,0.188,1
"ENSG00000145439",0.711583992059792,-0.704783061634239,0.033,0.031,1
"ENSG00000116580",0.712999035810036,-1.10737736729397,0.02,0.021,1
"ENSG00000172466",0.713743515483373,-1.08791476621544,0.02,0.018,1
"ENSG00000263327",0.716058912434287,-0.186963874331949,0.018,0.017,1
"ENSG00000265018",0.719188602391866,0.419029933516056,0.012,0.011,1
"ENSG00000061987",0.720616745123061,-0.531197070234469,0.015,0.017,1
"ENSG00000164754",0.721551545190678,-0.418325458533475,0.035,0.033,1
"ENSG00000149480",0.722269932762086,-0.333290897836853,0.387,0.353,1
"ENSG00000028277",0.722753880939101,-0.20743940729391,0.135,0.131,1
"ENSG00000100364",0.724144923334986,-0.238530058891516,0.027,0.026,1
"ENSG00000126821",0.72462850527231,-0.279144471840746,0.011,0.01,1
"ENSG00000035862",0.725041239769805,-0.200565936943105,0.038,0.04,1
"ENSG00000240231",0.726007942878807,-0.376287899128442,0.158,0.156,1
"ENSG00000183091",0.72638884092167,0.312915827728883,0.012,0.013,1
"ENSG00000170571",0.727523890976162,0.522517296479148,0.016,0.015,1
"ENSG00000009307",0.729342614449267,-0.167428189547956,0.087,0.084,1
"ENSG00000164535",0.730145951930021,0.461391621205006,0.013,0.012,1
"ENSG00000196440",0.7310818763657,-0.115720564624993,0.009,0.01,1
"ENSG00000214954",0.732748596916181,-0.951996930546012,0.014,0.015,1
"ENSG00000029725",0.734122654914398,-0.227170196726968,0.032,0.031,1
"ENSG00000243716",0.737751105440991,-0.130757186948189,0.164,0.165,1
"ENSG00000105576",0.738141199843541,-0.696567336142968,0.053,0.054,1
"ENSG00000232383",0.739477113332251,-0.213341043363588,0.091,0.087,1
"ENSG00000168887",0.740361900326594,-0.304555562483121,0.186,0.177,1
"ENSG00000185619",0.741293773791694,-0.218323656047611,0.012,0.011,1
"ENSG00000114541",0.742185132111918,-0.4161530498267,0.05,0.048,1
"ENSG00000092531",0.744121873613482,-0.633043411041837,0.046,0.047,1
"ENSG00000015285",0.744492508891225,-0.516023345428892,0.017,0.018,1
"ENSG00000148730",0.746262801597562,-0.837971524750533,0.062,0.063,1
"ENSG00000182957",0.746518946690764,-0.361184355478511,0.124,0.119,1
"ENSG00000134996",0.748248802785451,-0.278467471052119,0.36,0.346,1
"ENSG00000165156",0.748558254018061,-0.169985837488771,0.015,0.014,1
"ENSG00000260032",0.751250375808028,-0.55171771516573,0.139,0.137,1
"ENSG00000242571",0.752000874168843,-0.479262542334315,0.122,0.12,1
"ENSG00000065882",0.752977099405965,-0.655447760494569,0.016,0.015,1
"ENSG00000159086",0.757558747075189,-0.352416831929622,0.034,0.032,1
"ENSG00000213625",0.758639093731499,-0.459731288908665,0.074,0.075,1
"ENSG00000165699",0.760978935661273,-0.757381002607306,0.025,0.023,1
"ENSG00000086730",0.761679778188311,-0.200767098160869,0.083,0.08,1
"ENSG00000006747",0.762160377213903,-0.485516460912133,0.361,0.337,1
"ENSG00000152223",0.763921762697115,-0.86225617687396,0.01,0.011,1
"ENSG00000196712",0.764922915659263,-0.124482432050215,0.111,0.113,1
"ENSG00000238003",0.766538839697454,-0.714157537884826,0.009,0.01,1
"ENSG00000107738",0.767950597401732,-0.29229023090112,0.115,0.117,1
"ENSG00000116747",0.768629607249555,-0.483935002125954,0.079,0.076,1
"ENSG00000125354",0.770634139379541,-0.163033700668326,0.021,0.022,1
"ENSG00000132274",0.770717751878966,-0.27664606686731,0.064,0.065,1
"ENSG00000185811",0.77098215700871,-0.241062699280414,0.05,0.048,1
"ENSG00000233057",0.771706393251442,-0.259591674419345,0.014,0.014,1
"ENSG00000119707",0.772352224825524,-0.129861059281426,0.209,0.202,1
"ENSG00000101265",0.774910064393844,-0.895521911904908,0.067,0.068,1
"ENSG00000090621",0.775020100414205,-0.268983174440046,0.078,0.075,1
"ENSG00000229994",0.778609536600045,-0.215340899990305,0.145,0.139,1
"ENSG00000121774",0.783620017300925,-0.162541978004326,0.024,0.023,1
"ENSG00000180616",0.787687271378492,-0.194636232578575,0.022,0.021,1
"ENSG00000240616",0.79089378321247,-0.736029718362333,0.012,0.011,1
"ENSG00000144909",0.793287819618849,-0.282162085994673,0.034,0.033,1
"ENSG00000213178",0.796862319499121,-0.388498072879055,0.063,0.064,1
"ENSG00000114062",0.797062684927921,-0.289315138657191,0.029,0.03,1
"ENSG00000122884",0.797106349221892,-0.405615728367284,0.143,0.136,1
"ENSG00000126883",0.800516128526548,-0.503696351718288,0.015,0.016,1
"ENSG00000103657",0.801559862071285,-0.504942378322774,0.02,0.021,1
"ENSG00000166068",0.801569891666198,-0.386247815932288,0.04,0.042,1
"ENSG00000131507",0.801582192851048,-0.506591281800142,0.027,0.026,1
"ENSG00000139842",0.80256484381108,-0.566376283046166,0.01,0.011,1
"ENSG00000130449",0.80401379318078,-0.124969407732706,0.036,0.037,1
"ENSG00000188234",0.804495049197524,-0.362920921128706,0.014,0.014,1
"ENSG00000280136",0.805072384797384,-0.152916140748569,0.067,0.064,1
"ENSG00000132300",0.806475634059326,-0.618666025922284,0.031,0.03,1
"ENSG00000198707",0.80663780698663,-0.99347034541906,0.014,0.014,1
"ENSG00000089327",0.807892745075757,-0.51752821261346,0.02,0.021,1
"ENSG00000242060",0.808399728978375,-0.164123370466623,0.166,0.165,1
"ENSG00000105323",0.808779156891696,-0.62751657786007,0.025,0.024,1
"ENSG00000068912",0.811397713509949,-0.230371535504352,0.014,0.015,1
"ENSG00000273136",0.81437711199024,-0.341607248927242,0.025,0.026,1
"ENSG00000188305",0.815225581061698,-0.696399796369408,0.031,0.03,1
"ENSG00000166946",0.816914508537309,-0.468679318997003,0.076,0.078,1
"ENSG00000073969",0.817569394286992,-0.61966271448026,0.012,0.011,1
"ENSG00000163946",0.81775500094172,-0.464836789141375,0.059,0.06,1
"ENSG00000248626",0.827010456431653,-0.372359604581295,0.035,0.036,1
"ENSG00000145246",0.828124352225251,-0.105263528028051,0.018,0.019,1
"ENSG00000066777",0.828929999616089,-0.194968809527117,0.018,0.018,1
"ENSG00000108055",0.829050762305006,-0.302408924279761,0.03,0.029,1
"ENSG00000225630",0.829577652461616,-0.31022017150447,0.255,0.243,1
"ENSG00000196275",0.830266419155995,-0.174363837552314,0.019,0.019,1
"ENSG00000060237",0.830367182738224,-0.301541222399482,0.091,0.092,1
"ENSG00000140968",0.830641886692283,-0.75372199970837,0.066,0.067,1
"ENSG00000146676",0.83216089296136,-0.646990492375909,0.02,0.021,1
"ENSG00000136051",0.833442526011204,-0.320715432435499,0.075,0.073,1
"ENSG00000047410",0.833739400171569,-0.638647383830089,0.065,0.066,1
"ENSG00000138443",0.836129134648118,-0.401944597830676,0.011,0.011,1
"ENSG00000185963",0.837240385990472,-0.627572349637415,0.034,0.035,1
"ENSG00000101096",0.837779448281717,-0.268751673704821,0.025,0.025,1
"ENSG00000158195",0.838430647160936,-0.471370842649207,0.104,0.104,1
"ENSG00000159958",0.83980197773736,-0.365943655591679,0.035,0.036,1
"ENSG00000160179",0.83984866622495,-0.179864481948611,0.016,0.015,1
"ENSG00000141510",0.840977419584567,-0.550580693988606,0.08,0.078,1
"ENSG00000169246",0.846314523700576,-0.175573391210161,0.132,0.129,1
"ENSG00000157500",0.848317087980073,-0.395384540683136,0.042,0.042,1
"ENSG00000157764",0.849936291739634,-0.616572072108416,0.013,0.014,1
"ENSG00000264538",0.850430164228993,-0.755214268695475,0.064,0.062,1
"ENSG00000241429",0.851236655792404,-0.348366488546936,0.188,0.185,1
"ENSG00000089177",0.854524843089802,0.15747636008687,0.013,0.014,1
"ENSG00000172795",0.854863254724227,-0.632613244147617,0.05,0.049,1
"ENSG00000017797",0.855032127554554,-0.17699196404937,0.013,0.013,1
"ENSG00000135823",0.856417515868824,0.148177824395459,0.023,0.023,1
"ENSG00000154305",0.860554760624673,-0.217732976006971,0.056,0.055,1
"ENSG00000075618",0.861504749641088,-0.131040556555378,0.028,0.028,1
"ENSG00000101972",0.862366843758757,-0.248342066705916,0.107,0.105,1
"ENSG00000105339",0.862417264954736,-0.110906983623799,0.132,0.129,1
"ENSG00000160219",0.862479439502157,-0.359540824291289,0.035,0.036,1
"ENSG00000197323",0.864743227511186,-0.314372960151727,0.02,0.021,1
"ENSG00000072135",0.869348618254875,-0.662545105498682,0.038,0.039,1
"ENSG00000124222",0.870568583541398,-0.325349401339557,0.033,0.033,1
"ENSG00000101901",0.871200564357953,-0.308501274900292,0.015,0.015,1
"ENSG00000152818",0.871327007980984,-0.325929601741053,0.04,0.041,1
"ENSG00000117523",0.8731484774333,-0.253391191936847,0.234,0.231,1
"ENSG00000061936",0.873380679633702,-0.828369407679297,0.011,0.012,1
"ENSG00000110367",0.876372333618393,-0.651365079884243,0.066,0.064,1
"ENSG00000096746",0.876738302397731,-0.632678698750913,0.03,0.031,1
"ENSG00000102786",0.877469688266056,-0.179203842465231,0.049,0.05,1
"ENSG00000121895",0.882751048162985,-0.507489091901796,0.026,0.025,1
"ENSG00000100811",0.883669779326525,-0.551455251852483,0.029,0.029,1
"ENSG00000155008",0.884970728036684,-0.120805184785937,0.022,0.021,1
"ENSG00000129071",0.885001532166896,-0.252128155234225,0.029,0.03,1
"ENSG00000168066",0.887011819883882,-0.544436914244467,0.034,0.033,1
"ENSG00000164342",0.891361473143293,-0.53274720943768,0.011,0.011,1
"ENSG00000014123",0.892458342272857,-0.549370935485667,0.016,0.016,1
"ENSG00000259781",0.892734862804709,-0.273297791576441,0.08,0.079,1
"ENSG00000138449",0.893675916978315,-0.409312022070275,0.015,0.015,1
"ENSG00000099337",0.895044360355686,-0.224564289419425,0.022,0.021,1
"ENSG00000213707",0.895743892822314,-0.424909121145276,0.053,0.052,1
"ENSG00000135837",0.899315388009048,-0.489903043478178,0.13,0.127,1
"ENSG00000117505",0.901997434645595,-0.224503717282574,0.152,0.151,1
"ENSG00000229807",0.903505055077702,-1.15379701039675,0.014,0.014,1
"ENSG00000120868",0.903867838510127,-1.084628570932,0.018,0.018,1
"ENSG00000186468",0.906985818508622,-0.280253438649249,0.175,0.176,1
"ENSG00000109606",0.907268663624496,-1.13847495704648,0.015,0.014,1
"ENSG00000105202",0.910390604867717,-0.315548080393361,0.011,0.011,1
"ENSG00000249936",0.910707850325211,-0.492790850712376,0.152,0.148,1
"ENSG00000137413",0.911195357594675,-0.775323173317662,0.011,0.011,1
"ENSG00000145907",0.912284913388166,-0.526409671815085,0.071,0.069,1
"ENSG00000243403",0.919870917804781,-0.893942202102664,0.014,0.014,1
"ENSG00000198393",0.921558683823565,-0.404302275298039,0.013,0.013,1
"ENSG00000105122",0.922085848078277,0.533813688954035,0.01,0.011,1
"ENSG00000101745",0.923055070976363,-0.106865625421637,0.132,0.131,1
"ENSG00000151923",0.923306957805976,-0.268286552805218,0.164,0.16,1
"ENSG00000186432",0.924143717097667,-0.623509741213786,0.04,0.04,1
"ENSG00000273716",0.924464857446865,-0.255858955543015,0.053,0.053,1
"ENSG00000160961",0.925497094314574,-0.501914198381369,0.02,0.019,1
"ENSG00000210082",0.926158556228705,0.184822022761331,0.983,0.947,1
"ENSG00000152926",0.926260576232403,-0.124856101439333,0.021,0.02,1
"ENSG00000159140",0.926859143806622,-0.259979294067145,0.467,0.434,1
"ENSG00000172493",0.927181121806645,-1.23152991365576,0.025,0.025,1
"ENSG00000109920",0.927850074390183,-0.19452821812557,0.053,0.053,1
"ENSG00000170248",0.928396047741208,-0.282311750919429,0.053,0.053,1
"ENSG00000279400",0.928479619877901,-0.366506878335857,0.01,0.011,1
"ENSG00000125450",0.929347799447168,-0.186528212229622,0.017,0.017,1
"ENSG00000005302",0.92956594403624,-0.14582279946177,0.018,0.018,1
"ENSG00000214837",0.930314055252095,-0.15715026969302,0.046,0.047,1
"ENSG00000175455",0.930549376812582,-0.182906939996468,0.015,0.015,1
"ENSG00000010017",0.931812044014847,-0.515261039505549,0.053,0.052,1
"ENSG00000123094",0.932543019083913,0.146359565847021,0.04,0.04,1
"ENSG00000174428",0.933385597920768,-0.446360186025072,0.012,0.011,1
"ENSG00000198492",0.933669968274424,-0.174073603233288,0.014,0.014,1
"ENSG00000231369",0.933708650272278,-0.404540010330445,0.01,0.009,1
"ENSG00000170802",0.935126570003326,-0.399060414120621,0.035,0.035,1
"ENSG00000220848",0.936994990454525,-0.411594767864396,0.033,0.032,1
"ENSG00000250182",0.937975284187803,-0.172728706375523,0.207,0.203,1
"ENSG00000223496",0.938469992259274,-0.340745543558236,0.138,0.136,1
"ENSG00000174600",0.939735875266297,-0.529550900910962,0.027,0.028,1
"ENSG00000134644",0.940006648464218,-0.453501719598319,0.027,0.027,1
"ENSG00000123200",0.941448163170223,-0.212716367097725,0.062,0.063,1
"ENSG00000134697",0.942072447807061,-0.198372932419533,0.01,0.01,1
"ENSG00000257511",0.94270947671527,-0.603546075636706,0.015,0.015,1
"ENSG00000156232",0.943525773751574,0.33319033076111,0.01,0.01,1
"ENSG00000105993",0.944349983789189,-0.644542686973859,0.096,0.094,1
"ENSG00000158711",0.946490629428423,-0.165898395706531,0.04,0.04,1
"ENSG00000174130",0.953362638782223,-0.483667848182923,0.016,0.016,1
"ENSG00000122565",0.953737517260812,-0.481383098021258,0.054,0.054,1
"ENSG00000170677",0.954050926460799,-0.420847439289149,0.062,0.062,1
"ENSG00000177733",0.955105710451427,-0.56298381786928,0.025,0.025,1
"ENSG00000147471",0.957441057401012,-0.620022843047719,0.013,0.013,1
"ENSG00000133961",0.958281812499685,-0.220997217913212,0.08,0.081,1
"ENSG00000068400",0.959275430291706,-0.569832983686579,0.013,0.013,1
"ENSG00000096060",0.960263127662766,-0.482956522691697,0.2,0.194,1
"ENSG00000153391",0.963129150310502,-0.452236752361741,0.023,0.023,1
"ENSG00000114030",0.963827898590428,-0.661593838832799,0.056,0.056,1
"ENSG00000072609",0.965711272194977,0.921648640250802,0.017,0.017,1
"ENSG00000139218",0.969135713479595,-0.384398430132668,0.181,0.177,1
"ENSG00000237875",0.969470346933895,-0.392041970442994,0.044,0.044,1
"ENSG00000187239",0.970920956086987,-0.242984929432168,0.025,0.025,1
"ENSG00000162601",0.971392991955117,-1.05478531050697,0.017,0.017,1
"ENSG00000073614",0.972505511750978,-0.609801039388986,0.051,0.051,1
"ENSG00000184156",0.973078543971505,-0.339257825717185,0.016,0.017,1
"ENSG00000188765",0.973276695008684,-0.106101131062678,0.123,0.122,1
"ENSG00000230199",0.976254780697012,-0.141636663275891,0.051,0.05,1
"ENSG00000254132",0.976914378741792,-0.140292746047001,0.051,0.051,1
"ENSG00000105438",0.977849009180241,-0.218949689921999,0.022,0.022,1
"ENSG00000257043",0.979564773715129,-0.312478787419245,0.078,0.077,1
"ENSG00000168522",0.980416925034323,-0.909094427335212,0.012,0.012,1
"ENSG00000148444",0.985635762009798,-0.101870812564159,0.014,0.014,1
"ENSG00000184574",0.985752935098173,-0.21006664318019,0.052,0.052,1
"ENSG00000083642",0.986000992645668,-0.416928212167436,0.095,0.094,1
"ENSG00000225067",0.986729876881799,-0.224826256258669,0.026,0.026,1
"ENSG00000136238",0.988351808057284,-0.275765997306538,0.239,0.233,1
"ENSG00000165338",0.988852239976738,-0.159646202529959,0.014,0.014,1
"ENSG00000163714",0.989129763812545,-0.458157295539901,0.088,0.087,1
"ENSG00000237094",0.989499964533106,-0.449755762857986,0.049,0.048,1
"ENSG00000168610",0.989627073784166,0.164780942988908,0.314,0.313,1
"ENSG00000129292",0.991474038517103,-0.267218273894045,0.053,0.052,1
"ENSG00000157303",0.991578845157434,-0.909975641884175,0.015,0.015,1
"ENSG00000185129",0.994072456106251,-0.11539694807045,0.017,0.017,1
"ENSG00000107551",0.994935143622529,-0.255934052646868,0.092,0.092,1
"ENSG00000100503",0.99650434052912,-0.114119716701572,0.016,0.016,1
"ENSG00000140455",0.998728464931499,0.290506562946283,0.014,0.014,1
